building_id,region_slug,lon,lat,height_m,surge_class,surge_ft,flood_active,exposure_score,exposure_category
5a0494e1-d89e-4b2c-96ac-244c692e5824,south-beach-miami,-80.140049,25.777235,12.1,0,0.0,False,0.0,none
f8922a78-241d-48bd-85d7-558142c45f62,south-beach-miami,-80.139941,25.777506,6.7,0,0.0,False,0.0,none
79b65db1-7e8f-4b34-9e67-108232321dbe,south-beach-miami,-80.139907,25.777798,13.5,0,0.0,False,0.0,none
cb661788-ade0-44ac-bd9f-715fadb9f45d,south-beach-miami,-80.139945,25.777656,6.7,0,0.0,False,0.0,none
1d9f5e5d-de37-4450-a09d-fe6c4eab0bde,south-beach-miami,-80.139963,25.777918,8.1,0,0.0,False,0.0,none
9d5c7b27-46ed-4101-9475-cd21c751d971,south-beach-miami,-80.139971,25.77807,8.0,1,0.5,False,0.015,low
84043ef9-390b-49eb-827c-c86164041430,south-beach-miami,-80.139933,25.777387,5.3,0,0.0,False,0.0,none
d909d73b-22d1-4b37-9958-debb9941f627,south-beach-miami,-80.139937,25.777087,5.3,1,0.5,False,0.015,low
da155a51-2966-42d5-91f6-898059fd0d54,south-beach-miami,-80.139835,25.776836,6.4,1,0.5,False,0.015,low
feac676f-c0fd-4649-b04b-0a27f77966d8,south-beach-miami,-80.139912,25.776271,5.9509358406066895,0,0.0,False,0.0,none
862f1f0b-461a-408f-bdd9-5d05a60e168b,south-beach-miami,-80.139906,25.776137,6.100696086883545,0,0.0,False,0.0,none
5b97a67a-9b24-4259-b12e-37713947a879,south-beach-miami,-80.139913,25.776415,8.639418601989746,1,0.5,False,0.015,low
c8748264-c20d-460c-a7f9-c824cdbd0037,south-beach-miami,-80.139924,25.776549,10.079666137695312,0,0.0,False,0.0,none
f62aa95d-1305-4719-8c91-6f8c07cd871f,south-beach-miami,-80.13983,25.776678,6.4,0,0.0,False,0.0,none
cc3b3e97-6ca5-42db-8782-549d726f98c8,south-beach-miami,-80.140053,25.776752,6.3,0,0.0,False,0.0,none
d75b18fb-a308-45a6-bbc7-eca87ca5b3b0,south-beach-miami,-80.139907,25.775937,11.1,0,0.0,False,0.0,none
19eab6f6-1c12-4ffc-a7ad-d924e1716b19,south-beach-miami,-80.14009,25.775119,15.16775131225586,2,1.5,False,0.045,low
baeb29f3-77bd-4f4a-be5a-6efe285718cb,south-beach-miami,-80.140441,25.772803,127.0,1,0.5,False,0.015,low
0e70cd3e-59d7-467c-b99d-b9875fd9feeb,south-beach-miami,-80.139716,25.774053,5.582578659057617,0,0.0,False,0.0,none
8286bafd-47d9-43eb-ac85-e3d26acac701,south-beach-miami,-80.139528,25.773011,3.4976656436920166,0,0.0,False,0.0,none
433adbc0-c0a0-46bc-8d54-4b7acbb13680,south-beach-miami,-80.139156,25.772949,6.478315830230713,0,0.0,False,0.0,none
c2b79a2d-217c-4ecb-8351-47422e6c061c,south-beach-miami,-80.138625,25.773895,21.1,2,1.5,False,0.045,low
6cda2682-be90-48b2-a0dc-b10a5844481e,south-beach-miami,-80.139195,25.773908,24.1,0,0.0,False,0.0,none
cfb59e79-bd64-4352-8020-9b35e04baefe,south-beach-miami,-80.13919,25.774973,7.8,3,2.5,False,0.075,low
28f2e46d-c3c7-4e3b-b3ec-a98a443cdd14,south-beach-miami,-80.138623,25.775322,6.8,0,0.0,False,0.0,none
517fed69-8752-4108-a425-3797d197c96c,south-beach-miami,-80.138673,25.775199,7.1,0,0.0,False,0.0,none
c046fea5-4825-44f1-a46c-1b622fe1c9cc,south-beach-miami,-80.138697,25.77506,8.1,0,0.0,False,0.0,none
2544e3be-0ba3-4c53-b4bd-f828aa8660f9,south-beach-miami,-80.138654,25.774808,11.6,0,0.0,False,0.0,none
6fab19c6-7423-4b77-b3e8-d21c413f7676,south-beach-miami,-80.138162,25.774811,1.5,2,1.5,False,0.045,low
1c949108-8ba6-4922-bc09-1eab181f5e65,south-beach-miami,-80.138,25.774807,7.8,1,0.5,False,0.015,low
935766f5-4c12-4fa7-96e2-c64f2ae318f2,south-beach-miami,-80.138068,25.775354,9.0,1,0.5,False,0.015,low
694acdec-f9d7-4b73-a6a1-6dee971af6f8,south-beach-miami,-80.138003,25.775158,8.7,2,1.5,False,0.045,low
f1000284-5209-4997-9c68-7b13152669d1,south-beach-miami,-80.137814,25.773882,3.32485032081604,1,0.5,False,0.015,low
5a68c3ce-d51f-4139-a2e9-a35a0a02247e,south-beach-miami,-80.137792,25.773712,7.6,1,0.5,False,0.015,low
ded7f49c-8d61-4271-b5b5-ec97e23608e0,south-beach-miami,-80.137907,25.773725,5.0,2,1.5,False,0.045,low
8e629eee-cffe-4167-acb0-20db20b8cd7d,south-beach-miami,-80.138111,25.773699,7.8,2,1.5,False,0.045,low
5db01f68-ab76-47e5-91b6-fa1da23488ae,south-beach-miami,-80.138093,25.773823,,2,1.5,False,0.045,low
d825443e-870b-43a3-a0d3-70145bd86f58,south-beach-miami,-80.137937,25.773849,5.20866584777832,2,1.5,False,0.045,low
13011911-9d3d-4854-aaa6-9ddd7c6f9f09,south-beach-miami,-80.13849,25.773216,2.1854774951934814,0,0.0,False,0.0,none
feceab82-7c36-4356-86f4-15b63e8c78cd,south-beach-miami,-80.137915,25.773238,6.5,2,1.5,False,0.045,low
ae84d6a9-a97b-4fd7-9c2b-8ec3dfb7b48c,south-beach-miami,-80.137584,25.77276,6.7,0,0.0,False,0.0,none
cc7f3333-d3de-48c0-930b-152948571dbc,south-beach-miami,-80.137565,25.772895,4.3,0,0.0,False,0.0,none
4de67b2d-3ada-4cf0-ac03-3e4dbd133205,south-beach-miami,-80.137381,25.772768,7.2,0,0.0,False,0.0,none
0d59ff20-ad07-40fb-87fc-2565ab076dec,south-beach-miami,-80.137327,25.772892,4.5,0,0.0,False,0.0,none
36215251-0648-4867-b064-94d4ce9c0883,south-beach-miami,-80.13743,25.773032,7.624034404754639,0,0.0,False,0.0,none
7bc742ce-b738-479f-97e6-77d3b2208565,south-beach-miami,-80.137451,25.773166,8.476758003234863,0,0.0,False,0.0,none
134960d9-ffc8-4697-98ab-2d8c9a50cc92,south-beach-miami,-80.137518,25.773428,4.8,1,0.5,False,0.015,low
56fd89f5-278a-4cb5-99f8-2acf31ae5799,south-beach-miami,-80.137627,25.773784,11.5,1,0.5,False,0.015,low
a916cac7-fc1a-4cbd-bf88-171e23e68ec7,south-beach-miami,-80.137364,25.77342,19.4,0,0.0,False,0.0,none
c58b8db6-b0e9-459d-b50a-a7422edd7d39,south-beach-miami,-80.136985,25.773792,22.4,0,0.0,False,0.0,none
e99a20a3-a0fb-4d32-aa10-e818f51985cd,south-beach-miami,-80.13685,25.773796,8.0,0,0.0,False,0.0,none
7a6a8291-768c-4a95-b5f1-51e229bac074,south-beach-miami,-80.136906,25.773464,15.3,0,0.0,False,0.0,none
3557a73f-0b54-4d2b-a897-623b7f554885,south-beach-miami,-80.136849,25.773045,7.6,0,0.0,False,0.0,none
d236255e-2aed-4eb0-9b38-d2b4d91b1dff,south-beach-miami,-80.136906,25.773179,9.0,0,0.0,False,0.0,none
11168b4c-63d3-4090-a02f-3cb88c47b731,south-beach-miami,-80.13692,25.773322,8.7,0,0.0,False,0.0,none
34531f2d-118b-4956-ac35-c7c7e51434ce,south-beach-miami,-80.136924,25.772918,7.1,0,0.0,False,0.0,none
a4355896-747e-4151-8983-4feef94a8c48,south-beach-miami,-80.136852,25.772758,7.7,0,0.0,False,0.0,none
7fec95d4-86dc-41d4-b7f7-1ce108d83d28,south-beach-miami,-80.136716,25.772915,3.9,0,0.0,False,0.0,none
381d9cf8-4f18-4df5-b357-6e0b0bb45598,south-beach-miami,-80.136668,25.773053,6.2,0,0.0,False,0.0,none
a63ff859-3bc7-4d32-b2fb-8aa80492d638,south-beach-miami,-80.136726,25.773182,5.7,0,0.0,False,0.0,none
c01eb9cc-b9e8-4267-a4ee-d6d6b904ad80,south-beach-miami,-80.136726,25.773326,10.7,0,0.0,False,0.0,none
9aaad1b6-ff2d-447f-a0e5-2ff9f74220ed,south-beach-miami,-80.136343,25.773331,11.1,0,0.0,False,0.0,none
4e605d6b-2a06-4a18-91b4-d63bec1fd181,south-beach-miami,-80.136334,25.773195,7.992374897003174,0,0.0,False,0.0,none
77846d3e-cf97-4822-a128-3e17ed3af326,south-beach-miami,-80.136413,25.773057,20.2,0,0.0,False,0.0,none
1227b3eb-c687-4a01-a15a-b50163a47f0a,south-beach-miami,-80.136319,25.772801,7.3,1,0.5,False,0.015,low
fa44e77d-4470-43bf-8900-794354b9de23,south-beach-miami,-80.136283,25.772933,8.5,0,0.0,False,0.0,none
5b81a8b5-000d-40c3-ba74-244066359a1c,south-beach-miami,-80.136199,25.77306,7.1,0,0.0,False,0.0,none
468709fb-7d78-4371-bded-5838361c513c,south-beach-miami,-80.136254,25.773743,8.8,0,0.0,False,0.0,none
756fc107-d9a4-4a4e-ad8c-9c5dff21214a,south-beach-miami,-80.136244,25.773897,7.2,0,0.0,False,0.0,none
c3fca70e-a725-4ca8-878d-fc0e3b35c04f,south-beach-miami,-80.136459,25.773887,3.6,0,0.0,False,0.0,none
5bfd1582-54cd-4fb7-8897-cf259faef41b,south-beach-miami,-80.136448,25.773764,3.4977011680603027,0,0.0,False,0.0,none
1fe073c7-af24-45ca-8e58-598bf04fcc3c,south-beach-miami,-80.136336,25.773478,10.53513240814209,0,0.0,False,0.0,none
6adee427-0efe-4848-99f8-eaf25d16efd9,south-beach-miami,-80.136681,25.773476,5.7,0,0.0,False,0.0,none
00f73e4c-016c-435b-a6eb-88a8546c9226,south-beach-miami,-80.136728,25.773795,6.6,0,0.0,False,0.0,none
8ed2ddab-a173-4dbe-af0e-4fc700881577,south-beach-miami,-80.136353,25.774099,14.1,0,0.0,False,0.0,none
6f4790ce-6243-44ad-ac16-39c448c6b884,south-beach-miami,-80.136399,25.775266,13.8,1,0.5,False,0.015,low
afd4138c-ef05-4a6b-8b10-d73e1c37fe2c,south-beach-miami,-80.136374,25.775394,9.81816291809082,1,0.5,False,0.015,low
f56c1fde-d6e3-4278-9dc1-961ca7e9e058,south-beach-miami,-80.136403,25.775123,19.4,0,0.0,False,0.0,none
8c468429-7304-4ee9-8f9a-a7924b3ed4b2,south-beach-miami,-80.136324,25.77479,12.63810920715332,0,0.0,False,0.0,none
95fd00f5-3f35-4564-b1a2-b8ae1de0ed5d,south-beach-miami,-80.136539,25.774789,4.185001373291016,1,0.5,False,0.015,low
99fb253c-2b4c-4b5e-bcbc-ab2289ff581d,south-beach-miami,-80.136833,25.774895,2.87613844871521,2,1.5,False,0.045,low
f43fb23e-3de4-4e97-ae9a-4d82f61b28da,south-beach-miami,-80.136875,25.774741,2.3430912494659424,0,0.0,False,0.0,none
dc10b0ec-d371-4196-a5f4-8a6cd9154525,south-beach-miami,-80.136858,25.774147,8.1,0,0.0,False,0.0,none
3918df8b-ba8a-494f-b941-a56cbfb2d803,south-beach-miami,-80.13742,25.774094,25.3,1,0.5,False,0.015,low
7636ac4f-28c1-4a94-bcb1-d9fd2fbaf35b,south-beach-miami,-80.137644,25.774118,5.161627769470215,1,0.5,False,0.015,low
c4c421ef-76ee-4b67-a19e-7308109fdb33,south-beach-miami,-80.137506,25.77479,4.630752086639404,1,0.5,False,0.015,low
68c7b270-fea2-4bb5-b76b-45ab28ca5fbc,south-beach-miami,-80.137512,25.775377,12.2,1,0.5,False,0.015,low
5f1155c7-59c3-43c4-bc89-eddd0fa661d5,south-beach-miami,-80.137534,25.775578,10.7,1,0.5,False,0.015,low
c56c273e-3129-4bcc-a135-339608958020,south-beach-miami,-80.137568,25.775918,7.9,2,1.5,False,0.045,low
ba89edbe-61e7-46a0-9e1c-3e55371a823f,south-beach-miami,-80.137595,25.776065,9.6,0,0.0,False,0.0,none
21c5e4eb-8c1c-46bc-b767-f0383e09e270,south-beach-miami,-80.137581,25.776201,4.9,0,0.0,False,0.0,none
7f40dec2-96a5-41a0-80f6-e3eb77a2d1f9,south-beach-miami,-80.137486,25.776333,7.4,0,0.0,False,0.0,none
292ac631-4d98-4a4b-809b-39f94844745f,south-beach-miami,-80.13767,25.776335,7.4,0,0.0,False,0.0,none
292e60fd-93ba-4dd0-913c-960822bb7371,south-beach-miami,-80.137681,25.776455,7.4,0,0.0,False,0.0,none
d69a7462-f02c-4ffe-8f52-6f66a63e4152,south-beach-miami,-80.137677,25.77661,7.3,0,0.0,False,0.0,none
f1e46695-066d-4c1a-93a8-355190b7fdb2,south-beach-miami,-80.137683,25.776742,7.3,0,0.0,False,0.0,none
ce308b8d-1f2c-40f7-a4a8-4c21c3d82889,south-beach-miami,-80.1375,25.77675,7.2,1,0.5,False,0.015,low
889d2f14-c93b-474f-b1a2-5fc6d829148e,south-beach-miami,-80.137495,25.776606,7.5,0,0.0,False,0.0,none
3318b705-8c0c-4c15-9664-57a0c2536f76,south-beach-miami,-80.137491,25.776477,9.0,0,0.0,False,0.0,none
5144d0f7-8717-487c-989f-7dd7b5ef1a9f,south-beach-miami,-80.136987,25.776489,3.400912284851074,2,1.5,False,0.045,low
b1903993-bc2a-49a2-a6b2-5f0b093ccbc9,south-beach-miami,-80.136955,25.776626,8.8,1,0.5,False,0.015,low
06e9c812-3a50-41c7-be20-4bc139f1c501,south-beach-miami,-80.136969,25.776762,10.5,1,0.5,False,0.015,low
1191aa39-ac07-4554-87a3-da3cb3b43d9e,south-beach-miami,-80.136766,25.776743,10.4,2,1.5,False,0.045,low
1fb199d9-761f-4aac-a14b-b6d3b5efade4,south-beach-miami,-80.136786,25.776622,7.624255657196045,2,1.5,False,0.045,low
957e924f-581c-4907-b7a6-90d226582af3,south-beach-miami,-80.136814,25.776492,7.888255596160889,1,0.5,False,0.015,low
65a4f9c4-5142-4052-ad14-aecf29c2ff41,south-beach-miami,-80.136889,25.776349,6.786001682281494,1,0.5,False,0.015,low
9190050e-6e66-49b6-902e-a5d92e5f0a58,south-beach-miami,-80.136808,25.776055,11.2,1,0.5,False,0.015,low
32489f5b-9df7-4169-98ff-174ee2c8a6fb,south-beach-miami,-80.136938,25.775531,11.2,1,0.5,False,0.015,low
3fd94c20-3ee2-42a1-860f-b3d947b72ad8,south-beach-miami,-80.1364,25.776011,3.8,2,1.5,False,0.045,low
d26e560a-41f0-4c08-9f67-cfd09a409048,south-beach-miami,-80.1364,25.775612,6.4,2,1.5,False,0.045,low
18cdc043-aa9f-4024-9b7e-80802b45fd2d,south-beach-miami,-80.135857,25.776026,8.1,2,1.5,False,0.045,low
78f039ee-206d-4c07-b70a-c89930e6c9f1,south-beach-miami,-80.135895,25.776236,10.5,1,0.5,False,0.015,low
a191a726-c680-4509-a5f4-1b1edac6b8ac,south-beach-miami,-80.136463,25.776774,6.3,2,1.5,False,0.045,low
c96abcc6-4b61-420c-b547-48dcd1ffe719,south-beach-miami,-80.136463,25.776631,7.9,2,1.5,False,0.045,low
24a6937f-2b38-4157-9b0a-35daa74e2b7b,south-beach-miami,-80.136456,25.776498,6.3,2,1.5,False,0.045,low
0493bd85-adda-42a6-a069-d22b6c933336,south-beach-miami,-80.136449,25.776356,5.8,2,1.5,False,0.045,low
2511bdae-474c-4a97-9f1f-f1865153dca6,south-beach-miami,-80.136631,25.777177,5.2,1,0.5,False,0.015,low
10bcc947-e8ca-443c-bbc8-fa8df2157153,south-beach-miami,-80.136488,25.777329,7.8,1,0.5,False,0.015,low
d6e9e802-7f1f-44a2-a9dd-121c4a0909b5,south-beach-miami,-80.136499,25.777469,8.6,1,0.5,False,0.015,low
4d8f031c-d679-4f34-8c00-934858fa58ce,south-beach-miami,-80.136395,25.777203,6.4,0,0.0,False,0.0,none
6fc85d64-cf4b-4b8d-96a0-f3f89b813185,south-beach-miami,-80.136467,25.776908,7.1,2,1.5,False,0.045,low
cb127f4b-34f4-42b6-8ca8-0d9631088749,south-beach-miami,-80.135846,25.77748,8.6,0,0.0,False,0.0,none
131691f9-7ee2-4432-89c7-ec23fdbf811f,south-beach-miami,-80.135883,25.777618,7.6,0,0.0,False,0.0,none
58aea089-38f1-42da-89f5-67552cf88244,south-beach-miami,-80.135879,25.777762,10.8,0,0.0,False,0.0,none
62ab5b3f-b721-46e0-ad54-a9de0dc32ded,south-beach-miami,-80.135885,25.777892,7.1,0,0.0,False,0.0,none
bed7a5d2-915d-47f8-804c-06f13af3a81f,south-beach-miami,-80.135898,25.778161,6.3,1,0.5,False,0.015,low
e90f5303-7bcb-4d24-b7dd-bfc50165e3c6,south-beach-miami,-80.136531,25.778082,11.6,0,0.0,False,0.0,none
74c1b771-a56e-4741-a38c-234d52dace10,south-beach-miami,-80.136502,25.777881,8.4,0,0.0,False,0.0,none
e35c328c-4ec8-4ab9-8581-dffe1e76238b,south-beach-miami,-80.136499,25.777609,9.6,1,0.5,False,0.015,low
f2310862-3022-453d-982b-cc0eebfd2d4a,south-beach-miami,-80.136491,25.777739,9.6,0,0.0,False,0.0,none
c3b8583d-7428-4a3b-87b2-3f700412e124,south-beach-miami,-80.136945,25.777864,6.4,0,0.0,False,0.0,none
70936e36-2351-4ba2-a601-bb7b66775c96,south-beach-miami,-80.136947,25.777996,4.8,0,0.0,False,0.0,none
63c81a8f-d678-45d4-af65-f13fa05f94a1,south-beach-miami,-80.13694,25.778139,10.4,1,0.5,False,0.015,low
5bd2d419-f44f-413e-b7a3-ba33a928a535,south-beach-miami,-80.13692,25.777593,6.0,0,0.0,False,0.0,none
6ff2b694-aebd-4312-8e27-6ff49ed08694,south-beach-miami,-80.136925,25.777728,12.8,0,0.0,False,0.0,none
0841f006-d697-4eaf-9ad8-4dbd1fe47d31,south-beach-miami,-80.136916,25.777454,7.8,1,0.5,False,0.015,low
c524568e-acff-4a05-9019-8c63aafe0baa,south-beach-miami,-80.136925,25.777308,10.7,0,0.0,False,0.0,none
d9ca5442-3391-4c90-9173-38c606cbcf4f,south-beach-miami,-80.1369,25.776901,6.4,1,0.5,False,0.015,low
cd26de12-4535-4700-9c52-3b792a7e8f92,south-beach-miami,-80.137006,25.777172,5.3,1,0.5,False,0.015,low
7c339989-4874-44a4-b503-b821f2d7cdcb,south-beach-miami,-80.137503,25.776883,7.1,1,0.5,False,0.015,low
09de1f21-8bac-4356-b87e-e8d08f6bbe5f,south-beach-miami,-80.13761,25.777299,11.1,0,0.0,False,0.0,none
78f083c4-f7c3-4305-abf0-448a4ef724b1,south-beach-miami,-80.137588,25.777159,9.1,0,0.0,False,0.0,none
148bf7d1-02f1-4cb3-bd44-47d9ab696893,south-beach-miami,-80.1376,25.777432,6.1,1,0.5,False,0.015,low
ad776e72-6418-4f6e-ac9a-c12c37a35004,south-beach-miami,-80.137571,25.777572,9.3,0,0.0,False,0.0,none
03a72854-eaad-4e78-929c-3f886113886c,south-beach-miami,-80.137571,25.777711,10.1,0,0.0,False,0.0,none
dca2e16f-d626-48a5-abf0-b82b35a35e5c,south-beach-miami,-80.137544,25.77785,10.1,0,0.0,False,0.0,none
c05e9143-0879-4f65-945d-0dc8be21f1db,south-beach-miami,-80.137632,25.777986,10.4,0,0.0,False,0.0,none
83d8c38c-fbc2-4745-b73c-dc63b21d5013,south-beach-miami,-80.137631,25.778122,10.8,1,0.5,False,0.015,low
cc07e422-9f48-4211-9918-fdbeb7988851,south-beach-miami,-80.137746,25.777843,4.4,1,0.5,False,0.015,low
0ee9dc11-22cd-4f18-907d-27b3ef66f721,south-beach-miami,-80.138056,25.777627,6.0,0,0.0,False,0.0,none
c839cb08-a985-486a-8729-769b2f2cefc2,south-beach-miami,-80.138072,25.777979,9.2,0,0.0,False,0.0,none
13f6db1a-d4fe-49ce-9184-d7a2261840a8,south-beach-miami,-80.138048,25.777838,13.3,0,0.0,False,0.0,none
c6038529-ac9f-431d-88da-434066798859,south-beach-miami,-80.138088,25.778109,7.9,0,0.0,False,0.0,none
eee423cc-ad86-4d2c-9ce2-b6ea05bd6830,south-beach-miami,-80.138044,25.776861,7.1,1,0.5,False,0.015,low
9fbe96e8-d5eb-4bd0-b7d2-fcb147c0d4e5,south-beach-miami,-80.138128,25.77715,5.9,1,0.5,False,0.015,low
f44c3e6e-8513-4d7c-9d22-7dc1957c834c,south-beach-miami,-80.138037,25.777288,9.3,1,0.5,False,0.015,low
0abd9734-0e27-4464-9bb7-1444914f8e25,south-beach-miami,-80.138141,25.777435,9.0,0,0.0,False,0.0,none
a99134d0-5040-434f-8a3e-a98eac33a078,south-beach-miami,-80.137921,25.777418,9.7,1,0.5,False,0.015,low
6b4a6a92-76f2-4759-b190-e0a9668bdd4e,south-beach-miami,-80.137945,25.777154,6.0,1,0.5,False,0.015,low
3261c894-4ec3-482a-97a9-77d48290c5b5,south-beach-miami,-80.137694,25.776878,7.2,1,0.5,False,0.015,low
972c687c-336d-4a93-8835-c8159fa86e2c,south-beach-miami,-80.138021,25.776739,6.6,0,0.0,False,0.0,none
b48f9ac6-718a-4011-a6c5-7d4ab5511d6b,south-beach-miami,-80.13809,25.776595,7.9,0,0.0,False,0.0,none
82bdf8f6-88f0-4c92-9af5-c2f3a0f50f18,south-beach-miami,-80.138012,25.776459,6.3,0,0.0,False,0.0,none
7bb17d5b-d527-4d81-b3df-9f4e90e49caf,south-beach-miami,-80.137911,25.7766,7.896625518798828,0,0.0,False,0.0,none
bd545a17-ccdf-4819-b02e-5fdad0944323,south-beach-miami,-80.138005,25.776337,8.9,0,0.0,False,0.0,none
8f9a3a67-3d58-49a0-a3a0-0e53bdf43116,south-beach-miami,-80.138018,25.776183,6.3,0,0.0,False,0.0,none
4f1e233a-1c51-4eb2-9a08-682de3283a0f,south-beach-miami,-80.137988,25.775629,8.9,1,0.5,False,0.015,low
01edf392-1a39-4b3f-bc44-60ea89966359,south-beach-miami,-80.138027,25.77549,8.7,1,0.5,False,0.015,low
8873f3ea-a8dc-4541-83a2-399b6bd0a7ad,south-beach-miami,-80.138064,25.7759,7.7,0,0.0,False,0.0,none
1c9d7b4a-ccde-4e25-89f2-34800ca455ab,south-beach-miami,-80.138079,25.77605,7.7,0,0.0,False,0.0,none
189ff508-5b85-486b-b876-46c175ccda19,south-beach-miami,-80.138553,25.77549,9.0,0,0.0,False,0.0,none
11036f09-bc24-4549-9c6b-54bea60fd197,south-beach-miami,-80.138559,25.775606,8.9,0,0.0,False,0.0,none
b9c24c1a-ee77-435e-a9e2-7b84ee14bd0b,south-beach-miami,-80.138722,25.776584,14.1,0,0.0,False,0.0,none
6ec61186-3155-49f8-8e39-ad4f5b949aeb,south-beach-miami,-80.138728,25.776716,8.0,0,0.0,False,0.0,none
bbb94151-e821-416b-86a3-19b92cb3d6c8,south-beach-miami,-80.138812,25.776302,3.539536476135254,0,0.0,False,0.0,none
f93d1e0e-4cd9-464a-810f-d8f5a8414b83,south-beach-miami,-80.138825,25.776436,4.3,0,0.0,False,0.0,none
2663cf5b-1afa-45a1-9df5-f46860054cfa,south-beach-miami,-80.138628,25.776442,4.5,0,0.0,False,0.0,none
8e68166e-11e4-4910-bbac-da3db6dd106d,south-beach-miami,-80.138612,25.776317,9.9,0,0.0,False,0.0,none
5b5147bf-9148-4164-bc2c-eec404e28744,south-beach-miami,-80.138648,25.776169,8.4,0,0.0,False,0.0,none
7183507a-cb8b-43ec-b1cb-2e60c77a3493,south-beach-miami,-80.138708,25.77604,4.474170684814453,1,0.5,False,0.015,low
4768fc0f-11c7-4e07-a313-99a2d9e0e0eb,south-beach-miami,-80.138705,25.77589,5.4,0,0.0,False,0.0,none
e8e550bf-8445-43a3-9622-140f53891522,south-beach-miami,-80.138621,25.775441,,0,0.0,False,0.0,none
4e2daabb-2687-4499-8854-efbfa1b7eef8,south-beach-miami,-80.138723,25.775579,3.1,1,0.5,False,0.015,low
4f9d30a3-f417-4aa2-9851-9ae9122bcbd1,south-beach-miami,-80.138846,25.775575,8.8,1,0.5,False,0.015,low
4b64d176-9feb-44a9-90dd-8c04234a5629,south-beach-miami,-80.139029,25.77559,2.8068668842315674,1,0.5,False,0.015,low
131ebf79-8634-40fe-a3f2-63a6d6a41e88,south-beach-miami,-80.139069,25.776016,7.4,1,0.5,False,0.015,low
62deb810-8d1c-4764-b7b8-beb44c8c06ee,south-beach-miami,-80.139266,25.776013,7.2,1,0.5,False,0.015,low
976f368c-53bc-48b7-9b14-d897117f7c17,south-beach-miami,-80.139263,25.775881,7.2,1,0.5,False,0.015,low
321ac2f2-9793-4ecc-a9a1-5b5908deb4ff,south-beach-miami,-80.139065,25.775884,7.2,1,0.5,False,0.015,low
64dc67d1-7e1e-42b0-ae14-090b3de39d26,south-beach-miami,-80.139194,25.775463,3.438293933868408,1,0.5,False,0.015,low
9b360e77-9e65-459f-8c55-38433e0b4fd9,south-beach-miami,-80.139358,25.775578,3.539388418197632,1,0.5,False,0.015,low
c25af5cd-3941-415d-a88d-aa389176b11c,south-beach-miami,-80.139312,25.776429,8.1,1,0.5,False,0.015,low
179ba60b-5982-47cd-87d9-ac9173b1e080,south-beach-miami,-80.139196,25.776154,3.7542192935943604,0,0.0,False,0.0,none
310eb2dd-4a19-40c3-9a25-0911a7dda9c8,south-beach-miami,-80.139169,25.776296,3.793290615081787,1,0.5,False,0.015,low
3a394e0f-c3ea-4491-9e63-84e2f7c15721,south-beach-miami,-80.139191,25.776574,5.9,0,0.0,False,0.0,none
8b8ef8f6-0173-4b7d-8e7a-2ede2714c27c,south-beach-miami,-80.139104,25.776713,6.1,0,0.0,False,0.0,none
86ebd29b-a6b3-47a2-9b97-d7a685ad1f26,south-beach-miami,-80.139298,25.77671,6.0,1,0.5,False,0.015,low
78f8a33b-8689-4b03-b681-cdbd5c3a929e,south-beach-miami,-80.139295,25.776841,6.0,1,0.5,False,0.015,low
de7afc9c-277b-4455-b892-91a045790695,south-beach-miami,-80.139318,25.777389,5.0,0,0.0,False,0.0,none
23b48f86-2a77-4809-804d-bc94d02afd67,south-beach-miami,-80.13929,25.777262,4.5,0,0.0,False,0.0,none
e54756d5-2582-4185-aebb-aabc5f224a3e,south-beach-miami,-80.139065,25.777407,3.4,0,0.0,False,0.0,none
42c32b1a-93d8-4a83-aa2a-6a4f80e2fdb6,south-beach-miami,-80.139069,25.777288,3.8,0,0.0,False,0.0,none
3a6175d7-699a-4a2b-90e0-6d3e5ea1decb,south-beach-miami,-80.139178,25.777125,8.9,0,0.0,False,0.0,none
713d1778-4360-4fdc-b943-effa0541092a,south-beach-miami,-80.139103,25.776846,6.0,0,0.0,False,0.0,none
6b9f8f3c-e9d5-4f40-95a2-f2303199ea05,south-beach-miami,-80.138707,25.776858,8.7,1,0.5,False,0.015,low
7ec1d0fc-deb6-4754-9e85-b8191738d5e1,south-beach-miami,-80.138708,25.777128,8.4,0,0.0,False,0.0,none
961e9780-75d3-4139-ab64-739eee478f25,south-beach-miami,-80.138732,25.777269,10.7,0,0.0,False,0.0,none
81b9f8c0-88d0-40d4-8ebd-1124c05f4f02,south-beach-miami,-80.138731,25.777398,14.8,0,0.0,False,0.0,none
3d3e670d-f15f-4c6c-b092-bbf5deb081f0,south-beach-miami,-80.138655,25.777531,6.4,0,0.0,False,0.0,none
485186e0-e425-4661-a1e2-805429edd584,south-beach-miami,-80.138653,25.777822,8.2,0,0.0,False,0.0,none
6b4dec9f-5539-439c-95d5-147f8b5ec7b2,south-beach-miami,-80.138738,25.777678,14.7,0,0.0,False,0.0,none
084225a2-a0b2-45b8-a92c-ae21bd690329,south-beach-miami,-80.138831,25.777829,9.0,0,0.0,False,0.0,none
a6e53059-11db-4d67-a881-f7f12e3a76bf,south-beach-miami,-80.138757,25.777959,12.5,1,0.5,False,0.015,low
e9574295-85b6-40d9-b692-1dccb1e86b6d,south-beach-miami,-80.138776,25.778096,9.6,1,0.5,False,0.015,low
a29a6feb-aca3-4ca7-bc13-524169b7ae42,south-beach-miami,-80.139235,25.778081,7.9,0,0.0,False,0.0,none
1be26257-7676-43c7-b306-c5caf4b33f1b,south-beach-miami,-80.139142,25.77781,6.3,0,0.0,False,0.0,none
99b59976-5fad-4921-ac38-4c503ed65a2e,south-beach-miami,-80.139177,25.777581,9.9,0,0.0,False,0.0,none
8bca35c6-e08d-420a-b0dc-c2ede920f1b6,south-beach-miami,-80.139365,25.777794,7.2,0,0.0,False,0.0,none
918acb97-bbd8-480f-9139-ef3e64de56e8,south-beach-miami,-80.139318,25.77767,5.2,0,0.0,False,0.0,none
b4120312-a6db-4f81-9fc2-c7dd973bbb31,south-beach-miami,-80.139299,25.777948,9.7,0,0.0,False,0.0,none
d20affd2-4735-4f41-a101-b23519bd139e,south-beach-miami,-80.139247,25.77859,12.6,0,0.0,False,0.0,none
fb3764dc-8d91-4785-bb54-182850788438,south-beach-miami,-80.139244,25.778847,12.8,0,0.0,False,0.0,none
4c205695-ae11-44df-a29e-82ccbbea96ab,south-beach-miami,-80.139228,25.778388,10.2,0,0.0,False,0.0,none
82e7cd4d-52d5-49e2-b2b2-612e2b106e9b,south-beach-miami,-80.138798,25.778404,14.9,1,0.5,False,0.015,low
5141b92c-f651-4429-9cff-dc607f0b4dd1,south-beach-miami,-80.138717,25.778595,8.5,1,0.5,False,0.015,low
e64f7cd7-b973-4855-b505-e283c8430bb3,south-beach-miami,-80.138825,25.77875,7.0,0,0.0,False,0.0,none
a0a3937d-4e31-46fb-a3af-ee9741e3a5b8,south-beach-miami,-80.138947,25.77914,6.8,1,0.5,False,0.015,low
c39e5e3e-0d53-4ec6-a181-d99f094fdaec,south-beach-miami,-80.138756,25.778982,6.8,0,0.0,False,0.0,none
6fe4d8f5-3a78-43ed-97bd-bc688ce366c2,south-beach-miami,-80.138721,25.77916,9.0,1,0.5,False,0.015,low
94a07649-3c1d-43b9-a8cf-b27894ace066,south-beach-miami,-80.138905,25.779505,9.5,0,0.0,False,0.0,none
ca5ee81e-060d-408d-8f06-12acbc783222,south-beach-miami,-80.139262,25.779512,7.4,1,0.5,False,0.015,low
a90e8d10-e6e3-4ba5-871d-12ef2f7c06eb,south-beach-miami,-80.139257,25.77913,19.8,0,0.0,False,0.0,none
3a4b1098-a202-4bf6-9707-c57a08730845,south-beach-miami,-80.139404,25.779859,9.7,1,0.5,False,0.015,low
5818ef36-a136-4e2b-bd08-1fdb64b1bf53,south-beach-miami,-80.139233,25.779682,7.2,1,0.5,False,0.015,low
8b342da9-c849-4891-a0c3-df3a338c2129,south-beach-miami,-80.139173,25.780012,5.0,1,0.5,False,0.015,low
8afa0236-aa90-4052-9246-e2a08b411231,south-beach-miami,-80.139285,25.780203,19.7,2,1.5,False,0.045,low
000425e2-6dc0-4757-9798-4bd592170d1d,south-beach-miami,-80.139396,25.780032,6.0,1,0.5,False,0.015,low
a90c19bf-47c2-4c53-8006-799565015e41,south-beach-miami,-80.139342,25.780374,15.8,2,1.5,False,0.045,low
8bcd1e3e-8f3e-4aae-957c-f2b603351905,south-beach-miami,-80.139363,25.780815,30.7,2,1.5,False,0.045,low
9b67ea79-8575-4dc6-b613-407684042453,south-beach-miami,-80.138858,25.780401,5.7,1,0.5,False,0.015,low
e8b82ecd-646a-4d77-9712-57a8220d8f76,south-beach-miami,-80.138863,25.780795,23.5,1,0.5,False,0.015,low
a3f38deb-92a6-4d1c-8d32-aeff76560f40,south-beach-miami,-80.138816,25.780215,8.3,1,0.5,False,0.015,low
4f364133-147a-4ada-b52a-48587b545660,south-beach-miami,-80.138848,25.780035,14.2,0,0.0,False,0.0,none
825d73e0-b463-4424-a5f5-92d9edc59583,south-beach-miami,-80.13884,25.779867,8.4,0,0.0,False,0.0,none
1fc0ef1c-66a2-4a01-b69f-a8c41c51b488,south-beach-miami,-80.138812,25.779694,16.1,0,0.0,False,0.0,none
78e2a6bd-02c2-4edf-ac61-df9ee7e87c23,south-beach-miami,-80.138689,25.779536,8.5,0,0.0,False,0.0,none
28699044-6757-44b3-9f57-0eb7a8e8f89b,south-beach-miami,-80.138201,25.779631,7.4,0,0.0,False,0.0,none
0ba5ea7b-7817-41dd-98f2-0e1b64ac9bb2,south-beach-miami,-80.138155,25.780176,8.365072250366211,0,0.0,False,0.0,none
547d995e-49a3-420b-83f5-2d9b2d4fc6bd,south-beach-miami,-80.138229,25.780869,9.2,1,0.5,False,0.015,low
253433f8-b802-4474-8a53-ea8299a1449e,south-beach-miami,-80.138242,25.780724,6.6,1,0.5,False,0.015,low
e032258b-8ba7-4b90-8584-a3254296cfeb,south-beach-miami,-80.138242,25.780379,7.9,0,0.0,False,0.0,none
dc40a83d-4e96-422f-8ec2-1a0b102b8d40,south-beach-miami,-80.138045,25.780369,7.9,1,0.5,False,0.015,low
0d2ebf43-5d62-4a4f-b4e1-0309b0053f27,south-beach-miami,-80.138064,25.780738,9.2,1,0.5,False,0.015,low
768c988d-5904-4982-a69b-48ee5802ca60,south-beach-miami,-80.137724,25.780865,12.2,1,0.5,False,0.015,low
fac470f1-4611-45d5-ad8c-7c361c3f454f,south-beach-miami,-80.137716,25.780731,6.6,1,0.5,False,0.015,low
6cc83e91-0d5c-4f99-9909-0091050ddbb3,south-beach-miami,-80.137692,25.780465,7.5,1,0.5,False,0.015,low
3d320ced-c198-4d25-9390-749d6ecda83c,south-beach-miami,-80.137804,25.780323,7.5,0,0.0,False,0.0,none
4b37f8e7-eeb4-41fa-a161-2bdd54e96e37,south-beach-miami,-80.137685,25.780363,4.4,1,0.5,False,0.015,low
2c80df49-dfa5-49eb-80b8-0647c440f5df,south-beach-miami,-80.137698,25.780191,6.6,1,0.5,False,0.015,low
9e2dd1b2-f0f9-419a-9b04-a436418ae518,south-beach-miami,-80.137693,25.78005,10.3,1,0.5,False,0.015,low
7ee392b4-346f-4999-89c0-bf214a167606,south-beach-miami,-80.138137,25.780037,6.4,0,0.0,False,0.0,none
6323f14d-810a-4385-9ff8-43d336c98b81,south-beach-miami,-80.138135,25.779905,6.9,0,0.0,False,0.0,none
0d693a7b-657d-40f5-8095-7e393a7b4b03,south-beach-miami,-80.138118,25.779764,6.3,0,0.0,False,0.0,none
fcdd19da-cd44-446c-9fc5-f5e36361d2ac,south-beach-miami,-80.138021,25.779632,6.8,1,0.5,False,0.015,low
7a5a706d-6e7b-43e4-a13f-15e265983d77,south-beach-miami,-80.137689,25.77978,7.4,1,0.5,False,0.015,low
4aa7f6d7-6ba4-44c7-a3e1-fc7f60ebeb6e,south-beach-miami,-80.137984,25.77894,12.0,1,0.5,False,0.015,low
f1114a44-ed84-4ee6-b466-4765669c5dc2,south-beach-miami,-80.138094,25.779083,9.5,1,0.5,False,0.015,low
a4edd847-e50a-4155-bf13-0afb0c6433cc,south-beach-miami,-80.138105,25.779208,7.1,1,0.5,False,0.015,low
4dd67c87-0f66-429e-a733-5aae75da6608,south-beach-miami,-80.138026,25.77949,7.1,0,0.0,False,0.0,none
1ac66f2f-e0a8-44e7-8468-60495743987f,south-beach-miami,-80.138209,25.779483,7.5,0,0.0,False,0.0,none
279fc3a5-f3eb-4c09-bc16-ada69694e8eb,south-beach-miami,-80.138174,25.778937,13.3,1,0.5,False,0.015,low
90410a91-fe72-4bdb-ba03-310d243e485c,south-beach-miami,-80.138177,25.778806,9.8,1,0.5,False,0.015,low
5bf25eb9-ca9c-42b2-8480-d00438ba399f,south-beach-miami,-80.138076,25.778464,8.8,0,0.0,False,0.0,none
67b7e537-a2d0-4958-aa71-e43e966bd561,south-beach-miami,-80.138087,25.77867,7.3,0,0.0,False,0.0,none
92c3d90d-c8ad-49ed-8025-9560d2a4941a,south-beach-miami,-80.137997,25.778799,9.243911743164062,1,0.5,False,0.015,low
28f90458-68f6-434c-b140-7a1e5e4c8af0,south-beach-miami,-80.137789,25.778825,6.5,0,0.0,False,0.0,none
e93159c1-ec1a-4ff1-85c9-a3d189a37191,south-beach-miami,-80.137773,25.778671,4.0,0,0.0,False,0.0,none
6d2b44d9-10cd-4083-b712-d5c4341f913c,south-beach-miami,-80.137647,25.778479,9.6,0,0.0,False,0.0,none
eb926e75-4d3d-4fcc-9035-e96a3ecde00e,south-beach-miami,-80.137578,25.778678,7.1,0,0.0,False,0.0,none
9215dc2b-475f-4d6b-81b8-105da40e3533,south-beach-miami,-80.1376,25.778799,6.6,0,0.0,False,0.0,none
8d7863ba-3606-49b0-9cb7-cfd236bf0c01,south-beach-miami,-80.137662,25.77895,6.0,0,0.0,False,0.0,none
3ab6043f-b96d-4846-a1a4-d0fb07377acd,south-beach-miami,-80.13766,25.779074,10.7,1,0.5,False,0.015,low
f97938cc-bb3c-4797-8732-12c20124706a,south-beach-miami,-80.13767,25.779225,9.7,1,0.5,False,0.015,low
2c033b76-259c-445f-9b2d-3961d9b5a555,south-beach-miami,-80.137673,25.779499,10.5,1,0.5,False,0.015,low
2089c9cf-fb99-4ecb-b635-c64120a0a876,south-beach-miami,-80.137086,25.778966,7.2,0,0.0,False,0.0,none
afafc3a4-44f9-4546-85ab-c58f59726c59,south-beach-miami,-80.137034,25.77951,8.8,1,0.5,False,0.015,low
e4515cde-2f56-4ef6-97a4-7881d946558d,south-beach-miami,-80.136972,25.779244,8.5,1,0.5,False,0.015,low
aac0282d-a751-4f25-92d0-829e25e92aab,south-beach-miami,-80.136851,25.77952,7.6,1,0.5,False,0.015,low
ffb5a9f3-0470-4f2a-9206-53716d54cdd1,south-beach-miami,-80.136969,25.779106,8.7,0,0.0,False,0.0,none
753468d7-64e6-4b18-bb78-56997c87d2f1,south-beach-miami,-80.136898,25.77897,6.9,0,0.0,False,0.0,none
0ea9403a-647d-429b-9529-934fdf8a2bbf,south-beach-miami,-80.136873,25.778691,8.9,0,0.0,False,0.0,none
f8f654b7-f558-4384-afa6-51f3a5cbb9b1,south-beach-miami,-80.136995,25.778554,10.0,0,0.0,False,0.0,none
77701bd3-d692-4342-9420-19748dfebb16,south-beach-miami,-80.136972,25.778834,10.6,0,0.0,False,0.0,none
12b29842-21e2-4a6a-9f43-4d696bd33b77,south-beach-miami,-80.137046,25.778697,7.0,0,0.0,False,0.0,none
946c6905-0ac9-45c5-91fd-4336f2186d33,south-beach-miami,-80.136947,25.778423,7.6,0,0.0,False,0.0,none
d7a1993a-3177-4ce8-b674-af2223ae57dc,south-beach-miami,-80.136512,25.778562,6.2,0,0.0,False,0.0,none
feb4b2b1-8838-403c-9b0a-7dd7fe210722,south-beach-miami,-80.136534,25.778702,10.7,0,0.0,False,0.0,none
d7648545-66c8-49fe-b9f2-24bdb12ac37d,south-beach-miami,-80.136521,25.778435,7.8,0,0.0,False,0.0,none
5092fe47-cda9-4073-9d25-e83f1f916914,south-beach-miami,-80.135884,25.778855,8.9,0,0.0,False,0.0,none
d315c580-cfee-45cf-a6b5-e99ca821da46,south-beach-miami,-80.135852,25.778997,6.5,0,0.0,False,0.0,none
fbf09ebf-4243-4a51-8bc7-e51970685270,south-beach-miami,-80.135859,25.779132,7.2,0,0.0,False,0.0,none
f35044a0-a966-4261-8371-efe8ea90afeb,south-beach-miami,-80.135849,25.779272,18.4,0,0.0,False,0.0,none
8df5de3a-9d1b-4e57-b2a2-3589c04ad628,south-beach-miami,-80.136544,25.779123,11.6,0,0.0,False,0.0,none
90a2fbd2-4639-4a15-84f5-074bd45e1a48,south-beach-miami,-80.136522,25.778937,13.9,0,0.0,False,0.0,none
ec075203-eab7-4626-9b3e-7bb70a4b369f,south-beach-miami,-80.136685,25.778854,12.3,0,0.0,False,0.0,none
72238701-4aed-49b7-8c65-14c62c28ae76,south-beach-miami,-80.136549,25.779255,9.1,1,0.5,False,0.015,low
1357caa6-7246-4081-9411-15cad167ea79,south-beach-miami,-80.136549,25.779518,6.9,0,0.0,False,0.0,none
92488466-3318-45c5-b5b4-613b71e63111,south-beach-miami,-80.136555,25.779645,6.8,0,0.0,False,0.0,none
a87fb560-3574-429f-9ae0-9d43acef6794,south-beach-miami,-80.136561,25.779774,6.6,0,0.0,False,0.0,none
b34c899f-7f74-4e25-ba9c-00087790b99b,south-beach-miami,-80.136574,25.780217,5.9,1,0.5,False,0.015,low
1d678083-7cce-41eb-a2df-4680fafca1ab,south-beach-miami,-80.136568,25.780074,7.2,1,0.5,False,0.015,low
a8d41845-a80a-4452-b766-26de50e7996b,south-beach-miami,-80.13657,25.779941,9.2,1,0.5,False,0.015,low
d3242585-2fbb-47ea-9ded-a9a90b60cbcf,south-beach-miami,-80.135869,25.779539,6.7,0,0.0,False,0.0,none
dafe0548-cc7d-4fc5-ac67-a087fe616e6f,south-beach-miami,-80.135871,25.779682,6.1,0,0.0,False,0.0,none
6513c9bb-20f0-4fd1-b899-b600ed69f560,south-beach-miami,-80.135886,25.779815,8.9,0,0.0,False,0.0,none
a3ef6c7f-00f2-418a-8579-af51da4812e2,south-beach-miami,-80.135911,25.779968,10.8,1,0.5,False,0.015,low
9d11d8c7-869f-482e-9788-f73a00264698,south-beach-miami,-80.135927,25.780091,9.8,1,0.5,False,0.015,low
832433ec-ea48-4b6f-984f-2b5733749b2d,south-beach-miami,-80.135888,25.780242,8.9,1,0.5,False,0.015,low
b47f6942-d82c-414c-b8fb-0fda3f5c636f,south-beach-miami,-80.135884,25.780431,10.6,1,0.5,False,0.015,low
0f4e34b2-ba2c-43e5-b64c-8a3239a96cd2,south-beach-miami,-80.135876,25.78084,9.5,0,0.0,False,0.0,none
76098ec7-a781-4959-ad0e-61e7f4bc045c,south-beach-miami,-80.136584,25.780492,7.7,1,0.5,False,0.015,low
03fc71ab-c062-41ee-8db9-16631f2507f8,south-beach-miami,-80.136578,25.780353,7.8,1,0.5,False,0.015,low
08f90091-596c-4d5e-9066-fb6cc474fcdc,south-beach-miami,-80.136607,25.780834,10.6,1,0.5,False,0.015,low
bed2b674-f4be-4ddd-9247-9c7f5a41fb8a,south-beach-miami,-80.137014,25.780811,9.8,1,0.5,False,0.015,low
79951d0d-9166-4dd2-843e-77203da1eef4,south-beach-miami,-80.137006,25.78048,6.9,1,0.5,False,0.015,low
6dd8c3c7-ea37-4389-a646-ac16d0f645bd,south-beach-miami,-80.137035,25.780343,7.8,1,0.5,False,0.015,low
2a56dad5-0302-4ca1-8c87-ded63e71fa10,south-beach-miami,-80.136887,25.779911,4.1,1,0.5,False,0.015,low
859c21f4-d37c-44ac-9ef8-e579685ea814,south-beach-miami,-80.136978,25.779657,10.9,0,0.0,False,0.0,none
37baecb0-f46e-4b4d-9c4f-d6205f876c49,south-beach-miami,-80.136979,25.779797,11.0,1,0.5,False,0.015,low
b3f11e39-6f9a-4194-bb73-20bbf63d10c2,south-beach-miami,-80.137074,25.779924,8.7,1,0.5,False,0.015,low
23ac0ccf-5c1c-4a2b-9989-ac1fca4ede76,south-beach-miami,-80.136998,25.780061,6.3,1,0.5,False,0.015,low
4932d72d-2cdc-45cf-88f8-33aef6de40d8,south-beach-miami,-80.137014,25.780212,7.977365970611572,1,0.5,False,0.015,low
fe73a1af-c4d0-46f3-b9a8-e82eb1b7e3a1,south-beach-miami,-80.137681,25.779636,9.236308097839355,0,0.0,False,0.0,none
a0f44d6e-e695-47df-9de9-e3abd040ced2,south-beach-miami,-80.137608,25.779925,6.4,1,0.5,False,0.015,low
b754b0d2-9e5e-4fdb-9589-8df43ed6e689,south-beach-miami,-80.137612,25.781016,8.9,1,0.5,False,0.015,low
afb4ed53-d15c-4626-b8d5-065aedb4b691,south-beach-miami,-80.137161,25.781655,10.5,0,0.0,False,0.0,none
1ade511d-7779-4136-86ca-f1201bef8ddd,south-beach-miami,-80.136951,25.781536,5.911716461181641,0,0.0,False,0.0,none
d785329d-4ecb-4bb8-86bd-86b05264e349,south-beach-miami,-80.137036,25.781232,2.627814531326294,1,0.5,False,0.015,low
60c53a06-8925-460b-9a8a-0fd908894267,south-beach-miami,-80.137021,25.781025,7.866205215454102,1,0.5,False,0.015,low
960965f0-0c0d-446b-bfc0-a29e4b04b44f,south-beach-miami,-80.136606,25.781036,8.1,1,0.5,False,0.015,low
49ad4e85-a6cb-4b25-9ef5-7a801c300d8a,south-beach-miami,-80.136597,25.781385,33.3,1,0.5,False,0.015,low
4b33de16-5e7c-46c8-8e4f-48deaf6ec5f8,south-beach-miami,-80.135914,25.781033,10.5,0,0.0,False,0.0,none
5f308eb0-a8d6-468f-b2a4-f2eea8395b47,south-beach-miami,-80.135912,25.781199,9.3,0,0.0,False,0.0,none
4309fef8-d216-45b3-b36c-227ce2154679,south-beach-miami,-80.135913,25.781324,6.4,0,0.0,False,0.0,none
eb295729-7fc5-41d8-938f-4d7e870256af,south-beach-miami,-80.135925,25.781471,7.6,1,0.5,False,0.015,low
041b94bb-c1c8-4cce-9c87-4fe672e9254b,south-beach-miami,-80.136003,25.78174,6.334815979003906,0,0.0,False,0.0,none
36a0deab-f0ce-4b27-b1d4-f075c91fc017,south-beach-miami,-80.135915,25.781602,7.452154636383057,1,0.5,False,0.015,low
9204b5fe-5780-4cc9-8d23-8247fd1ffe7d,south-beach-miami,-80.135934,25.782016,7.4,1,0.5,False,0.015,low
a4e46bb7-947b-476d-8101-61420ae262a3,south-beach-miami,-80.135939,25.782152,6.7,1,0.5,False,0.015,low
5b99ae22-c599-460c-9f8b-97f80a2beb56,south-beach-miami,-80.136553,25.781723,7.7,0,0.0,False,0.0,none
d05da3b7-03ce-4708-94b3-c2ccfc49ef47,south-beach-miami,-80.136762,25.781718,4.2,0,0.0,False,0.0,none
8124d712-290a-43e3-81c9-3f55085e6a14,south-beach-miami,-80.136038,25.782279,7.4,0,0.0,False,0.0,none
f33448f9-769b-4745-a56a-e5059b83b0f5,south-beach-miami,-80.136042,25.782426,7.2,1,0.5,False,0.015,low
070192f5-7822-4cb8-8e50-89f17b61ca54,south-beach-miami,-80.135854,25.782287,10.9,0,0.0,False,0.0,none
f67c2f7d-0b41-4324-b862-373229aa61ac,south-beach-miami,-80.135857,25.782423,8.3,0,0.0,False,0.0,none
4ea5ed9c-1f3e-4b0e-ba20-b28d11dc4568,south-beach-miami,-80.135947,25.782569,5.973211288452148,1,0.5,False,0.015,low
8546c830-02b7-4983-9b78-bb051d8f660e,south-beach-miami,-80.13595,25.782705,5.633193492889404,0,0.0,False,0.0,none
4a4854ad-5e03-4238-9b6a-777090a74c7f,south-beach-miami,-80.135949,25.782971,6.9,0,0.0,False,0.0,none
7226ac6f-6034-4716-8e86-c395de377158,south-beach-miami,-80.135949,25.783121,6.8,0,0.0,False,0.0,none
2354901d-70a9-4d82-b6f7-f86c863a9c16,south-beach-miami,-80.135992,25.783244,7.6,0,0.0,False,0.0,none
341c8415-b168-498a-be2b-eb2eb2c226af,south-beach-miami,-80.135976,25.783399,7.3,0,0.0,False,0.0,none
70f006aa-6f36-449b-98b2-71aa9aea6f19,south-beach-miami,-80.135961,25.783522,9.8,1,0.5,False,0.015,low
8aefc24c-ee32-4a4a-9c98-f99c1916ca2f,south-beach-miami,-80.137272,25.782753,5.44566011428833,0,0.0,False,0.0,none
681c00d6-694a-4e18-bd2b-6c0c2611a5ba,south-beach-miami,-80.137695,25.783587,4.2,1,0.5,False,0.015,low
104f5aa8-d2d6-4ab0-b73b-a5858a4113f0,south-beach-miami,-80.138289,25.78287,4.2,0,0.0,False,0.0,none
e36694d0-fd3a-4914-abac-0be306afc5e0,south-beach-miami,-80.138491,25.78255,4.818328380584717,0,0.0,False,0.0,none
19ee9663-5b68-416e-a2d9-a0a78e898b2a,south-beach-miami,-80.13772,25.782756,6.7,0,0.0,False,0.0,none
7fc54552-a75b-4b67-b2af-489c20f606ef,south-beach-miami,-80.137774,25.78161,11.0,1,0.5,False,0.015,low
f36b53aa-68e9-46d1-a7d7-074358c0b583,south-beach-miami,-80.137712,25.781423,8.5,1,0.5,False,0.015,low
a4c0bb87-dd28-498c-b723-b06808904e3e,south-beach-miami,-80.137714,25.781296,10.3,1,0.5,False,0.015,low
48714558-12b8-4da8-b03c-ce8a45d0fc9a,south-beach-miami,-80.137734,25.781147,9.5,1,0.5,False,0.015,low
08559bb6-124a-48af-9eb4-29c8324b5e10,south-beach-miami,-80.137859,25.781009,9.6,1,0.5,False,0.015,low
6d4e216d-b4dd-4e2e-a3ea-566c03111770,south-beach-miami,-80.13809,25.781143,12.9,1,0.5,False,0.015,low
996368c0-4648-4e1c-9484-e146ad1c09a7,south-beach-miami,-80.138249,25.781419,5.5,1,0.5,False,0.015,low
78dd3f78-6d43-4d94-99d0-230bfdba0cd1,south-beach-miami,-80.138202,25.781536,7.8,2,1.5,False,0.045,low
dc39dd24-9443-460d-aa48-9dcaa512ed72,south-beach-miami,-80.138241,25.781273,8.8,1,0.5,False,0.015,low
2a217bf3-bbb3-4743-9eef-0bb644827338,south-beach-miami,-80.138174,25.780991,6.1,0,0.0,False,0.0,none
a6d454af-b7f1-4775-8209-11ee4860abb0,south-beach-miami,-80.138274,25.781137,,1,0.5,False,0.015,low
ec5cad5a-2d10-4ea0-bc4c-16fb5162c5d0,south-beach-miami,-80.138231,25.781689,7.8,2,1.5,False,0.045,low
ac7dab3b-6ca4-4e85-ae80-7aaec8b435e1,south-beach-miami,-80.13829,25.782206,10.4,1,0.5,False,0.015,low
1c13a626-6a77-43b5-854e-69c6f645fd5b,south-beach-miami,-80.13864,25.782202,3.8,2,1.5,False,0.045,low
73657250-178c-4850-bd98-d710958468ba,south-beach-miami,-80.1389,25.781637,11.1,1,0.5,False,0.015,low
95c62965-dcc1-4745-9e9a-e9e39a5d4bbf,south-beach-miami,-80.138756,25.781263,9.5,2,1.5,False,0.045,low
1f7ebb3f-7858-41cc-970b-d6e247238104,south-beach-miami,-80.138737,25.781085,6.9,2,1.5,False,0.045,low
e40cc2c1-55c2-40b1-b0d6-804b059ede4f,south-beach-miami,-80.138928,25.781054,5.3,1,0.5,False,0.015,low
b6e1f6cf-fabc-49ea-af25-670f7ca899df,south-beach-miami,-80.13895,25.781131,4.0,1,0.5,False,0.015,low
b9d74f66-2e87-4bf3-8f27-8ba40f7df18c,south-beach-miami,-80.139017,25.781264,4.9,2,1.5,False,0.045,low
ef806f1b-0b31-4dc2-ba54-baf5d88b73f2,south-beach-miami,-80.138894,25.781435,11.1,1,0.5,False,0.015,low
341e0abf-fce9-48b8-85a0-fc0414f4f768,south-beach-miami,-80.139328,25.781177,12.5,2,1.5,False,0.045,low
20523d19-809f-4777-98b7-c111b8acebe5,south-beach-miami,-80.139319,25.781438,10.6,2,1.5,False,0.045,low
9b6aa9b0-6c49-4bb6-9df5-db22d5dd0316,south-beach-miami,-80.139331,25.781612,6.8,2,1.5,False,0.045,low
9b2c8f60-0494-4801-b196-581b2b6eb584,south-beach-miami,-80.138895,25.783188,7.0,1,0.5,False,0.015,low
400c754d-87d4-4ace-a18d-d6623a13755a,south-beach-miami,-80.138941,25.783041,5.242574214935303,1,0.5,False,0.015,low
9649f382-8c20-4b52-8499-67eadd6d4349,south-beach-miami,-80.138902,25.783326,4.9,1,0.5,False,0.015,low
c5ad6fc8-9a12-4a73-b1d5-d370def3cf81,south-beach-miami,-80.138926,25.783453,3.3548736572265625,1,0.5,False,0.015,low
4755603f-84e7-468c-a86e-f477d705fdb7,south-beach-miami,-80.139257,25.783557,2.1701388359069824,1,0.5,False,0.015,low
7a29bf8c-c838-4cf0-b4f1-2aea9fc3358f,south-beach-miami,-80.139249,25.78332,4.2,1,0.5,False,0.015,low
a22d3c5b-0d00-4fe9-abea-6cbd773e4eff,south-beach-miami,-80.139095,25.783456,3.1,1,0.5,False,0.015,low
8fe8a910-36cf-4832-89a1-51232b89ea15,south-beach-miami,-80.139382,25.783168,4.6,0,0.0,False,0.0,none
6665ecea-c7ab-4c52-8827-72c02863ca8f,south-beach-miami,-80.139404,25.783042,5.2,0,0.0,False,0.0,none
01fe189e-4bb1-4094-a504-1cff063d7a0f,south-beach-miami,-80.139445,25.783324,3.9362711906433105,2,1.5,False,0.045,low
9452580e-ba8b-40b0-90f9-41e248537b6d,south-beach-miami,-80.139436,25.783497,4.1,1,0.5,False,0.015,low
85f65d58-25c7-48ab-b6ad-f7b356403d72,south-beach-miami,-80.140174,25.78301,3.7801342010498047,1,0.5,False,0.015,low
52c75b67-1228-48bf-b83e-5ebf74cec3ea,south-beach-miami,-80.140086,25.781582,6.909696578979492,2,1.5,False,0.045,low
567f9b28-7ac9-4d8e-b3b8-05f37d26cf70,south-beach-miami,-80.139593,25.781923,8.4,1,0.5,False,0.015,low
5092551b-c353-44e4-a58d-2428587ada7e,south-beach-miami,-80.139929,25.78141,7.4,2,1.5,False,0.045,low
551240c8-9c15-4ac9-9ebb-fab1d74c32d8,south-beach-miami,-80.139929,25.781249,8.0,2,1.5,False,0.045,low
e16d5716-7d24-4466-bd26-db813d007abe,south-beach-miami,-80.139938,25.781069,4.4,2,1.5,False,0.045,low
bfbb775d-b297-4bad-b693-87df070b91e1,south-beach-miami,-80.139931,25.780895,7.5,1,0.5,False,0.015,low
a323874d-daca-4d51-9df2-2cd6ed932986,south-beach-miami,-80.140055,25.780746,5.9,2,1.5,False,0.045,low
8ab857e3-0b8c-4df0-869f-c32060747610,south-beach-miami,-80.140052,25.780362,7.0,2,1.5,False,0.045,low
e5bce8a5-5549-44a7-b2e3-e728fc93c884,south-beach-miami,-80.140029,25.780185,6.2,2,1.5,False,0.045,low
9355370e-a7c4-40cc-81af-4efe0249cc78,south-beach-miami,-80.140037,25.77968,7.2,1,0.5,False,0.015,low
7634b5bc-b258-49e8-99a0-6db6b398d56d,south-beach-miami,-80.139962,25.77986,4.3,2,1.5,False,0.045,low
63e06f2d-1830-4efb-9274-9837db3e354d,south-beach-miami,-80.139895,25.779997,4.139097690582275,2,1.5,False,0.045,low
58fd9ea7-81db-4fcf-a9ce-2fda6b93664c,south-beach-miami,-80.139897,25.7795,9.5,1,0.5,False,0.015,low
a5b11df5-3436-44f2-a17c-619927961e71,south-beach-miami,-80.139875,25.778947,,1,0.5,False,0.015,low
c5d8da38-d6a9-4564-8842-74e8aa1db817,south-beach-miami,-80.139884,25.778377,7.8,0,0.0,False,0.0,none
1dfd889f-0c40-431c-892a-fd3f89884a56,south-beach-miami,-80.140002,25.778768,5.0,0,0.0,False,0.0,none
84418dd1-8934-446f-84a6-d7adf19d743a,south-beach-miami,-80.139993,25.778525,4.9,0,0.0,False,0.0,none
91c020b0-97a2-482b-a3af-0213e3b61731,south-beach-miami,-80.140099,25.778345,6.2689385414123535,0,0.0,False,0.0,none
7d98bcc0-c656-4363-9755-207fd62f0362,south-beach-miami,-80.140083,25.778929,7.9,1,0.5,False,0.015,low
70c3cbcc-ba1d-4231-92d3-b6953d174627,south-beach-miami,-80.139994,25.779106,8.7,1,0.5,False,0.015,low
ccd0c941-a167-4f4f-986d-2ec5a96fe38a,south-beach-miami,-80.13957,25.788709,10.1,0,0.0,False,0.0,none
ac119dc5-759a-46c3-a084-87e3e1013490,south-beach-miami,-80.139719,25.788719,5.61667013168335,0,0.0,False,0.0,none
e0131946-52fc-4ad1-bd66-7a777dbb445c,south-beach-miami,-80.139577,25.788517,8.5,0,0.0,False,0.0,none
e0c2f15e-a839-4c45-ac6e-dfdc77673ade,south-beach-miami,-80.139589,25.788377,7.0,0,0.0,False,0.0,none
e5f247b5-9e85-4458-9695-acd741f5aa7f,south-beach-miami,-80.139544,25.788234,7.9,0,0.0,False,0.0,none
07cd396d-5dd5-4633-be55-3c8436337bd4,south-beach-miami,-80.1396,25.788109,7.9,0,0.0,False,0.0,none
d2bc56c7-dbaf-4ce9-9e71-754580810d42,south-beach-miami,-80.139559,25.787953,9.8,0,0.0,False,0.0,none
cd5b0719-0e8a-441b-b291-380a3ebe5980,south-beach-miami,-80.139535,25.787827,6.811428546905518,0,0.0,False,0.0,none
4acbd3cf-91ba-4e3b-9648-46b3490cb466,south-beach-miami,-80.139682,25.787619,5.259788990020752,0,0.0,False,0.0,none
b93b0582-c5e4-4e63-8c8c-e1b2c1a8307b,south-beach-miami,-80.140215,25.787209,7.3,1,0.5,False,0.015,low
279d7946-3864-48bb-bcc8-f90c3788180c,south-beach-miami,-80.1402,25.787061,7.5,0,0.0,False,0.0,none
b524f7ea-e893-43fe-a320-e9059cc07b62,south-beach-miami,-80.139536,25.786754,5.3,0,0.0,False,0.0,none
39d21ebd-d917-43fc-b907-4a9f08838743,south-beach-miami,-80.139699,25.786456,3.0819501876831055,1,0.5,False,0.015,low
e3b3d7dc-fd6d-47ff-a06d-89e40f316b61,south-beach-miami,-80.139531,25.786337,3.8,1,0.5,False,0.015,low
53342bc0-09b0-46da-942f-82138b5718cf,south-beach-miami,-80.139558,25.786199,3.452571392059326,1,0.5,False,0.015,low
12d65b73-5347-4415-85c0-2c0b9316c831,south-beach-miami,-80.139526,25.785926,4.7,1,0.5,False,0.015,low
0a67e394-0137-48e1-881a-058d09ada9ad,south-beach-miami,-80.140049,25.784384,3.6784777641296387,1,0.5,False,0.015,low
5688a65d-6a0c-4b42-bfba-20251eea47cf,south-beach-miami,-80.139465,25.783659,4.2,1,0.5,False,0.015,low
5e8db5dd-355b-46b6-93aa-86c58914a6ce,south-beach-miami,-80.139443,25.783826,5.8,1,0.5,False,0.015,low
8f08f7dc-5d8a-4e69-8395-c84aedc6f7f0,south-beach-miami,-80.13945,25.784175,4.377651214599609,1,0.5,False,0.015,low
7045110c-f583-4411-bc67-80cc0aed3733,south-beach-miami,-80.139116,25.783846,2.3528265953063965,1,0.5,False,0.015,low
b3e828ba-44f2-4091-a825-a83a3503d40f,south-beach-miami,-80.139267,25.783853,3.8,2,1.5,False,0.045,low
498ce962-61bd-47b1-9804-9bf479c72512,south-beach-miami,-80.13887,25.783825,5.1,1,0.5,False,0.015,low
9001f733-1669-4fc2-8889-5e5fcd3e50c8,south-beach-miami,-80.138926,25.78366,3.867689371109009,1,0.5,False,0.015,low
9c67e76c-6e92-4240-bafa-e0970409367a,south-beach-miami,-80.138988,25.78417,3.485330104827881,1,0.5,False,0.015,low
12d52970-e63a-4050-a305-e67e51b08920,south-beach-miami,-80.138993,25.784432,5.5,1,0.5,False,0.015,low
0858c644-5ea6-45af-89ca-fca6756071e1,south-beach-miami,-80.138972,25.784565,5.267886638641357,1,0.5,False,0.015,low
c2c24750-5422-4f97-9733-bc88edb79d8e,south-beach-miami,-80.138941,25.784704,4.532005310058594,2,1.5,False,0.045,low
c1157436-d918-4875-99b3-86701678380b,south-beach-miami,-80.138978,25.784847,2.825690507888794,2,1.5,False,0.045,low
3dc3427a-b04a-40a3-8459-2558f4794a47,south-beach-miami,-80.138973,25.784977,3.6421852111816406,1,0.5,False,0.015,low
5fea713f-cb0f-4902-900c-30279b861d8d,south-beach-miami,-80.139134,25.784708,2.233173131942749,1,0.5,False,0.015,low
a772e5f9-48f7-4e3a-906f-002ef404d593,south-beach-miami,-80.139455,25.784386,4.7,1,0.5,False,0.015,low
b9486203-ead1-4c54-ba1f-69aea63fbcb0,south-beach-miami,-80.139474,25.784554,3.080469846725464,2,1.5,False,0.045,low
a3291980-e76c-417e-9e95-a00bcf368c46,south-beach-miami,-80.1395,25.784832,5.0,1,0.5,False,0.015,low
dc75f03e-02d6-4b55-b9e2-6b556e3044f2,south-beach-miami,-80.139442,25.784689,4.8,2,1.5,False,0.045,low
2e7aa635-6713-4b49-90ec-a427c97e6381,south-beach-miami,-80.139305,25.78482,3.7,2,1.5,False,0.045,low
0a11561e-12eb-47be-b0c9-3c37dcc25aa1,south-beach-miami,-80.13931,25.784983,4.5,2,1.5,False,0.045,low
4a28e6da-5035-4abc-8edf-b63c2a106e72,south-beach-miami,-80.139514,25.784959,4.2083916664123535,1,0.5,False,0.015,low
51a2dd5b-6ac8-4cab-a634-d2cc51a20381,south-beach-miami,-80.13945,25.785098,3.7404463291168213,1,0.5,False,0.015,low
3dbeafcc-d412-4f44-ba97-25c5f58f1b89,south-beach-miami,-80.139165,25.785088,4.3,1,0.5,False,0.015,low
5d372585-e077-4109-9d1a-ed5068988434,south-beach-miami,-80.139312,25.785386,7.6,2,1.5,False,0.045,low
d42cbbd9-7ee7-4c72-970c-586de7a63bea,south-beach-miami,-80.139451,25.785517,3.645613193511963,1,0.5,False,0.015,low
a9637d10-cdcb-41dc-9bd2-1f38f65ac6a2,south-beach-miami,-80.139483,25.785382,3.4084904193878174,1,0.5,False,0.015,low
6845e4e4-501e-47d4-b01d-31a9dc542b86,south-beach-miami,-80.139488,25.785658,5.2,1,0.5,False,0.015,low
be7cf805-af8d-4efd-88a6-16c5f59129da,south-beach-miami,-80.139474,25.785789,5.3,1,0.5,False,0.015,low
9bcb1aff-4e64-4df3-b2ab-c82e18c5fd02,south-beach-miami,-80.139482,25.786074,3.383573293685913,1,0.5,False,0.015,low
e1164955-b7f8-45c0-87c9-426783855673,south-beach-miami,-80.139176,25.786187,3.3,1,0.5,False,0.015,low
73b3ff24-4f7b-4190-8947-f6501173fac6,south-beach-miami,-80.139174,25.786316,3.3,0,0.0,False,0.0,none
0acbff1a-d2e2-4114-a47d-0841e31e0e64,south-beach-miami,-80.139175,25.785955,7.0,1,0.5,False,0.015,low
c1836479-5a7f-4365-a65a-801af1908d2e,south-beach-miami,-80.13902,25.785806,3.8233134746551514,1,0.5,False,0.015,low
c320d80c-d378-4a63-a7bd-2e682f46993f,south-beach-miami,-80.13901,25.785932,4.8,1,0.5,False,0.015,low
f49b6027-a8bf-4167-808b-1ccdfd480b87,south-beach-miami,-80.138983,25.786062,3.6912693977355957,1,0.5,False,0.015,low
6194ee0b-ddeb-413d-8877-3fff0bb5e9af,south-beach-miami,-80.138969,25.786353,5.7,1,0.5,False,0.015,low
11497cc2-b892-400c-9111-66553c079ec7,south-beach-miami,-80.138935,25.78622,5.1,1,0.5,False,0.015,low
f2981c28-3004-4920-a0ab-0f0d1b08bac7,south-beach-miami,-80.138984,25.785657,4.015115737915039,1,0.5,False,0.015,low
c2860a12-d4ea-4655-9045-1e3aefb88d20,south-beach-miami,-80.139,25.785519,4.3,1,0.5,False,0.015,low
884c92f2-441b-431d-b846-02d0931bc294,south-beach-miami,-80.138961,25.785392,5.2,1,0.5,False,0.015,low
3022b1ae-a9a4-46b7-8329-b380ba1b362d,south-beach-miami,-80.138964,25.785116,3.72751522064209,1,0.5,False,0.015,low
848aa1c8-079e-4cdd-9432-5d386a46341f,south-beach-miami,-80.138448,25.78567,3.2,1,0.5,False,0.015,low
694c1483-4dab-45df-ae17-0613b1f0d841,south-beach-miami,-80.138361,25.786332,12.2,0,0.0,False,0.0,none
b0b7282e-0d7e-406e-8224-1135fb2539ed,south-beach-miami,-80.13777,25.784813,8.6,0,0.0,False,0.0,none
f5820baa-bf76-474f-916e-7decceb3344e,south-beach-miami,-80.138069,25.784589,8.5,1,0.5,False,0.015,low
25a7f6aa-7141-47f0-b922-0bad28cc2d2d,south-beach-miami,-80.137359,25.784761,,1,0.5,False,0.015,low
0f082641-7831-4474-a07a-140aec93f338,south-beach-miami,-80.137149,25.784564,5.027768611907959,0,0.0,False,0.0,none
1cd4dbb9-05c7-4615-9cf7-7307057e3efd,south-beach-miami,-80.136083,25.783669,8.4,0,0.0,False,0.0,none
53c60835-3ab6-4695-a070-146bc932ae2f,south-beach-miami,-80.135893,25.783706,6.1,0,0.0,False,0.0,none
08582754-ae7d-4517-b6af-68d5f0c1c73d,south-beach-miami,-80.135991,25.783879,10.8,1,0.5,False,0.015,low
38fb436a-9607-4881-99b5-51626fea09c7,south-beach-miami,-80.136005,25.784223,6.4,1,0.5,False,0.015,low
752271de-0085-40b4-9e2d-adf6c0c1f918,south-beach-miami,-80.136004,25.784358,9.5,1,0.5,False,0.015,low
847b2a58-954d-498f-b820-9073227ec6f8,south-beach-miami,-80.136015,25.784631,9.9,1,0.5,False,0.015,low
6b6b9308-2a45-4182-8017-3d837ff259fd,south-beach-miami,-80.136002,25.784497,13.1,1,0.5,False,0.015,low
e45a8612-c6db-4357-871f-189878466eb0,south-beach-miami,-80.13602,25.784774,8.1,1,0.5,False,0.015,low
2aa1c118-93ef-467c-80c1-ba5b0cef55ce,south-beach-miami,-80.136024,25.784917,8.9,1,0.5,False,0.015,low
16e7bfc0-cd72-4c11-9728-3a1af79341f2,south-beach-miami,-80.136719,25.78477,,0,0.0,False,0.0,none
e15a75ab-2642-4954-bea0-9b523758d1ca,south-beach-miami,-80.136029,25.785049,7.6,1,0.5,False,0.015,low
03ab5183-f48a-4e0a-8de5-5ed9c369f2e2,south-beach-miami,-80.136036,25.785187,12.9,1,0.5,False,0.015,low
52fa2461-5eb8-4633-be51-7155375f6fbb,south-beach-miami,-80.136034,25.785463,7.2,1,0.5,False,0.015,low
4a4554e1-b256-435b-98cd-2180eb5ef3ff,south-beach-miami,-80.13606,25.785596,13.1,1,0.5,False,0.015,low
b7c42f4b-a76b-4571-8095-6d76f2048a2d,south-beach-miami,-80.136043,25.785731,6.7,1,0.5,False,0.015,low
9e3a97fc-383f-42cc-8893-0b484103e2b4,south-beach-miami,-80.136049,25.785872,6.6,1,0.5,False,0.015,low
016c9fee-03db-4a93-9c87-21d1fe9b020c,south-beach-miami,-80.136032,25.786002,8.4,1,0.5,False,0.015,low
42a6c578-5bc0-4ce3-ae73-321eb8f550c7,south-beach-miami,-80.136094,25.78637,7.7,1,0.5,False,0.015,low
ef3a9a58-18a3-4a0d-b679-953e4f4c6068,south-beach-miami,-80.137646,25.786568,9.5,1,0.5,False,0.015,low
d1923e9c-5c5e-497f-8e09-9a911c576960,south-beach-miami,-80.137485,25.786437,2.8,1,0.5,False,0.015,low
e9ff9f5e-6d4b-48f9-ac06-c76de8c70468,south-beach-miami,-80.137229,25.786644,5.2,1,0.5,False,0.015,low
3f32153a-663c-41f2-be02-afd4d75c6dcf,south-beach-miami,-80.137393,25.78664,7.2,0,0.0,False,0.0,none
0e8fcbbb-ec27-41d6-8c25-42e6f9322ccd,south-beach-miami,-80.137231,25.786945,7.8,0,0.0,False,0.0,none
71d9bfdc-b6b4-4e5f-bca9-34bb4c2ddc44,south-beach-miami,-80.137385,25.786918,7.5,1,0.5,False,0.015,low
d93d6249-968a-4a4c-afcd-17742273f7ac,south-beach-miami,-80.137658,25.786732,7.0,0,0.0,False,0.0,none
b2c257f7-b310-4c9c-afb1-cdedd66d7630,south-beach-miami,-80.137678,25.786997,7.0,1,0.5,False,0.015,low
5addda96-1662-4666-8436-be162fb243f3,south-beach-miami,-80.137236,25.787698,10.9,0,0.0,False,0.0,none
8df0bb43-df25-4749-a34b-fea6634428db,south-beach-miami,-80.137377,25.787193,9.1,0,0.0,False,0.0,none
1876b937-e9a3-41b9-8c04-4eafbe896635,south-beach-miami,-80.137188,25.78722,8.9,0,0.0,False,0.0,none
393fa7d9-6132-44a7-bc85-ff1f16923c4e,south-beach-miami,-80.137002,25.787201,4.191477298736572,0,0.0,False,0.0,none
e6a8ef73-8434-4c2b-b741-405fcdc6baee,south-beach-miami,-80.136805,25.787621,5.9,0,0.0,False,0.0,none
503ae003-4e7f-4d84-91fe-78e4e93b84d4,south-beach-miami,-80.136893,25.787132,1.1298245191574097,0,0.0,False,0.0,none
b9f20c73-1a25-465b-9615-49cc93c03892,south-beach-miami,-80.136763,25.786972,8.5,0,0.0,False,0.0,none
f632689e-0fe3-40a0-b83e-0b075849f888,south-beach-miami,-80.136927,25.786936,7.1,0,0.0,False,0.0,none
c4631421-bc83-484c-a20c-31d23daf6674,south-beach-miami,-80.136934,25.78704,5.0,0,0.0,False,0.0,none
4b890551-1d0a-4a35-a571-3484bd346368,south-beach-miami,-80.137085,25.78695,7.4,0,0.0,False,0.0,none
f36ff4c3-3e7e-47df-a56a-f0b71c7fb2f9,south-beach-miami,-80.137078,25.786647,7.5,1,0.5,False,0.015,low
19be817e-cc1d-4c86-b016-7105e2fef8ca,south-beach-miami,-80.136921,25.786664,7.5,0,0.0,False,0.0,none
7f70d7d4-cb41-4539-8ce3-f7243d9bb4d5,south-beach-miami,-80.136775,25.786665,6.9,0,0.0,False,0.0,none
59e7d2ec-6914-45bc-866e-503b2488557d,south-beach-miami,-80.136609,25.786652,7.9,1,0.5,False,0.015,low
bc949b19-cb8a-408c-b9b9-d5220c59f2ec,south-beach-miami,-80.136591,25.786986,4.6472954750061035,0,0.0,False,0.0,none
415edbf0-a549-44f6-9941-fba1e3f5aeee,south-beach-miami,-80.13624,25.786398,7.6,1,0.5,False,0.015,low
6792fa3a-5050-4254-a565-dc9e4f7019c5,south-beach-miami,-80.136167,25.786653,9.2,0,0.0,False,0.0,none
e9d9f7b1-fcff-4c74-8fe8-06bb18758bf9,south-beach-miami,-80.135875,25.786431,18.7,1,0.5,False,0.015,low
acb928ea-1fa7-45eb-b845-e2e2b8700c26,south-beach-miami,-80.135863,25.786671,6.6,0,0.0,False,0.0,none
8360abfa-d8e7-49ca-82b9-b188511c6cd5,south-beach-miami,-80.135943,25.787009,7.9,0,0.0,False,0.0,none
a494ea8f-e959-4f42-a77f-029e7eba52a7,south-beach-miami,-80.136179,25.787026,8.8,1,0.5,False,0.015,low
a0dae435-d79b-4d52-8f76-e7aa1e91246f,south-beach-miami,-80.136156,25.78722,9.2,0,0.0,False,0.0,none
202ebcb5-34f1-4a54-bd26-687ab540a9fa,south-beach-miami,-80.135898,25.787234,8.9,1,0.5,False,0.015,low
e3d8cf63-3e53-4552-ba96-1d891eb948cd,south-beach-miami,-80.136102,25.787626,8.5,0,0.0,False,0.0,none
5a29950a-fb43-4203-b9bb-363d86623f66,south-beach-miami,-80.136751,25.787181,10.0,1,0.5,False,0.015,low
4e9ea84d-c685-4070-8290-9c4f279ba8b2,south-beach-miami,-80.136195,25.787776,7.4,0,0.0,False,0.0,none
7578f329-06b3-4b30-8bfb-f33b4cf34d79,south-beach-miami,-80.136116,25.78805,7.8,0,0.0,False,0.0,none
4d49aea9-23da-47c4-b8a5-6f0fc282aa07,south-beach-miami,-80.136126,25.787919,10.0,0,0.0,False,0.0,none
f28ab497-df9c-4631-aef0-d2a5b43706df,south-beach-miami,-80.135956,25.787755,7.6,0,0.0,False,0.0,none
061fd393-cd61-4efa-9a5c-5c26fc112adc,south-beach-miami,-80.136112,25.788199,13.0,0,0.0,False,0.0,none
a20f41dc-293c-45d3-95ef-ab99ba2dd458,south-beach-miami,-80.13624,25.788334,7.9,0,0.0,False,0.0,none
ef75d626-2dbc-4f60-9225-826db8bf3d96,south-beach-miami,-80.136176,25.788609,9.2,1,0.5,False,0.015,low
beb9ae8a-9f60-4e84-b471-efa6229b30b9,south-beach-miami,-80.136173,25.788472,10.9,1,0.5,False,0.015,low
ce63c0c4-49f7-42e4-85d5-b8853704feca,south-beach-miami,-80.136152,25.788803,11.5,1,0.5,False,0.015,low
638e10f5-6779-490e-80f0-2ab10d049ccd,south-beach-miami,-80.136759,25.788457,7.7,0,0.0,False,0.0,none
9f3e7f91-deae-4987-b028-879d17294fc3,south-beach-miami,-80.136767,25.788867,8.7,0,0.0,False,0.0,none
bcb3de56-ac07-4578-b436-60e19fd253db,south-beach-miami,-80.137003,25.788783,8.9,1,0.5,False,0.015,low
9a352614-dbb1-47ca-a3cc-180ce090cd90,south-beach-miami,-80.137114,25.78844,7.1,0,0.0,False,0.0,none
7214f768-d773-40b3-b1b7-d41ec696b1e8,south-beach-miami,-80.136762,25.78871,11.9,0,0.0,False,0.0,none
a4c79f03-30ae-41cb-809d-a932e7562049,south-beach-miami,-80.136829,25.788582,8.9,0,0.0,False,0.0,none
e8469030-3a3d-453d-a2b3-6220e995dccf,south-beach-miami,-80.136821,25.788243,12.3,0,0.0,False,0.0,none
82a5f858-8300-47c5-8800-c54f942aaab0,south-beach-miami,-80.136812,25.788041,9.9,0,0.0,False,0.0,none
e0c39d3f-92e9-42bd-9121-5be56749807c,south-beach-miami,-80.136811,25.787885,9.7,0,0.0,False,0.0,none
b21603e6-0331-4cf7-b570-11b3f62f80f4,south-beach-miami,-80.1368,25.787758,8.7,0,0.0,False,0.0,none
68bc0ebd-e8b7-4272-8f1e-895e2a757aff,south-beach-miami,-80.137257,25.788298,7.6,0,0.0,False,0.0,none
ecf4dac2-0f61-4d07-9a9f-2ca6b728ce37,south-beach-miami,-80.137248,25.788174,6.7,1,0.5,False,0.015,low
7170a5da-77ee-4ec4-a4f7-59e8d48030a0,south-beach-miami,-80.137263,25.787888,10.9,0,0.0,False,0.0,none
e8b3c57f-3beb-4471-a92c-ffc1e4fbd268,south-beach-miami,-80.137372,25.788017,7.4,0,0.0,False,0.0,none
6bb05c43-242a-461a-aefd-22cff27b4f79,south-beach-miami,-80.137346,25.788436,8.7,0,0.0,False,0.0,none
94fbaa10-aba4-43a0-b4ba-fa7b1c50e1ae,south-beach-miami,-80.137264,25.788576,7.7,0,0.0,False,0.0,none
def09252-70ef-47e3-a6d5-6c9179f05ac0,south-beach-miami,-80.137264,25.788704,8.1,0,0.0,False,0.0,none
260c9b23-ac36-49b8-8e86-331fa979ac0e,south-beach-miami,-80.137269,25.78884,7.5,0,0.0,False,0.0,none
11028bea-106d-4be1-969d-27691d40d1a5,south-beach-miami,-80.137876,25.788558,8.7,0,0.0,False,0.0,none
8de4906a-8dbc-49c3-acd3-1259797de00b,south-beach-miami,-80.137959,25.788756,8.970037460327148,0,0.0,False,0.0,none
cd079b5c-dc0a-4a2a-890b-33a2c0f59cf7,south-beach-miami,-80.13829,25.788832,7.4,0,0.0,False,0.0,none
8d370724-06aa-49a6-b8ff-2464f7f27af2,south-beach-miami,-80.138501,25.78882,4.7004899978637695,0,0.0,False,0.0,none
becccfda-fd6e-4403-82a6-0ef98e3bd005,south-beach-miami,-80.138395,25.788686,7.5,0,0.0,False,0.0,none
94a50451-96d3-4a6d-8cd6-a887bda8e85b,south-beach-miami,-80.138384,25.788547,11.0,0,0.0,False,0.0,none
c560a46b-a2d4-4d9c-9832-ce29418f3597,south-beach-miami,-80.138379,25.78841,7.0,0,0.0,False,0.0,none
f28a0b3c-e7d5-4dcc-892a-05ed9f8446e7,south-beach-miami,-80.138398,25.788269,6.698943614959717,0,0.0,False,0.0,none
22ab78a4-2b38-4335-a79e-c3ab095dc667,south-beach-miami,-80.138372,25.788059,9.2,0,0.0,False,0.0,none
cd965425-8c2a-4c78-997b-f4d91bbfcdb0,south-beach-miami,-80.13826,25.787865,7.5,1,0.5,False,0.015,low
e46284ff-19c2-42cd-b5d2-f7da71f414fe,south-beach-miami,-80.137937,25.787929,12.5,0,0.0,False,0.0,none
194067c9-f126-43cf-81eb-ace1aba718f2,south-beach-miami,-80.137937,25.788292,15.3,0,0.0,False,0.0,none
db52346e-d3b4-4905-b5ed-f36269714a81,south-beach-miami,-80.13794,25.788123,10.3,0,0.0,False,0.0,none
bdce4403-371f-4d52-bce0-fa1697055bbc,south-beach-miami,-80.137878,25.788417,8.5,0,0.0,False,0.0,none
a4ae49d5-ec8f-4932-bbdb-7f0ca56fcd8a,south-beach-miami,-80.137898,25.787737,8.8,0,0.0,False,0.0,none
2ba75860-1f16-4234-9f8c-c523490f0eec,south-beach-miami,-80.13793,25.787597,10.8,0,0.0,False,0.0,none
5e2dbfb6-71ca-4196-919c-fd26d8c8deef,south-beach-miami,-80.138139,25.787194,8.3,0,0.0,False,0.0,none
1dd217d0-1dca-4d50-b840-2d1498892bb8,south-beach-miami,-80.137854,25.787179,15.3,0,0.0,False,0.0,none
620e13ce-034a-4f8a-b260-e5ab32b7909b,south-beach-miami,-80.137725,25.786924,3.6,0,0.0,False,0.0,none
09c76bf3-b2ce-4811-ac69-d241f68b2704,south-beach-miami,-80.137692,25.786845,5.7,1,0.5,False,0.015,low
c57ff245-9728-4da9-aaeb-cfcadc9e3edb,south-beach-miami,-80.138479,25.786469,6.4,1,0.5,False,0.015,low
2035b373-e1e6-4499-b3b1-b958d6c9f826,south-beach-miami,-80.138492,25.787163,9.0,0,0.0,False,0.0,none
b48ee461-f0d2-4f24-bf93-c411fe904ac5,south-beach-miami,-80.138335,25.787175,9.6,0,0.0,False,0.0,none
9f3c66da-ed8d-48a4-b399-4bfc2945ad07,south-beach-miami,-80.138355,25.787583,,0,0.0,False,0.0,none
44dbf0b1-545a-4ed2-9bb2-e754759b5aab,south-beach-miami,-80.138362,25.787716,,2,1.5,False,0.045,low
86530d27-4bf2-4858-b1d6-949b9dcea5f1,south-beach-miami,-80.138984,25.787707,7.7,0,0.0,False,0.0,none
525303aa-4f2f-4d52-981b-47363de3a9b6,south-beach-miami,-80.138982,25.787556,7.8,0,0.0,False,0.0,none
e52394db-5c9e-49ca-9556-f24ca46bd5d6,south-beach-miami,-80.138968,25.786503,8.6,0,0.0,False,0.0,none
dc022dfb-4b07-45e4-b561-a42f3c7d0993,south-beach-miami,-80.138984,25.786682,4.965599536895752,0,0.0,False,0.0,none
29bf0c6e-bb3b-413e-b048-a8120e124c02,south-beach-miami,-80.139198,25.786426,2.8,0,0.0,False,0.0,none
c8546330-1ffb-4e60-9922-72610c82e373,south-beach-miami,-80.139183,25.786617,3.0,0,0.0,False,0.0,none
b9e31faa-f5cc-4555-9f1e-e856a3ab05ef,south-beach-miami,-80.139518,25.78648,5.2,1,0.5,False,0.015,low
6d57b9ce-3489-457f-8184-8f8f93a86cc4,south-beach-miami,-80.13952,25.786614,5.2,0,0.0,False,0.0,none
abd47fc4-1c7e-4a00-abb4-bf125619cda3,south-beach-miami,-80.139458,25.786885,5.0,0,0.0,False,0.0,none
b61f436e-14cd-4c39-9098-f6d501611acf,south-beach-miami,-80.139323,25.786872,4.1,0,0.0,False,0.0,none
34bbccb6-5183-4a8f-aba4-1b4b82edf706,south-beach-miami,-80.139238,25.787627,7.9,0,0.0,False,0.0,none
36d4277a-db53-4d34-a393-e1bbb4eaa576,south-beach-miami,-80.139451,25.787622,7.9,0,0.0,False,0.0,none
f9043327-ea23-4922-92c2-b0764e4e9957,south-beach-miami,-80.13924,25.788252,3.3,0,0.0,False,0.0,none
5f544244-453d-4579-8488-1d8d257c2a95,south-beach-miami,-80.139253,25.788391,3.0,0,0.0,False,0.0,none
c2301e36-3cdc-4ac4-8044-7b05e01a7c7f,south-beach-miami,-80.13896,25.787835,7.6,0,0.0,False,0.0,none
3a98e847-dfae-4947-9beb-7d2a9d5ca37e,south-beach-miami,-80.138959,25.788,7.4,0,0.0,False,0.0,none
38c30589-1bf9-4078-8238-aa82ff4e3a36,south-beach-miami,-80.138981,25.788129,8.7,0,0.0,False,0.0,none
2e20c990-0a7c-4391-bffa-67aa17d9775a,south-beach-miami,-80.138988,25.788239,5.0,0,0.0,False,0.0,none
ca032c9d-2b40-4af7-880a-26486570dc1f,south-beach-miami,-80.13901,25.788393,9.3,0,0.0,False,0.0,none
0d396f93-416a-4016-88d2-ffe24fc69e2d,south-beach-miami,-80.138996,25.788524,4.8,0,0.0,False,0.0,none
503dc45b-dbf6-4a0f-b9ce-4d5491c9034a,south-beach-miami,-80.13899,25.788719,6.7,0,0.0,False,0.0,none
b2e61956-5229-41b8-8461-813f01073ac5,south-beach-miami,-80.139259,25.788489,5.3,0,0.0,False,0.0,none
857ffdf4-ac9d-49d1-88f2-a165651a96f9,south-beach-miami,-80.13921,25.788734,6.6,0,0.0,False,0.0,none
c9b81ef4-163d-4573-a7cb-ff4354c3aee9,south-beach-miami,-80.139407,25.788718,6.059146404266357,0,0.0,False,0.0,none
46c0d118-fdd1-4c46-ac8b-dab9c8afbbb9,south-beach-miami,-80.13931,25.789403,6.2,0,0.0,False,0.0,none
060ff379-3750-4d7e-bdd1-9afb36451c67,south-beach-miami,-80.139135,25.789682,10.4,0,0.0,False,0.0,none
1a8ea578-ec26-4e20-9cf6-56c6c3b07a3b,south-beach-miami,-80.13912,25.789537,6.2,0,0.0,False,0.0,none
d679b6ec-b41a-4116-8bfa-ce1a83a34dbf,south-beach-miami,-80.13924,25.789119,10.4,0,0.0,False,0.0,none
bf802150-d0b9-465d-a870-e0a1c37a28ca,south-beach-miami,-80.139107,25.789271,5.8,0,0.0,False,0.0,none
657df19a-34ea-4872-9c3a-21007d07f985,south-beach-miami,-80.139019,25.789133,9.9,0,0.0,False,0.0,none
68f88b80-343a-4ad7-9ce0-0770a6031ac8,south-beach-miami,-80.139054,25.789409,7.6,0,0.0,False,0.0,none
7a02e749-d578-4115-a419-a5738cf9829a,south-beach-miami,-80.139059,25.79015,,0,0.0,False,0.0,none
a6c23bc8-27a4-4825-8805-8e0ce2ff7d4b,south-beach-miami,-80.139456,25.790144,,0,0.0,False,0.0,none
215a4ff6-cbae-4fab-b8b6-f6eb2f87355b,south-beach-miami,-80.139305,25.790229,,0,0.0,False,0.0,none
2a5a838b-ab96-4e8b-a582-c0423eec72c3,south-beach-miami,-80.139083,25.790507,,0,0.0,False,0.0,none
17795e24-4926-474b-a417-a5c27b07eceb,south-beach-miami,-80.139022,25.790817,,0,0.0,False,0.0,none
12584a3d-a121-4919-b19a-dc52ba192d97,south-beach-miami,-80.139082,25.790832,,0,0.0,False,0.0,none
6c610118-e8ef-4fec-9c01-44a7995b46f2,south-beach-miami,-80.139338,25.790825,,0,0.0,False,0.0,none
67d90e05-587e-4a86-a9b0-fa5a2ed188cb,south-beach-miami,-80.139506,25.79082,,0,0.0,False,0.0,none
08a9eb34-9840-4b44-91b0-50a0aa2948e8,south-beach-miami,-80.139188,25.791649,18.744985580444336,0,0.0,False,0.0,none
5965a978-3891-4f4b-a431-6d86bca2e708,south-beach-miami,-80.138628,25.790849,,0,0.0,False,0.0,none
28eb8662-7e65-4dc8-8cb9-9cbc45bc65d6,south-beach-miami,-80.138541,25.790522,,0,0.0,False,0.0,none
1c27455d-7fa5-4ee9-a00a-7619bb596834,south-beach-miami,-80.138375,25.790529,,0,0.0,False,0.0,none
a17da574-f5b5-4351-b391-c8d60e01ba80,south-beach-miami,-80.138335,25.790745,,0,0.0,False,0.0,none
4393bc61-2b8e-4186-af0a-513c55429e8c,south-beach-miami,-80.138333,25.79098,,0,0.0,False,0.0,none
094c4a7d-76ec-4239-8044-67e2934956d7,south-beach-miami,-80.138192,25.790954,,0,0.0,False,0.0,none
d61fbfcd-05b8-426d-9b27-e41ab29db482,south-beach-miami,-80.138467,25.790973,,0,0.0,False,0.0,none
337b6d63-9771-4ccb-b430-eb11f1c0a25c,south-beach-miami,-80.138515,25.791804,,0,0.0,False,0.0,none
d820da3c-c6d9-4654-953a-93538c02eddb,south-beach-miami,-80.138261,25.791362,15.730653762817383,0,0.0,False,0.0,none
5eb47a40-dd34-4f01-9681-01f5d46641a2,south-beach-miami,-80.138078,25.791828,9.203450202941895,0,0.0,False,0.0,none
756168de-df45-4aad-9dce-0817f26e1670,south-beach-miami,-80.137945,25.790857,,0,0.0,False,0.0,none
2f084600-44d9-4df5-9609-e02ca5d5cdb4,south-beach-miami,-80.137856,25.790239,,0,0.0,False,0.0,none
86a43e55-7cf3-4738-b049-8f8d1ca0c92e,south-beach-miami,-80.137837,25.790035,,0,0.0,False,0.0,none
a63ded0f-ca53-4aa3-838f-473058366be7,south-beach-miami,-80.138,25.790175,,0,0.0,False,0.0,none
861e6aa4-835f-4016-b8b6-6b094cf36be1,south-beach-miami,-80.138224,25.790155,,0,0.0,False,0.0,none
ee04593a-1e17-49d7-b1e0-a831fbdb1073,south-beach-miami,-80.138564,25.790188,,0,0.0,False,0.0,none
5827d8b4-d453-490d-b95e-1600b83701e9,south-beach-miami,-80.13844,25.790096,,0,0.0,False,0.0,none
e52041d7-17a2-43c7-ac59-d0e124a695e4,south-beach-miami,-80.138461,25.789692,4.204207897186279,0,0.0,False,0.0,none
470e04d9-0ff3-4b86-8817-7a437331a709,south-beach-miami,-80.138418,25.789557,9.9,0,0.0,False,0.0,none
5dfbe5e5-3414-4d04-a52a-fec67fa29a08,south-beach-miami,-80.138438,25.789421,5.964397430419922,0,0.0,False,0.0,none
edc58f68-cdfe-413f-9c26-1691c200d7b0,south-beach-miami,-80.138403,25.789149,8.6,0,0.0,False,0.0,none
ce5c4095-92e2-433b-b5d9-16819bb0759d,south-beach-miami,-80.138361,25.789267,7.2,0,0.0,False,0.0,none
43080f17-4f8e-4350-baf8-45cc6b9e6ffc,south-beach-miami,-80.137983,25.789151,8.1,0,0.0,False,0.0,none
edc900fb-ff57-4070-84a4-a6c1a640803c,south-beach-miami,-80.13799,25.789295,7.2,0,0.0,False,0.0,none
bdadd501-7d92-4b36-b602-4c53ca265bd4,south-beach-miami,-80.137989,25.789432,16.0,0,0.0,False,0.0,none
0c637705-bd1c-4fe6-a0a7-ca0bf00cfb71,south-beach-miami,-80.137991,25.789561,3.8983349800109863,0,0.0,False,0.0,none
8b372e55-794c-4b39-8cf8-4bd5c8939b21,south-beach-miami,-80.137276,25.789164,9.9,0,0.0,False,0.0,none
6c19d30f-5b83-4176-b387-57c9cfa6b7c0,south-beach-miami,-80.137301,25.789297,9.3,0,0.0,False,0.0,none
8018be97-cb93-4871-bf47-da77dbd4c8d8,south-beach-miami,-80.137288,25.78943,10.9,0,0.0,False,0.0,none
9a538d9b-0db3-40a0-992f-c363450e6f28,south-beach-miami,-80.137294,25.789585,16.9,0,0.0,False,0.0,none
bbddb7d2-cc17-44f9-afc4-6536aba28bc0,south-beach-miami,-80.137343,25.789715,6.25093936920166,0,0.0,False,0.0,none
17c5e3dc-6def-43dc-85e8-f963fb492dab,south-beach-miami,-80.137482,25.790094,,0,0.0,False,0.0,none
feac9d0f-ea8b-4db1-b1f6-15aa4de68626,south-beach-miami,-80.137481,25.790307,,0,0.0,False,0.0,none
81070ea5-2574-4e90-8187-1b713fb58858,south-beach-miami,-80.137246,25.790297,,0,0.0,False,0.0,none
ad0703ea-db8f-4ac1-9bfb-9a00961e2a79,south-beach-miami,-80.137327,25.790033,,0,0.0,False,0.0,none
7225a998-1e15-4708-b177-0622da3bd77a,south-beach-miami,-80.13733,25.790135,,0,0.0,False,0.0,none
be180bda-3b0f-4805-9c4c-91e2fca0311e,south-beach-miami,-80.137027,25.790211,,0,0.0,False,0.0,none
653503dc-9221-4b9c-96e0-6a84e3ea5e2f,south-beach-miami,-80.136801,25.790214,,0,0.0,False,0.0,none
0ddb4f2c-353d-4bf3-83b5-6f85c76873df,south-beach-miami,-80.136867,25.789732,9.8,0,0.0,False,0.0,none
29fdfda9-e44d-42a3-bdf2-fef59968bb5e,south-beach-miami,-80.136861,25.789466,9.5,1,0.5,False,0.015,low
c84d87b3-d12e-4c2a-9068-81b01be4044c,south-beach-miami,-80.136847,25.789595,7.7,1,0.5,False,0.015,low
9d1213a1-34f8-470e-9f99-1256e542b881,south-beach-miami,-80.136871,25.789281,9.5,0,0.0,False,0.0,none
73e43ca4-37ca-42ae-b707-7962ce50d3e7,south-beach-miami,-80.136165,25.78933,8.021050453186035,1,0.5,False,0.015,low
77740584-6463-4e47-a85d-c76509905f99,south-beach-miami,-80.136161,25.789204,6.4,1,0.5,False,0.015,low
9f8ccaa9-f873-4368-b2fd-45d75df6df8f,south-beach-miami,-80.136163,25.789473,10.7,1,0.5,False,0.015,low
6a7b0b30-a4c2-4282-be76-da60624fae48,south-beach-miami,-80.13617,25.789617,15.6,0,0.0,False,0.0,none
8949ff41-627e-410a-a85d-77c82d2dfe5a,south-beach-miami,-80.136193,25.789728,8.2,0,0.0,False,0.0,none
bea7e032-419c-4de2-a4e0-d236595fdf50,south-beach-miami,-80.136055,25.790241,,0,0.0,False,0.0,none
9dbf4aff-154c-443e-a891-4c3008a7bc90,south-beach-miami,-80.135903,25.79023,,0,0.0,False,0.0,none
538aa85b-b49b-440b-b35e-12171a223115,south-beach-miami,-80.136289,25.79023,,0,0.0,False,0.0,none
6cbd0955-d092-446c-bbb9-5369e2709e75,south-beach-miami,-80.136255,25.790529,,0,0.0,False,0.0,none
4951309d-18b5-43e8-891e-1538932d6217,south-beach-miami,-80.13618,25.790531,,0,0.0,False,0.0,none
9052ce7a-9727-493a-9821-d45a795fdd27,south-beach-miami,-80.136103,25.790533,,0,0.0,False,0.0,none
14bd81f7-e517-408d-8d4c-38243befdf9a,south-beach-miami,-80.135975,25.790876,,0,0.0,False,0.0,none
4019483a-7640-4c18-888c-e26adf07d32a,south-beach-miami,-80.136316,25.790948,,0,0.0,False,0.0,none
174d6994-8bc0-40d9-9832-53b07f389cd8,south-beach-miami,-80.136209,25.790823,,0,0.0,False,0.0,none
ffa01b83-39ce-4b5c-bf5a-ff3843924afe,south-beach-miami,-80.136122,25.791389,,0,0.0,False,0.0,none
d59e56ab-8ce4-4ad3-898b-6071593394bf,south-beach-miami,-80.136117,25.791795,21.4,0,0.0,False,0.0,none
bee3ad31-7334-45da-80a1-c1aa7ceca178,south-beach-miami,-80.136926,25.791588,12.3,0,0.0,False,0.0,none
3071c32a-9a07-4353-8783-d1490930e68c,south-beach-miami,-80.136927,25.791766,13.1,0,0.0,False,0.0,none
c6245527-978d-4f0a-b8b6-9bd01603f6d4,south-beach-miami,-80.136894,25.790894,,0,0.0,False,0.0,none
0c9bbd87-7bdf-4cc2-87ce-02e89a6d974f,south-beach-miami,-80.136831,25.790556,,0,0.0,False,0.0,none
ee4a43c9-33b0-4989-aecc-c395541dee3e,south-beach-miami,-80.136878,25.790586,,0,0.0,False,0.0,none
d9599902-bbec-4815-882d-97473271e862,south-beach-miami,-80.136922,25.790553,,0,0.0,False,0.0,none
edfb39c0-0ce2-43cc-b919-e15f6e6af757,south-beach-miami,-80.136969,25.790585,,0,0.0,False,0.0,none
c3de4b90-742b-4db1-a498-87720619e436,south-beach-miami,-80.137015,25.79055,,0,0.0,False,0.0,none
4ad5d572-50a0-48b4-8e31-c0591fb5fd4f,south-beach-miami,-80.137106,25.790548,,0,0.0,False,0.0,none
f585c5f4-1e0f-4e12-8266-56c725eb8184,south-beach-miami,-80.137063,25.790583,,0,0.0,False,0.0,none
6785cb7c-20ae-47c2-ae7e-2d7299a52155,south-beach-miami,-80.137342,25.79102,,0,0.0,False,0.0,none
136b02b4-6109-4f49-a7a1-bba04e916fe6,south-beach-miami,-80.137347,25.790881,,0,0.0,False,0.0,none
0414f209-ff9d-40ec-ae5d-e2eca27b6315,south-beach-miami,-80.137347,25.790741,,0,0.0,False,0.0,none
02c8b44f-e62c-45fc-b4d1-9554634ad3a7,south-beach-miami,-80.137342,25.79185,41.8,0,0.0,False,0.0,none
b16cb2ea-ccc2-45d5-9220-5e8dfcd1a4ca,south-beach-miami,-80.137462,25.792723,6.9,0,0.0,False,0.0,none
71639e2f-af8e-4cfd-80f1-c4f63bcde3bd,south-beach-miami,-80.137483,25.792865,4.4,0,0.0,False,0.0,none
5890fe4e-2366-46ff-8393-d85648a5090d,south-beach-miami,-80.137504,25.793003,7.4,0,0.0,False,0.0,none
e8af38fb-4759-4e3c-84ae-13d967764fec,south-beach-miami,-80.137245,25.792768,4.3,0,0.0,False,0.0,none
ee347dc4-391b-49f2-9d88-3aa583f7aba0,south-beach-miami,-80.136979,25.793033,30.5,0,0.0,False,0.0,none
61b07b76-5940-4b49-93bc-c07fa8e6245b,south-beach-miami,-80.13698,25.793201,17.5,0,0.0,False,0.0,none
377ea189-8657-473c-bd46-921f6f9fd011,south-beach-miami,-80.136971,25.792868,22.2,0,0.0,False,0.0,none
37f51b9b-4d93-41e8-bbe5-9513b77a535a,south-beach-miami,-80.136948,25.792509,20.4,0,0.0,False,0.0,none
687dd440-4bcc-4206-9e58-be5b17d92790,south-beach-miami,-80.136928,25.791971,15.1,1,0.5,False,0.015,low
ae977d7f-393b-4388-a5a1-8e4a063401ea,south-beach-miami,-80.136004,25.792378,15.047085762023926,0,0.0,False,0.0,none
1bda6603-ce25-4eab-8dd4-46ce162be877,south-beach-miami,-80.136143,25.792929,14.57119369506836,0,0.0,False,0.0,none
ccaa1a07-de25-4bd1-b911-22c60a820b3b,south-beach-miami,-80.136398,25.793647,5.0,1,0.5,False,0.015,low
c56ece47-8e28-4785-aa22-1e4726d65d9c,south-beach-miami,-80.137013,25.794427,21.314064025878906,0,0.0,False,0.0,none
fec9c749-1e42-4442-a9cc-21f808e388dd,south-beach-miami,-80.137035,25.794133,8.0,0,0.0,False,0.0,none
1fe93060-66d6-4e49-a932-ceda89db63a9,south-beach-miami,-80.137007,25.793458,15.2,0,0.0,False,0.0,none
2aa91331-c09b-44ea-9826-0b86e0cfdf2c,south-beach-miami,-80.137008,25.793887,7.8,1,0.5,False,0.015,low
7fe84eb7-4d52-434a-b2e3-300933706610,south-beach-miami,-80.137527,25.793535,6.2,0,0.0,False,0.0,none
ba8ad2e1-0725-4955-8eee-fcf43211109e,south-beach-miami,-80.137536,25.793363,7.2,0,0.0,False,0.0,none
04b0af46-a2b7-48bd-bf91-f764a31b99a8,south-beach-miami,-80.137619,25.793293,5.9,0,0.0,False,0.0,none
08f2080f-d4d4-4c6c-a733-bd3f28f94e4b,south-beach-miami,-80.137426,25.793949,12.2,0,0.0,False,0.0,none
cd25f4b9-ba6e-4c23-9e3b-c776d2f0e978,south-beach-miami,-80.13744,25.794106,3.278341054916382,0,0.0,False,0.0,none
ef83f6d1-fb16-4a26-bc71-3aefd2e27b3b,south-beach-miami,-80.137317,25.794314,3.1,0,0.0,False,0.0,none
1d7a044c-5cd9-4254-9a6c-039591831e7c,south-beach-miami,-80.137443,25.794548,9.5,0,0.0,False,0.0,none
42f89e2d-418d-4a8a-8883-706e76624835,south-beach-miami,-80.137531,25.794274,7.8,0,0.0,False,0.0,none
5adeeb21-3cc3-4dca-a46d-b104e0e93c29,south-beach-miami,-80.138054,25.794008,7.8,0,0.0,False,0.0,none
9a41af9b-d451-4291-b30b-227ec2f590a0,south-beach-miami,-80.138049,25.794141,5.8,0,0.0,False,0.0,none
c7c59152-1bc8-4b61-9ff6-ab6b167c88ac,south-beach-miami,-80.138052,25.79428,7.1,0,0.0,False,0.0,none
94e54469-2339-41cb-ae22-b6c9f63e33e7,south-beach-miami,-80.138073,25.794423,5.4,0,0.0,False,0.0,none
a0453c85-af05-4df3-bffd-676c40903e4c,south-beach-miami,-80.138297,25.794389,3.2,0,0.0,False,0.0,none
ee9d41d6-0aed-46cb-b467-9afed56c0daa,south-beach-miami,-80.138495,25.79446,8.0,0,0.0,False,0.0,none
f2f369a8-aae4-4a1e-8541-b13ea4b2e8a2,south-beach-miami,-80.138431,25.794271,,0,0.0,False,0.0,none
50f6191c-232b-490f-81db-cb6d6fc69b24,south-beach-miami,-80.138575,25.794132,5.3,0,0.0,False,0.0,none
1a85e99b-de17-47ea-995c-99ae8963ebf8,south-beach-miami,-80.138275,25.793959,3.3,0,0.0,False,0.0,none
502d3eb7-4362-4b7a-8bfc-d1c4d67302b8,south-beach-miami,-80.13826,25.793828,4.5,0,0.0,False,0.0,none
45587074-8ecf-4224-b22d-8ab94a20785b,south-beach-miami,-80.138535,25.793461,22.0,0,0.0,False,0.0,none
b0dbaf1a-3bbe-46bc-863a-bbae48052729,south-beach-miami,-80.138009,25.793269,5.1,0,0.0,False,0.0,none
4be45711-a71b-4940-9481-32d8e1279f2d,south-beach-miami,-80.138024,25.793396,6.9,0,0.0,False,0.0,none
378a29f0-9c54-42f4-8931-a065ec899d71,south-beach-miami,-80.138119,25.79353,5.3,0,0.0,False,0.0,none
e4aa3877-f945-41d8-9f59-422282d23325,south-beach-miami,-80.13807,25.793868,8.2,0,0.0,False,0.0,none
fa586563-23f0-41a1-97e1-164984cd507f,south-beach-miami,-80.138125,25.793113,10.7,0,0.0,False,0.0,none
0ec9bb6d-7f2a-4cd0-83aa-ab65ccc61982,south-beach-miami,-80.1381,25.792931,11.3,0,0.0,False,0.0,none
ca52fa91-1eb4-4d32-8d08-8f001910214c,south-beach-miami,-80.137983,25.792704,6.6,0,0.0,False,0.0,none
abe3398f-cc13-4b5e-aa4e-730c673bbfc0,south-beach-miami,-80.137998,25.792579,7.0,0,0.0,False,0.0,none
0bbd8c3d-223c-44a7-90c0-0a2fece7d872,south-beach-miami,-80.137981,25.792304,6.9,0,0.0,False,0.0,none
b0f721ce-f82d-441f-b695-d5d09554072c,south-beach-miami,-80.138038,25.792427,6.7,0,0.0,False,0.0,none
3caccc21-e9a9-406e-b498-64b5a29aaa91,south-beach-miami,-80.138212,25.792445,3.5,0,0.0,False,0.0,none
73abe8af-2d5a-4263-9e75-b83a93c5f04b,south-beach-miami,-80.138234,25.792305,6.2,0,0.0,False,0.0,none
fef6beac-67b9-45d6-b852-273679169729,south-beach-miami,-80.138564,25.792306,7.5,0,0.0,False,0.0,none
fa222fe1-ee93-40e8-a2be-25d07efd33d3,south-beach-miami,-80.138417,25.79248,4.958139419555664,0,0.0,False,0.0,none
ab2f5590-6771-4851-886a-a63faf4fe984,south-beach-miami,-80.13853,25.792494,5.4,0,0.0,False,0.0,none
1f011188-1e7a-4d49-b6f5-75ec99fe7737,south-beach-miami,-80.138575,25.792696,5.1,0,0.0,False,0.0,none
921339c3-cd12-4b5c-9e75-191086f37c3c,south-beach-miami,-80.1386,25.792832,5.3,0,0.0,False,0.0,none
e876a879-5aa0-4274-8801-1d8832b4ceb5,south-beach-miami,-80.138156,25.792596,6.8,0,0.0,False,0.0,none
a6abf0e2-1406-49ac-96a6-d77e7a5789a4,south-beach-miami,-80.138238,25.792704,3.3,0,0.0,False,0.0,none
fac317d6-ee5c-4835-9c64-dec5421446f1,south-beach-miami,-80.13853,25.792967,5.784164905548096,0,0.0,False,0.0,none
22954af4-4605-4462-ba61-762c000ce567,south-beach-miami,-80.138536,25.793112,5.9,0,0.0,False,0.0,none
ae14f67a-8218-4abb-b447-cb0eeb9dbd5f,south-beach-miami,-80.138722,25.792522,3.684418201446533,0,0.0,False,0.0,none
b59004d7-0881-431e-b282-a1af264e9dee,south-beach-miami,-80.139135,25.792392,17.0,0,0.0,False,0.0,none
464cd001-402d-48f7-a35f-ec0f6ec77b8a,south-beach-miami,-80.139193,25.791935,18.7,0,0.0,False,0.0,none
04e68525-da37-48f5-82d1-0d8062b7f49c,south-beach-miami,-80.139499,25.792274,17.0,0,0.0,False,0.0,none
3f9f0f0c-7c2d-49d9-b50f-cd6b25cb4e09,south-beach-miami,-80.139351,25.792425,4.4,0,0.0,False,0.0,none
c1a64721-229c-4e1d-b929-89518ae154af,south-beach-miami,-80.139143,25.793007,6.1,0,0.0,False,0.0,none
bcf8f991-3c7f-4e3c-8df5-3f9941f4f3c4,south-beach-miami,-80.139334,25.793092,7.0,0,0.0,False,0.0,none
11cf3a8e-0c14-492e-9972-3534a84d46c1,south-beach-miami,-80.13944,25.793369,4.2,0,0.0,False,0.0,none
92b05713-204b-46f2-8c60-2a49bff001be,south-beach-miami,-80.139389,25.793494,4.0,0,0.0,False,0.0,none
0a4b5d20-6dce-4b55-b72b-36dd80783bc1,south-beach-miami,-80.139174,25.793507,7.0,0,0.0,False,0.0,none
4f38bcee-8e6f-46ab-947e-0661458baee4,south-beach-miami,-80.139148,25.793238,4.6,0,0.0,False,0.0,none
2f8bf213-bd4a-4ccd-ba5b-0c0312ac15b8,south-beach-miami,-80.139138,25.793366,7.3,0,0.0,False,0.0,none
18656843-b194-4044-ab97-868a72fa3904,south-beach-miami,-80.138631,25.793853,9.0,0,0.0,False,0.0,none
3e1f840b-9ff4-4f63-848a-34422cfa6c5b,south-beach-miami,-80.138635,25.79399,8.4,0,0.0,False,0.0,none
77505707-de27-423b-b193-28e6337e8214,south-beach-miami,-80.138661,25.79427,7.2,0,0.0,False,0.0,none
d5bb9247-2984-442b-92b9-5b1c1cd69558,south-beach-miami,-80.139283,25.794019,9.3,0,0.0,False,0.0,none
8a6699f4-1ac0-48e3-b854-7bd06e2dd6c3,south-beach-miami,-80.139531,25.793347,3.5,0,0.0,False,0.0,none
1556132e-a213-4967-9b21-3cef2f20eb4b,south-beach-miami,-80.139786,25.79349,5.1,0,0.0,False,0.0,none
70126752-1004-461a-b69d-35e7f96b680b,south-beach-miami,-80.1398,25.793353,4.6,0,0.0,False,0.0,none
15478189-6055-4cc7-9469-62f8eececa21,south-beach-miami,-80.139798,25.793216,5.3,0,0.0,False,0.0,none
a38784d3-fd15-45a8-9732-dcfb9f22fab3,south-beach-miami,-80.140184,25.794575,7.9,0,0.0,False,0.0,none
40250395-af15-4c0d-88b7-32680ca97a47,south-beach-miami,-80.139768,25.792674,5.1,0,0.0,False,0.0,none
51f0b0cb-54d6-454d-b1ba-5487fd164547,south-beach-miami,-80.139806,25.7928,5.6,0,0.0,False,0.0,none
c5df581e-0882-4eb2-a09e-b81874ea84aa,south-beach-miami,-80.13981,25.793087,4.117801189422607,0,0.0,False,0.0,none
650000eb-6819-4485-a5a4-14365f488984,south-beach-miami,-80.139783,25.792934,6.3,0,0.0,False,0.0,none
c052bb4a-f9fd-4ce6-8d3f-56b3c6c567a9,south-beach-miami,-80.139522,25.793078,4.6,0,0.0,False,0.0,none
53a9fda4-b601-4886-b15d-18623a0c4933,south-beach-miami,-80.139773,25.792531,5.8,0,0.0,False,0.0,none
79effcab-69dd-47ff-b694-1ad078fa1406,south-beach-miami,-80.139678,25.791583,6.65891695022583,0,0.0,False,0.0,none
43118078-1238-475c-8899-729efe2eeddf,south-beach-miami,-80.139734,25.790815,,0,0.0,False,0.0,none
0b4c053e-db0e-4902-8db3-56c49052a203,south-beach-miami,-80.139571,25.790481,,0,0.0,False,0.0,none
7e3ad999-786c-4539-a063-96a50d4cadc8,south-beach-miami,-80.139608,25.79014,,0,0.0,False,0.0,none
de57fa63-bc81-4f67-ade5-6f233ef54379,south-beach-miami,-80.139784,25.790196,,0,0.0,False,0.0,none
66a4babb-3575-4b10-8edc-c9d1d9071a6a,south-beach-miami,-80.139785,25.789986,,0,0.0,False,0.0,none
37ee4ee7-d4ea-4160-94cf-6902e882f3b4,south-beach-miami,-80.139597,25.789803,7.3,0,0.0,False,0.0,none
beec5b07-84d5-41a4-b515-5abda8ae5039,south-beach-miami,-80.139621,25.78966,10.0,0,0.0,False,0.0,none
c1d73344-3616-4dd8-9a52-d551537bd783,south-beach-miami,-80.139615,25.789193,9.9,0,0.0,False,0.0,none
e8506579-536d-42fa-ad02-03df20e17cb3,south-beach-miami,-80.139667,25.789401,4.849462509155273,0,0.0,False,0.0,none
6073a2c5-6a26-4ebe-bb9d-cc673d6eaa47,south-beach-miami,-80.139759,25.800084,4.2,0,0.0,False,0.0,none
9527de6b-a5e6-49ba-826b-27e36be97cc2,south-beach-miami,-80.139569,25.799829,4.751377105712891,0,0.0,False,0.0,none
183b58a8-de59-4ce3-92de-b7b3cf2fb18b,south-beach-miami,-80.139563,25.799531,11.4,0,0.0,False,0.0,none
2a4f92cd-412b-4071-b05b-7ff2b8fb6343,south-beach-miami,-80.139836,25.798885,3.6,0,0.0,False,0.0,none
41f0a511-ae97-4ddf-84a0-34bbafd8805a,south-beach-miami,-80.139588,25.799248,8.9,0,0.0,False,0.0,none
c4aec896-67f3-4109-8408-9876c43b46a6,south-beach-miami,-80.139589,25.79893,9.1,0,0.0,False,0.0,none
e0ef9641-2b13-4cd0-9727-17c4637f9f80,south-beach-miami,-80.139731,25.798551,3.249168634414673,0,0.0,False,0.0,none
69421caa-c7ce-4392-92d2-744cfc4bbde3,south-beach-miami,-80.13983,25.79824,8.7,0,0.0,False,0.0,none
88d87f86-f66f-4fee-97a0-79aa6a8e1487,south-beach-miami,-80.139979,25.798047,7.7,1,0.5,False,0.015,low
05bcc002-2393-4af7-815d-73c800d615e5,south-beach-miami,-80.139627,25.797713,4.7,1,0.5,False,0.015,low
cabbbb9f-0286-4887-b0ab-0b93eb7bef12,south-beach-miami,-80.139531,25.797829,2.9237749576568604,1,0.5,False,0.015,low
3672ce6f-a638-4e4f-b344-55e5dac0a881,south-beach-miami,-80.139736,25.797567,9.1,1,0.5,False,0.015,low
ee00532a-419a-482f-b79e-cdaf9ccb6552,south-beach-miami,-80.139865,25.79746,7.8,0,0.0,False,0.0,none
b1e9496d-4f5a-4fee-83fc-dc3aa7cbfe90,south-beach-miami,-80.140037,25.797367,7.7,0,0.0,False,0.0,none
3cd43ce9-3539-4558-97db-b75caf5f70da,south-beach-miami,-80.140091,25.798383,10.8,0,0.0,False,0.0,none
55c414b5-2047-4d9b-bdd5-1b0a55f8695d,south-beach-miami,-80.140036,25.798612,4.7,0,0.0,False,0.0,none
5c8e2e28-6c15-4201-9033-c1924ab4f3b9,south-beach-miami,-80.140089,25.797206,8.3,1,0.5,False,0.015,low
47e2eb91-b1a6-40e0-b8be-b38a2bf85e7e,south-beach-miami,-80.140026,25.796955,4.1,1,0.5,False,0.015,low
970f7b43-1549-4672-b90e-a4e12d303071,south-beach-miami,-80.140066,25.796752,9.6,0,0.0,False,0.0,none
fe2c8df6-590f-460c-9ea3-d9f3f249067d,south-beach-miami,-80.139909,25.796825,6.9,1,0.5,False,0.015,low
b7819904-93a6-4872-a8ea-795110a8aab8,south-beach-miami,-80.139857,25.797275,4.4,0,0.0,False,0.0,none
7a874343-f8e5-404e-b196-51e2b107b325,south-beach-miami,-80.139774,25.797216,4.2,0,0.0,False,0.0,none
05e2a412-0e6f-4c3b-b9f8-0e0406c0d473,south-beach-miami,-80.139795,25.796988,4.6,0,0.0,False,0.0,none
e8a5dabd-b2d3-4f5e-b575-b03a7423e799,south-beach-miami,-80.139687,25.797086,4.8,1,0.5,False,0.015,low
b237586b-3840-4d78-9a17-3b5bdac43ce8,south-beach-miami,-80.139708,25.797282,,1,0.5,False,0.015,low
4799777e-0995-4b22-be83-3678ca5a938a,south-beach-miami,-80.139537,25.797216,7.7,1,0.5,False,0.015,low
7b2ad133-c565-457c-8cca-017951d4d5a2,south-beach-miami,-80.139541,25.795388,7.5,0,0.0,False,0.0,none
faf50c15-ea07-4fee-8bf4-6b1c6d21024a,south-beach-miami,-80.139716,25.795549,12.2,0,0.0,False,0.0,none
ae557c92-86fb-4164-88f4-1ba1b62095b7,south-beach-miami,-80.139946,25.795856,11.4,0,0.0,False,0.0,none
a2aacf93-35d1-4b39-9b6d-867c84f57494,south-beach-miami,-80.140119,25.79563,12.0,0,0.0,False,0.0,none
dd61c8a5-8b24-4157-919e-477d671ad275,south-beach-miami,-80.139861,25.795199,6.6,1,0.5,False,0.015,low
3aa5528e-39ac-4b94-a349-172e5ec8865a,south-beach-miami,-80.139692,25.795154,6.988805294036865,0,0.0,False,0.0,none
16e8c0e5-d56c-4725-ab15-90e583ff6f16,south-beach-miami,-80.139449,25.795092,8.1,0,0.0,False,0.0,none
249946b4-df93-48a5-bb26-00de226728ec,south-beach-miami,-80.13942,25.795245,7.3,1,0.5,False,0.015,low
0d48a411-9b46-4784-98fa-899da98ecc0b,south-beach-miami,-80.138098,25.794665,12.2,0,0.0,False,0.0,none
4602654f-ebbd-40e9-998c-f1bab197f005,south-beach-miami,-80.139474,25.797375,4.5,1,0.5,False,0.015,low
a7966b8b-16f4-4de2-98d3-71b4c52fa115,south-beach-miami,-80.139355,25.797505,4.5,0,0.0,False,0.0,none
06fde4b0-a5a1-47f7-8b56-be7a14178551,south-beach-miami,-80.139398,25.797956,2.3410587310791016,1,0.5,False,0.015,low
09328854-a762-4d0c-b425-47431687e150,south-beach-miami,-80.13925,25.797646,4.8,1,0.5,False,0.015,low
2bf89d78-cde3-428e-b716-1a0557e38a70,south-beach-miami,-80.139094,25.797737,5.0,1,0.5,False,0.015,low
fd9c7706-f0c9-4bb0-823a-510d5e0d0ddf,south-beach-miami,-80.138922,25.797904,8.2,1,0.5,False,0.015,low
59ee191e-5dfe-440f-af63-4b1cb445b97e,south-beach-miami,-80.138996,25.798073,6.7,1,0.5,False,0.015,low
4f47a535-64b8-4bba-b512-40c65a6939c4,south-beach-miami,-80.139049,25.798172,5.8,1,0.5,False,0.015,low
3289ce6e-20e0-419c-a358-ff9310c08d07,south-beach-miami,-80.138942,25.79834,1.8984262943267822,1,0.5,False,0.015,low
264afc5f-f1de-4093-8b2e-f9564fc7e353,south-beach-miami,-80.138848,25.798325,2.4,1,0.5,False,0.015,low
c78924fe-f7d9-402f-9506-ae579b4b9bee,south-beach-miami,-80.138771,25.798099,4.2,1,0.5,False,0.015,low
282a305c-f73f-4000-9969-d6041f2f110f,south-beach-miami,-80.138706,25.798233,7.5,1,0.5,False,0.015,low
36a5e825-4e9c-41c3-8b71-27d350ab41b3,south-beach-miami,-80.138801,25.798397,4.7,2,1.5,False,0.045,low
7fdd2252-c246-46af-9442-6b30e7b960a3,south-beach-miami,-80.138618,25.798375,8.3,2,1.5,False,0.045,low
475b6850-7685-4820-b341-a74356b0ee05,south-beach-miami,-80.13875,25.79857,4.1,1,0.5,False,0.015,low
83c2603b-4081-4003-aef8-9239a578edde,south-beach-miami,-80.139034,25.798539,7.9,1,0.5,False,0.015,low
547f3efd-1e5d-4af0-aaee-3539de1ece8f,south-beach-miami,-80.139122,25.798378,7.9,1,0.5,False,0.015,low
fb93608b-d9ca-4121-9f4c-ff6f8caf1130,south-beach-miami,-80.139224,25.798202,7.8,1,0.5,False,0.015,low
63eb7402-3a99-46a8-8efc-3b837d0443d4,south-beach-miami,-80.139302,25.798085,2.3694615364074707,1,0.5,False,0.015,low
3a0ed43c-add3-4163-b8ef-b213c047c90a,south-beach-miami,-80.139502,25.799994,2.7949061393737793,0,0.0,False,0.0,none
4fd4ae44-6df1-4558-ad94-b2788f842b7d,south-beach-miami,-80.138919,25.799466,7.7,0,0.0,False,0.0,none
13e5ceff-b875-4404-9f3e-7961964cb15a,south-beach-miami,-80.138947,25.799658,7.9,1,0.5,False,0.015,low
94c03a6f-b6c5-4eb5-a2cc-0543d2156314,south-beach-miami,-80.13892,25.799988,6.6,1,0.5,False,0.015,low
92a9eba9-affa-4ee5-bf2b-c9da55231c1a,south-beach-miami,-80.138919,25.799823,9.8,0,0.0,False,0.0,none
00a35621-0b52-4753-bc82-66ef4cefd601,south-beach-miami,-80.138678,25.799614,8.7,1,0.5,False,0.015,low
66f0bc9d-40f1-430e-85af-50a1da580f04,south-beach-miami,-80.138671,25.79935,3.2,1,0.5,False,0.015,low
94c56dc9-0034-43f8-9b07-9f5e2995133a,south-beach-miami,-80.138768,25.799274,3.5,1,0.5,False,0.015,low
86b4974e-c704-4d2f-bb12-1b35a71ce83b,south-beach-miami,-80.138893,25.799327,7.2,1,0.5,False,0.015,low
7487d251-aa7e-4d56-967f-595be37e12d8,south-beach-miami,-80.138895,25.799157,4.6,1,0.5,False,0.015,low
fe013e77-a8be-4d11-88f6-e8c69f52d3d5,south-beach-miami,-80.138938,25.798697,7.9,1,0.5,False,0.015,low
414cf0f3-b27d-426c-bacf-64a3a0aa5aa2,south-beach-miami,-80.138908,25.798812,5.0,1,0.5,False,0.015,low
17781f63-ef06-43ae-9b17-8f72559360c6,south-beach-miami,-80.138498,25.798814,6.3,1,0.5,False,0.015,low
26c66eb1-5fa6-409e-80d3-8e15cb100471,south-beach-miami,-80.138572,25.799171,7.3,1,0.5,False,0.015,low
aa630476-48be-4f0b-8597-36d406f0e812,south-beach-miami,-80.138524,25.799322,7.6,1,0.5,False,0.015,low
cdcd2f5b-9424-464e-bade-962736184498,south-beach-miami,-80.138535,25.799514,7.4,1,0.5,False,0.015,low
794b62f5-31e8-4997-868c-8b9644f6d11f,south-beach-miami,-80.138532,25.799664,7.1,1,0.5,False,0.015,low
a01b0e12-67cb-45a0-a45c-62c9fcf21218,south-beach-miami,-80.138555,25.799843,6.9,1,0.5,False,0.015,low
c94642ac-3062-460a-90e1-ba7539ea4f35,south-beach-miami,-80.138582,25.79999,7.3,1,0.5,False,0.015,low
766aa45a-c49c-4527-94c4-c6127833d8b9,south-beach-miami,-80.138531,25.798656,7.2,1,0.5,False,0.015,low
d4de497a-74c5-4c31-becc-38909675e994,south-beach-miami,-80.138568,25.79852,6.6,1,0.5,False,0.015,low
a5b051d9-6133-4769-b93f-3648b4b0cc00,south-beach-miami,-80.137058,25.798151,5.2,0,0.0,False,0.0,none
2073a194-a4fd-41ce-b646-dc78d117dd77,south-beach-miami,-80.136814,25.79858,4.5,0,0.0,False,0.0,none
da92896a-333f-4693-a495-e7ed2b635c67,south-beach-miami,-80.136482,25.7992,,0,0.0,False,0.0,none
ad956dae-904f-4c2e-8892-f78e3a681a8f,south-beach-miami,-80.136421,25.797161,,0,0.0,False,0.0,none
bd8e4cc6-a9a5-4e72-a8ac-971766a6dd47,south-beach-miami,-80.136993,25.795352,16.1,0,0.0,False,0.0,none
1ed7c841-6f7a-49ef-a160-0031af8b46ef,south-beach-miami,-80.137289,25.795108,,0,0.0,False,0.0,none
d23f6f62-c3ad-4713-a607-ee76596596ba,south-beach-miami,-80.137363,25.795086,,0,0.0,False,0.0,none
4a0ba6f0-c999-4dc4-a782-1650b86c3911,south-beach-miami,-80.13745,25.795035,,0,0.0,False,0.0,none
80a187b9-0d48-45fd-bff2-dd337c171d53,south-beach-miami,-80.137461,25.794724,12.9,1,0.5,False,0.015,low
33d35dd4-cf94-408c-ac7c-58c8d4eb5f62,south-beach-miami,-80.137041,25.794699,7.1,0,0.0,False,0.0,none
6b6a8f57-37b1-4090-81bd-beec522aa3b1,south-beach-miami,-80.13705,25.795108,16.6,0,0.0,False,0.0,none
cf6b5c63-e570-4509-a427-57e27dc57a00,south-beach-miami,-80.136413,25.795187,,0,0.0,False,0.0,none
a1eaf875-77d2-4d37-a539-f6368c13ee15,south-beach-miami,-80.13549,25.795918,5.3,0,0.0,False,0.0,none
bd945a1f-aca6-40eb-931d-9952358ddef4,south-beach-miami,-80.135206,25.797209,18.3,0,0.0,False,0.0,none
7e26f467-6c9f-4487-820d-f2a3a5cd0bd4,south-beach-miami,-80.135809,25.796762,29.2,0,0.0,False,0.0,none
d1b256da-3079-4fcb-a2bc-2c72470d021b,south-beach-miami,-80.135534,25.797319,18.0,0,0.0,False,0.0,none
f56c96d0-d6a6-4f67-ba15-d27d0b7b7ccb,south-beach-miami,-80.135739,25.79723,9.3,0,0.0,False,0.0,none
713ad52c-c389-4687-90d4-1aca999872ea,south-beach-miami,-80.135645,25.797702,9.3,0,0.0,False,0.0,none
c14c9562-22df-4970-8d14-e294562869f1,south-beach-miami,-80.135521,25.797853,6.7,0,0.0,False,0.0,none
ff0e70af-39f4-43a4-b7a4-d0e7561ba99a,south-beach-miami,-80.135592,25.797517,9.1,0,0.0,False,0.0,none
721366b5-4eee-447c-a6e3-f70a5388c0c1,south-beach-miami,-80.135071,25.797475,9.1,0,0.0,False,0.0,none
b6e279ed-9843-4244-ba89-e8625d3e9ad0,south-beach-miami,-80.135141,25.797661,6.8,0,0.0,False,0.0,none
3d075da8-03e8-408a-8396-7b28bc7f384c,south-beach-miami,-80.134971,25.797665,7.3,0,0.0,False,0.0,none
a36e67fc-7042-4df8-be20-033647b14b90,south-beach-miami,-80.135094,25.797894,3.2,1,0.5,False,0.015,low
a864a467-7550-4b3b-a805-b9c700d98386,south-beach-miami,-80.135155,25.797955,3.4,1,0.5,False,0.015,low
714d1551-8203-44ac-8cad-3caad6d90b16,south-beach-miami,-80.135286,25.797709,5.9,0,0.0,False,0.0,none
bfe8cc22-a83d-45bb-8f81-c023084a0371,south-beach-miami,-80.135341,25.797823,5.4,0,0.0,False,0.0,none
ef40f022-3666-4755-bc7c-84fe82f38d2c,south-beach-miami,-80.135126,25.798132,3.5,1,0.5,False,0.015,low
481fb5bd-d497-466d-9107-492be2022283,south-beach-miami,-80.135002,25.798096,6.9,1,0.5,False,0.015,low
64912ee1-43f6-4104-8de9-1f2cf13bb921,south-beach-miami,-80.134935,25.79823,5.8,0,0.0,False,0.0,none
65f162e3-ffec-4aed-8c71-f89825b7fc2c,south-beach-miami,-80.135013,25.798377,3.2,0,0.0,False,0.0,none
2250755d-3c9e-4617-9a17-4608b1b8ad8d,south-beach-miami,-80.135154,25.798683,8.6,0,0.0,False,0.0,none
dc6c93c8-7f60-4aff-9d86-8b82f21f465f,south-beach-miami,-80.135189,25.798491,7.6,0,0.0,False,0.0,none
c5f99607-a0cb-4b13-9ba6-6943f7fbb16f,south-beach-miami,-80.135303,25.798374,6.6,0,0.0,False,0.0,none
49023197-fae5-4cb2-a68f-912b42e19135,south-beach-miami,-80.135398,25.798168,7.5,0,0.0,False,0.0,none
8496fb33-e8b1-4e1c-a903-5d3f3d912dcf,south-beach-miami,-80.135389,25.798014,7.2,0,0.0,False,0.0,none
b887bbb0-b71b-4fd9-9b20-2afd414d3311,south-beach-miami,-80.134977,25.799009,7.7,0,0.0,False,0.0,none
58c53ad3-b0c3-400e-9469-0c9df06e4f55,south-beach-miami,-80.134978,25.798806,4.7,0,0.0,False,0.0,none
f13753b0-e635-47b5-aeff-180cc9854bfb,south-beach-miami,-80.134739,25.798925,7.0,0,0.0,False,0.0,none
2e0fdf90-a803-4c63-8414-ef531cb75b84,south-beach-miami,-80.134578,25.799006,3.5,0,0.0,False,0.0,none
d1e4fc7e-f087-438a-b9c1-2cab7a42136b,south-beach-miami,-80.134796,25.799325,7.3,0,0.0,False,0.0,none
4711754c-aeba-4564-952a-fda6b776a4f8,south-beach-miami,-80.134834,25.799151,3.8,0,0.0,False,0.0,none
02464892-ffd6-46e0-88ef-8e9a777ef3ad,south-beach-miami,-80.134592,25.799827,7.7,1,0.5,False,0.015,low
3a936d31-27ff-4f6b-ae97-3b7ba7c790a8,south-beach-miami,-80.134654,25.799668,4.8,1,0.5,False,0.015,low
f961cbce-2a9a-4d58-a947-c2351bb3759f,south-beach-miami,-80.134671,25.799481,7.1,0,0.0,False,0.0,none
459bcc27-d29d-47f5-935d-2d5d9b98081a,south-beach-miami,-80.134281,25.799372,3.7,1,0.5,False,0.015,low
76121e2c-d269-42b5-86f7-9a82c728bd6c,south-beach-miami,-80.134325,25.799749,3.2,0,0.0,False,0.0,none
8b77dc30-4cc3-43e3-b26b-5a71fcd12e56,south-beach-miami,-80.134179,25.799623,4.0,0,0.0,False,0.0,none
66faa564-effa-4007-ae2d-c049812fbf38,south-beach-miami,-80.134131,25.799444,5.2,0,0.0,False,0.0,none
86b92d75-eb44-46b0-94e9-68c32e003092,south-beach-miami,-80.13416,25.79926,7.4,1,0.5,False,0.015,low
a04aa0ff-f076-43c9-b947-e49affb1c701,south-beach-miami,-80.134308,25.799127,4.5,0,0.0,False,0.0,none
96bd3216-da73-40e9-b491-edfbdff03b7c,south-beach-miami,-80.134332,25.798953,9.8,0,0.0,False,0.0,none
9b1d73b5-bb27-4c3c-9de7-ea9e6ff39e5e,south-beach-miami,-80.134384,25.798785,4.6,0,0.0,False,0.0,none
84739612-d877-4516-98d6-269ce5251646,south-beach-miami,-80.134467,25.79862,4.5,0,0.0,False,0.0,none
e1639552-046d-4f52-ba87-1f312a2d5366,south-beach-miami,-80.134909,25.798538,7.5,0,0.0,False,0.0,none
d56fca59-4c72-4a9c-a332-08977a7c9d4d,south-beach-miami,-80.13488,25.798374,3.3,0,0.0,False,0.0,none
d4d1a3e1-640a-40c7-8dcd-14c4226a69b5,south-beach-miami,-80.134773,25.798507,3.4,0,0.0,False,0.0,none
53fbf4d0-0439-48e8-9273-5619bf2a8067,south-beach-miami,-80.134746,25.798134,6.8,1,0.5,False,0.015,low
8312ee37-c23d-4dc0-91c2-1c9b205e2566,south-beach-miami,-80.134637,25.798321,7.9,0,0.0,False,0.0,none
25fbcd76-e929-49e2-9c1a-78a031a23351,south-beach-miami,-80.134815,25.797984,6.1,1,0.5,False,0.015,low
39bd6506-1fcf-4cb7-b4b4-06ff6b7c10c8,south-beach-miami,-80.134858,25.797804,4.8,1,0.5,False,0.015,low
8fceb251-4f55-4baa-b024-22ddc8d155fc,south-beach-miami,-80.133895,25.799524,4.3,0,0.0,False,0.0,none
8a430706-0d03-466c-acf5-ad11a1f46001,south-beach-miami,-80.133988,25.799638,3.9,1,0.5,False,0.015,low
ad70fd20-0fef-4c43-bbfa-5db891a42165,south-beach-miami,-80.133845,25.799715,2.5999999046325684,1,0.5,False,0.015,low
e12a114b-7497-4bf6-98fe-7de50bfc3d74,south-beach-miami,-80.133082,25.799976,4.7,0,0.0,False,0.0,none
bdd78074-6ac4-474d-894b-6afe20aa31c3,south-beach-miami,-80.132562,25.799318,19.2,0,0.0,False,0.0,none
52212f20-2db4-4066-8a02-ee4a8bb67e0f,south-beach-miami,-80.132899,25.797425,9.17002010345459,0,0.0,False,0.0,none
f0bcfe90-c745-4624-b5c8-95576d0cfc1b,south-beach-miami,-80.132707,25.797509,12.511152267456055,0,0.0,False,0.0,none
f6ade5de-9376-42a1-b73c-9ca52931da78,south-beach-miami,-80.133489,25.795082,27.4,0,0.0,False,0.0,none
bc4900cf-0fe2-4daf-9dc3-75eaa01b181e,south-beach-miami,-80.13162,25.794781,49.4,0,0.0,False,0.0,none
906598d2-7af5-489a-8a3e-3592ff5ba505,south-beach-miami,-80.131641,25.795849,13.3,0,0.0,False,0.0,none
21a20c5c-5751-4e66-aa14-1272fa96caee,south-beach-miami,-80.131766,25.795387,16.5,0,0.0,False,0.0,none
98ef54ee-ec8e-4f0d-a904-6134e44169de,south-beach-miami,-80.131797,25.796188,8.9,0,0.0,False,0.0,none
45367bb2-89fd-44a7-93a2-6378db2ad0ab,south-beach-miami,-80.131783,25.796344,17.6,0,0.0,False,0.0,none
98c92997-ca25-4473-8cc6-f42fb42913b8,south-beach-miami,-80.131869,25.797168,8.2,0,0.0,False,0.0,none
c484cb99-c56e-4563-b88f-76ed883eba73,south-beach-miami,-80.131818,25.796792,14.3,0,0.0,False,0.0,none
8b2f56b2-e3f7-44a5-85cc-241d295d578e,south-beach-miami,-80.131662,25.796725,9.8,0,0.0,False,0.0,none
687dd7ac-7774-4204-a98d-3b89377718f0,south-beach-miami,-80.131534,25.796684,7.8,0,0.0,False,0.0,none
1a513cbb-a0d6-4691-831c-c67c548a95a3,south-beach-miami,-80.131693,25.797101,8.1,0,0.0,False,0.0,none
3e07a03f-8e8c-4846-affc-b83b96396683,south-beach-miami,-80.131508,25.797039,20.7,0,0.0,False,0.0,none
bcb3cc8c-afb1-4d61-b379-c63d84e6beda,south-beach-miami,-80.131308,25.796637,15.7,1,0.5,False,0.015,low
71dad63d-837a-4bbc-a88e-1ec667bdb398,south-beach-miami,-80.131444,25.7962,13.8,0,0.0,False,0.0,none
8442c3a3-c6d9-46a8-9e61-cb408a3f2c8a,south-beach-miami,-80.130939,25.795984,11.7,0,0.0,False,0.0,none
9c4cf285-1977-4f5d-8a53-ca0411fce75a,south-beach-miami,-80.131124,25.796933,16.5,0,0.0,False,0.0,none
c7005e41-091e-478d-862a-273ba1ad98c8,south-beach-miami,-80.130634,25.796777,14.6,0,0.0,False,0.0,none
2ee32a93-bc8c-4f01-9def-c929c980fc95,south-beach-miami,-80.130747,25.79644,16.3,0,0.0,False,0.0,none
f6ddc3da-f3bd-4128-8e1d-b492b9378984,south-beach-miami,-80.130415,25.795765,10.795286178588867,0,0.0,False,0.0,none
f55748e0-82c9-4b1c-866b-14ffd5a296b3,south-beach-miami,-80.130558,25.795522,9.5,0,0.0,False,0.0,none
d0aafb82-cd79-4e48-bef0-3d8f80abe1c8,south-beach-miami,-80.130687,25.795248,11.4,0,0.0,False,0.0,none
c224d04b-c83b-4037-8420-2e585d15bfe1,south-beach-miami,-80.130723,25.795664,5.0,0,0.0,False,0.0,none
1c00f148-536f-42f4-8bf3-14468e1ce90f,south-beach-miami,-80.130634,25.795859,8.006755828857422,0,0.0,False,0.0,none
13428d16-5376-41b9-a1d4-5de9e07a15bd,south-beach-miami,-80.131,25.795754,7.3,0,0.0,False,0.0,none
3cf68faa-adb8-452e-89fd-b80dc1f1d8b3,south-beach-miami,-80.131047,25.795641,12.6,0,0.0,False,0.0,none
b6b6f463-c9b9-496e-ad8f-edaf13bbf51e,south-beach-miami,-80.131108,25.795543,8.5,0,0.0,False,0.0,none
8aeea4b3-2bec-4006-b7f2-0c7273e7e4ae,south-beach-miami,-80.131211,25.795311,8.2,0,0.0,False,0.0,none
9c292a7c-2cf9-42e1-9d58-27e5c5b9e164,south-beach-miami,-80.131189,25.794827,9.6,0,0.0,False,0.0,none
a17502ed-5227-42a1-8b55-7b85d0292d09,south-beach-miami,-80.130404,25.794848,12.0,0,0.0,False,0.0,none
225ba097-5fe4-43c1-913b-d2a5b71b2f73,south-beach-miami,-80.130375,25.794616,10.5,0,0.0,False,0.0,none
50569078-c87d-473a-8a5c-9140a2ecf102,south-beach-miami,-80.130116,25.79553,7.4,0,0.0,False,0.0,none
6315c2ac-9e9a-459a-aeb5-a8ee5d208102,south-beach-miami,-80.13006,25.795725,9.8,0,0.0,False,0.0,none
3806f54e-f6dc-4ac4-a411-4d7333b1f64b,south-beach-miami,-80.12987,25.795273,10.3,0,0.0,False,0.0,none
49b69285-8ffd-4136-a2e6-e1ee482f2cfc,south-beach-miami,-80.129881,25.795289,,0,0.0,False,0.0,none
a84bb852-9dab-4894-8aa8-06306a698042,south-beach-miami,-80.129758,25.795249,,0,0.0,False,0.0,none
bd664892-bce5-4728-a03d-839336c71e43,south-beach-miami,-80.129726,25.795423,6.376753330230713,0,0.0,False,0.0,none
6317d889-6468-4123-bd66-bc7fe7b3f1bd,south-beach-miami,-80.129854,25.795586,12.3,0,0.0,False,0.0,none
7749a651-3f23-4ab1-8bff-cb8504ac446e,south-beach-miami,-80.129486,25.795578,18.9,0,0.0,False,0.0,none
8cd6e9ee-e3b6-4bbc-820d-f768e01311fd,south-beach-miami,-80.129431,25.795371,,0,0.0,False,0.0,none
b592e766-bbb8-44be-86da-a8477bc4c965,south-beach-miami,-80.129861,25.794895,15.7,0,0.0,False,0.0,none
49486899-a62f-4a94-9bf8-125a16738e42,south-beach-miami,-80.128623,25.794883,,0,0.0,False,0.0,none
fd5bbd64-0038-4c00-be00-102836479412,south-beach-miami,-80.128889,25.7953,,0,0.0,False,0.0,none
83014875-09b3-4a1d-a295-c8b5130faba9,south-beach-miami,-80.128655,25.795898,15.995884895324707,0,0.0,False,0.0,none
0945d2a6-a28b-4339-a32f-a4827292872b,south-beach-miami,-80.129267,25.796095,,0,0.0,False,0.0,none
bd4668b4-e572-4f0d-aa0d-a5be00bf52c5,south-beach-miami,-80.128839,25.796623,,0,0.0,False,0.0,none
bf464591-7a19-4223-bf08-e0b21da077f7,south-beach-miami,-80.129642,25.796376,11.8,0,0.0,False,0.0,none
cf75e285-bdd4-4e1f-b118-53df3cfb547b,south-beach-miami,-80.129796,25.796087,22.0,0,0.0,False,0.0,none
12c1482c-8168-494a-8d8e-d005e9d64ad2,south-beach-miami,-80.130095,25.796557,20.5,0,0.0,False,0.0,none
ba750ec0-d13b-40c2-86c3-ec172df11f1d,south-beach-miami,-80.130332,25.796264,19.6,0,0.0,False,0.0,none
7dc22b36-17f7-43fa-b03f-ea8a5046f587,south-beach-miami,-80.130296,25.79663,10.0,0,0.0,False,0.0,none
b696647c-8ee8-4fc4-8863-a38ed4b5942f,south-beach-miami,-80.130088,25.797584,16.4,0,0.0,False,0.0,none
d3005372-0836-4499-b4a3-53393ca0f619,south-beach-miami,-80.129713,25.798279,16.4,0,0.0,False,0.0,none
eccf9215-0fe7-4afa-9ca5-8964f824bbaa,south-beach-miami,-80.129581,25.798596,4.5,0,0.0,False,0.0,none
80e5c57c-65e2-42f4-b237-509001ce4bd1,south-beach-miami,-80.128827,25.797327,8.2,0,0.0,False,0.0,none
0931f47c-7180-4b3c-af9c-46bf3154301d,south-beach-miami,-80.128876,25.798011,16.6,0,0.0,False,0.0,none
ae6cc8a0-2fb3-4a41-85e0-0f2ffc9bf58f,south-beach-miami,-80.129397,25.799117,,0,0.0,False,0.0,none
14993fd6-ca1e-4e6d-801c-3e82b89e0199,south-beach-miami,-80.129148,25.79902,,0,0.0,False,0.0,none
72eeeaff-b637-48aa-8ddf-3c119cdfd8c7,south-beach-miami,-80.128677,25.798821,6.2,0,0.0,False,0.0,none
b5fe0db7-efd4-47eb-b3d7-c43482ed422f,south-beach-miami,-80.128516,25.798942,9.063725471496582,0,0.0,False,0.0,none
e738a9f4-c406-40eb-8c74-14314b6fd6d0,south-beach-miami,-80.128955,25.7998,4.2,0,0.0,False,0.0,none
ccc2b164-0050-419c-8439-1c073afb415a,south-beach-miami,-80.128954,25.799988,7.3,0,0.0,False,0.0,none
7f227800-bf5a-435f-9444-ea5c27b6bce5,south-beach-miami,-80.128991,25.799417,10.9,0,0.0,False,0.0,none
c4db140b-c893-4161-861a-f6b2afc6ba90,clearwater-beach,-82.820765,27.964977,13.86,5,4.5,False,0.135,low
526fba21-ea3b-4bd7-aedd-e9fb7b35ade7,clearwater-beach,-82.821719,27.964931,,1,0.5,False,0.015,low
d3f5542c-961b-49c5-82b9-3375dc29ff1d,clearwater-beach,-82.821085,27.965139,17.9,5,4.5,False,0.135,low
9c357742-9795-4607-91da-1648d44ba71f,clearwater-beach,-82.820889,27.965167,17.92,5,4.5,False,0.135,low
8364357d-2027-4662-aa95-f6ea3187b6f7,clearwater-beach,-82.821055,27.965821,7.67,4,3.5,False,0.105,low
4b0e388d-663e-4bf2-ae1b-2bd29f83e833,clearwater-beach,-82.821414,27.966548,,3,2.5,False,0.075,low
a5624339-19fb-49fa-9b9a-833c5b44a957,clearwater-beach,-82.820961,27.966518,34.37,2,1.5,False,0.045,low
2781afd8-c752-4f36-9d26-0fe3fb8eef94,clearwater-beach,-82.820954,27.96727,15.79,6,5.5,False,0.165,low
0325a612-e9e0-47df-b4df-782e042fdbc7,clearwater-beach,-82.822061,27.967144,18.58,4,3.5,False,0.105,low
202e815b-9af6-4407-abb4-7c9ab797e9ca,clearwater-beach,-82.8219,27.966529,34.08,2,1.5,False,0.045,low
334e85f1-c882-45e6-997d-390f00896117,clearwater-beach,-82.822484,27.967153,18.6,4,3.5,False,0.105,low
4bb67005-3dcf-493b-b7b2-52f6267e57a8,clearwater-beach,-82.822363,27.969308,15.21,5,4.5,False,0.135,low
e8b054c7-1f70-4df3-8928-43bf0d1717d7,clearwater-beach,-82.822545,27.969399,14.18,5,4.5,False,0.135,low
2e2d1956-ebdd-461f-9e93-62a71b948acf,clearwater-beach,-82.822476,27.969861,17.13,6,5.5,False,0.165,low
a692373f-9936-48d0-b370-694ae8d71cd0,clearwater-beach,-82.82263,27.969948,13.48,6,5.5,False,0.165,low
b8dda5c3-5bae-4f4c-ae28-38ae11e006b2,clearwater-beach,-82.822566,27.970148,,0,0.0,False,0.0,none
02d7c2e6-58e4-4e60-ae92-18509374e9e5,clearwater-beach,-82.8223,27.969797,10.45,6,5.5,False,0.165,low
135ebd6e-15b6-4124-ba0b-808a298c240f,clearwater-beach,-82.822116,27.969738,13.44,6,5.5,False,0.165,low
26d0fa8a-2932-44b6-af79-6311c5629469,clearwater-beach,-82.821856,27.969877,,0,0.0,False,0.0,none
4600d2ed-c02d-438d-9062-c11220144114,clearwater-beach,-82.8219,27.969678,11.7,5,4.5,False,0.135,low
15887c9e-8170-4c7c-bf32-9791009652ce,clearwater-beach,-82.822117,27.969198,13.69,5,4.5,False,0.135,low
655baac6-b855-4def-8cbd-93d18bffa087,clearwater-beach,-82.821826,27.969121,14.12,6,5.5,False,0.165,low
0db713ea-b867-4865-86f9-e3ffa401c63c,clearwater-beach,-82.821577,27.969098,15.87,5,4.5,False,0.135,low
00d72adf-fc01-46af-9726-069abc77232c,clearwater-beach,-82.8213,27.96912,14.63,5,4.5,False,0.135,low
1e669cb8-2c13-40a5-bc05-be412d10a70d,clearwater-beach,-82.82133,27.969591,13.1,5,4.5,False,0.135,low
b17eab1c-04a0-48f3-81bb-b469a3c44abb,clearwater-beach,-82.821634,27.969579,9.61,5,4.5,False,0.135,low
b3a1f528-57d7-44bc-887e-18c120376858,clearwater-beach,-82.821395,27.969829,9.46,0,0.0,False,0.0,none
43166d1d-128c-4bea-82f1-3d7416cdbc1d,clearwater-beach,-82.821637,27.969843,,0,0.0,False,0.0,none
5e5940cd-d5fc-4ca4-ba83-21c27486d145,clearwater-beach,-82.820789,27.969734,21.87,6,5.5,False,0.165,low
07944a5f-d950-4976-b8a1-9841aa0a329d,clearwater-beach,-82.821027,27.969631,10.87,5,4.5,False,0.135,low
d8d4a7b5-fde1-4b2e-8df4-f13786c6d619,clearwater-beach,-82.821,27.969104,12.69,5,4.5,False,0.135,low
4d14fe7f-514d-409c-a0a6-c1681f619abc,clearwater-beach,-82.820753,27.969196,17.24,4,3.5,False,0.105,low
71058884-4886-44ae-9e55-1aa54a81c709,clearwater-beach,-82.821325,27.968874,9.3,6,5.5,False,0.165,low
a99ddfaa-81be-40d0-aecd-d3405a489a82,clearwater-beach,-82.820553,27.968945,,0,0.0,False,0.0,none
9cfbe442-077f-4edc-a28c-207010fb344a,clearwater-beach,-82.820479,27.969289,11.2,5,4.5,False,0.135,low
ad58149a-74dd-4ef3-acc5-e7ada37af860,clearwater-beach,-82.820215,27.969387,21.36,5,4.5,False,0.135,low
f79df161-c756-49ac-b45b-4db99c9e0899,clearwater-beach,-82.820544,27.969809,15.9,5,4.5,False,0.135,low
ed289c85-1738-4cfe-adb3-6018b1d9facf,clearwater-beach,-82.820504,27.970109,,0,0.0,False,0.0,none
42564ed8-9aa2-4676-ab43-3f1d81059cb1,clearwater-beach,-82.820231,27.970112,3.4285714626312256,5,4.5,False,0.135,low
e0799ca8-3340-445d-808c-5884c6aee851,clearwater-beach,-82.820183,27.970028,17.39,5,4.5,False,0.135,low
37a4dbf2-f0fd-416f-b87a-1ab122912564,clearwater-beach,-82.820337,27.969912,19.71,5,4.5,False,0.135,low
68aef6bd-3732-477d-a6fa-3f73bcacc695,clearwater-beach,-82.820015,27.970176,13.51,5,4.5,False,0.135,low
7c2ad123-9f9f-4a1e-bd24-d83fff73a19b,clearwater-beach,-82.819722,27.97017,10.85,6,5.5,False,0.165,low
263d7e41-05c7-4d9a-962d-02d6a50d982e,clearwater-beach,-82.819809,27.969557,13.37,6,5.5,False,0.165,low
c40e6c57-cf6d-4e9c-8870-2727bc1ba9fe,clearwater-beach,-82.820002,27.969509,19.74,5,4.5,False,0.135,low
0dcfac91-3513-4cee-bd6a-8e5b079727d5,clearwater-beach,-82.819906,27.969223,,0,0.0,False,0.0,none
f05d4f2b-0c8b-4165-b9d4-51dbbd38ff48,clearwater-beach,-82.819663,27.969308,9.1,0,0.0,False,0.0,none
7cfafed3-a0e7-4db6-bfe6-d10383eea632,clearwater-beach,-82.819426,27.969497,10.02,0,0.0,False,0.0,none
01f587b3-225a-48e3-877b-9ba7d3fc96e3,clearwater-beach,-82.819591,27.969712,19.71,5,4.5,False,0.135,low
cb3d562c-6201-4e8e-bb68-38714ced2e54,clearwater-beach,-82.819576,27.969957,17.21,6,5.5,False,0.165,low
ca5130e1-3622-4552-98df-70efdf4e265d,clearwater-beach,-82.819362,27.970104,4.18281364440918,0,0.0,False,0.0,none
0f35918e-ec13-474f-a834-9c022997901b,clearwater-beach,-82.818766,27.967446,14.34,5,4.5,False,0.135,low
eb81e54b-11a8-4a4e-ab33-1e97fade11f8,clearwater-beach,-82.818613,27.966848,11.49,5,4.5,False,0.135,low
7292fb49-5345-4ef1-b135-f4df0f5df37a,clearwater-beach,-82.819491,27.966791,33.55,4,3.5,False,0.105,low
58247089-0979-45d2-8993-5a7c1bccf837,clearwater-beach,-82.820429,27.967379,19.18,6,5.5,False,0.165,low
2471a805-a91a-4353-960c-2ffb39b9fa10,clearwater-beach,-82.820487,27.966774,34.56,2,1.5,False,0.045,low
35e519c1-9948-4f57-9535-c91a2d394a41,clearwater-beach,-82.820044,27.966749,,3,2.5,False,0.075,low
f2609c79-280d-42fa-b730-dc05df81ff17,clearwater-beach,-82.819614,27.965872,13.55,5,4.5,False,0.135,low
21f37648-79bc-4602-ab25-d1c33ee9b8e5,clearwater-beach,-82.819784,27.966025,17.83,5,4.5,False,0.135,low
188ba3df-a27b-485d-a573-f8c5a0cf80f8,clearwater-beach,-82.81999,27.966045,9.59,5,4.5,False,0.135,low
4f02b46f-5122-4a3d-9b80-0ff437ad3088,clearwater-beach,-82.820703,27.965898,12.8,4,3.5,False,0.105,low
0c7274b3-bc2f-48ca-a58c-153af063b4ac,clearwater-beach,-82.818982,27.966121,15.39,6,5.5,False,0.165,low
d2877c96-c128-4906-879c-69639880f91f,clearwater-beach,-82.819078,27.9663,17.91,5,4.5,False,0.135,low
5e4fb26b-bab7-495f-9943-54448c2aac7d,clearwater-beach,-82.818433,27.966652,13.93,6,5.5,False,0.165,low
3e8dcaa7-36a0-4be7-bf8b-dfa3f6c5fe81,clearwater-beach,-82.815932,27.97933,29.96,5,4.5,False,0.135,low
bb342557-eddf-4bea-a64c-c618ec3d3329,clearwater-beach,-82.815969,27.978941,,5,4.5,False,0.135,low
706143d0-be0c-4ace-930f-641dff90c13c,clearwater-beach,-82.815957,27.978821,18.42,6,5.5,False,0.165,low
aa209d28-c641-4917-8055-96a0adadc53c,clearwater-beach,-82.815878,27.978506,6.1641845703125,6,5.5,False,0.165,low
a951d96b-e4ce-4195-8c80-7ebdd583c38c,clearwater-beach,-82.816354,27.97996,19.56,7,6.5,False,0.195,low
09c2c85b-98bc-41cd-8d34-572110df6254,clearwater-beach,-82.816301,27.979968,19.52,7,6.5,False,0.195,low
9e0e4380-660d-4168-b46c-9eff079f13ba,clearwater-beach,-82.816253,27.979976,19.44,6,5.5,False,0.165,low
e98b2e8a-9043-45e5-a382-fd4f0752e96c,clearwater-beach,-82.816201,27.979979,16.4,6,5.5,False,0.165,low
88005d9e-40df-4001-af14-70805844ec04,clearwater-beach,-82.816058,27.979946,15.65,6,5.5,False,0.165,low
41e981c9-77fc-4972-960d-2a68d9cfbd17,clearwater-beach,-82.815981,27.980004,15.82,6,5.5,False,0.165,low
211cdadb-08a8-4fd1-8fd0-8607127daae0,clearwater-beach,-82.815989,27.980045,18.95,6,5.5,False,0.165,low
e7ad1002-4f48-40d3-a79d-c301a3af6554,clearwater-beach,-82.815998,27.980086,18.92,6,5.5,False,0.165,low
5e6228e2-7f96-4728-95b4-513ed7faa36f,clearwater-beach,-82.816006,27.980129,18.91,6,5.5,False,0.165,low
568b64d0-916b-4a85-a029-91378b84e6c9,clearwater-beach,-82.816128,27.980698,18.15,5,4.5,False,0.135,low
24c25541-7c82-4f50-b1d1-82015d4efb5d,clearwater-beach,-82.816168,27.980401,14.9,4,3.5,False,0.105,low
a39c9eab-bff3-4a45-9fe0-164fae23b7a8,clearwater-beach,-82.816386,27.980725,16.24,6,5.5,False,0.165,low
a2a1ceff-e12c-4cc7-9d0e-bda5c0056e9b,clearwater-beach,-82.816437,27.980699,16.52,6,5.5,False,0.165,low
9e8564ac-113a-45c7-8d66-b66921d00b64,clearwater-beach,-82.816492,27.980665,16.45,6,5.5,False,0.165,low
c289aa6b-a8b2-487b-9e3e-a845a7b0a7bc,clearwater-beach,-82.816949,27.979962,16.39,4,3.5,False,0.105,low
18cc60dc-dd6c-4e65-a10b-925a6ca8552c,clearwater-beach,-82.817282,27.980092,18.54,4,3.5,False,0.105,low
30709d47-ca8d-4404-a388-cf1535dbb2be,clearwater-beach,-82.817385,27.979768,16.27,4,3.5,False,0.105,low
2c7b4871-bb06-4b93-9414-8c727d95d386,clearwater-beach,-82.817245,27.980338,20.06,4,3.5,False,0.105,low
a0dd3bdd-2902-403a-a12b-c4bc899f9930,clearwater-beach,-82.817493,27.980643,16.05,3,2.5,False,0.075,low
8f12622b-f6e8-4497-b802-263615bdcdf4,clearwater-beach,-82.817624,27.980196,15.81,4,3.5,False,0.105,low
1c9fa7cf-90aa-43f2-9347-e67136cf8607,clearwater-beach,-82.818278,27.980427,12.71,2,1.5,False,0.045,low
929d4969-bb30-4c95-8b12-ed9ca7747bec,clearwater-beach,-82.818291,27.980487,12.68,2,1.5,False,0.045,low
e6c1969f-3f71-4b17-be71-20e0a72b2551,clearwater-beach,-82.818306,27.980548,12.68,2,1.5,False,0.045,low
9807842a-ca35-4e4a-829e-9143066e99ff,clearwater-beach,-82.81832,27.980606,12.73,4,3.5,False,0.105,low
a5ee913a-7d8f-4c77-a57a-8e8e1b5c7a1a,clearwater-beach,-82.818336,27.98067,12.84,4,3.5,False,0.105,low
21d3ff65-e9be-481a-a066-7ba264cf7089,clearwater-beach,-82.818352,27.98073,12.97,5,4.5,False,0.135,low
62c2f1e6-61ed-4abc-b09a-bcdf2680397e,clearwater-beach,-82.818597,27.980453,18.42,4,3.5,False,0.105,low
9c016e37-a999-4c17-baf4-b261a4cf782a,clearwater-beach,-82.818095,27.979985,11.72,4,3.5,False,0.105,low
2c5aa435-f382-4ed3-a502-808feed6cdbf,clearwater-beach,-82.818202,27.978832,10.51,0,0.0,False,0.0,none
cc7b2ede-529a-4dd6-898c-695bb6b7db14,clearwater-beach,-82.817179,27.978274,15.19,3,2.5,False,0.075,low
03bd0dfc-0685-4ee7-b5c2-c8d61a429f60,clearwater-beach,-82.817207,27.978905,11.45,3,2.5,False,0.075,low
80c172da-7953-4b37-9b67-45fcf53a9f9b,clearwater-beach,-82.816839,27.977759,12.61,5,4.5,False,0.135,low
49ce69b5-f035-4258-8c57-e3048354d773,clearwater-beach,-82.816761,27.977504,14.42,4,3.5,False,0.105,low
0fa69bc1-0a9c-4680-97f9-2a9ebd6b6698,clearwater-beach,-82.816676,27.976863,,6,5.5,False,0.165,low
9828088a-b589-436c-9385-c61f795edc02,clearwater-beach,-82.816786,27.976942,4.817920207977295,6,5.5,False,0.165,low
e965625d-c58c-4e1f-b5d6-3da6cab70512,clearwater-beach,-82.817397,27.977383,11.97,6,5.5,False,0.165,low
8eae41ec-edac-42b7-8433-87112fe1ea2c,clearwater-beach,-82.817286,27.977702,18.03,5,4.5,False,0.135,low
9a3a4592-538d-4fd3-9725-d62e76c00e66,clearwater-beach,-82.817803,27.977619,15.97,5,4.5,False,0.135,low
26c52935-5714-468e-a77f-9e33feee9d7b,clearwater-beach,-82.817881,27.97769,15.15,5,4.5,False,0.135,low
3b2f5969-f119-4166-a21c-4a6f1f3f19e0,clearwater-beach,-82.817978,27.977646,15.43,4,3.5,False,0.105,low
194da0f9-c53e-45fb-a017-a84a17d1c543,clearwater-beach,-82.818235,27.977824,17.54,4,3.5,False,0.105,low
b1ed9aa3-0f2e-4b96-a11c-1d629f25a375,clearwater-beach,-82.818427,27.97798,15.25,4,3.5,False,0.105,low
497cca2e-9c5e-4f11-81ee-b08419a28680,clearwater-beach,-82.81856,27.978091,16.14,6,5.5,False,0.165,low
2390312d-262a-4fe3-8c3f-c7b30bc51a47,clearwater-beach,-82.818475,27.978038,15.02,5,4.5,False,0.135,low
356dffe1-c588-43fc-a411-2973b4bf89c7,clearwater-beach,-82.81835,27.977929,15.9,5,4.5,False,0.135,low
0c792c2f-dda3-4607-9dd4-77dcca930d50,clearwater-beach,-82.818466,27.977701,15.53,6,5.5,False,0.165,low
e590f7e4-5f65-4ffd-8d59-3b01176b9003,clearwater-beach,-82.818542,27.977753,15.52,3,2.5,False,0.075,low
a13b2a93-9d94-4731-aea1-eb04e19717ec,clearwater-beach,-82.818349,27.977609,15.91,2,1.5,False,0.045,low
0bd43c55-40a5-4747-a29f-b1996339a471,clearwater-beach,-82.81828,27.977562,16.55,2,1.5,False,0.045,low
2a029466-22b0-4a2a-86f4-a60cd51b141f,clearwater-beach,-82.818167,27.977775,17.54,4,3.5,False,0.105,low
17df6332-0fa1-4428-a96e-224f10bc0569,clearwater-beach,-82.818103,27.977729,17.51,4,3.5,False,0.105,low
cf7f6007-6210-4de2-9550-aec668e35cbc,clearwater-beach,-82.818208,27.977503,14.9,3,2.5,False,0.075,low
1160a237-cfcd-4e4a-935e-680e7d8cc310,clearwater-beach,-82.818126,27.976879,,5,4.5,False,0.135,low
83222c9e-81ac-4c2c-b7d0-e25d8cb87e4c,clearwater-beach,-82.818075,27.977456,16.8,2,1.5,False,0.045,low
9c5b2ca4-3d86-49df-8105-e839e7151537,clearwater-beach,-82.817991,27.977445,15.44,1,0.5,False,0.015,low
bc8b1300-3725-4abd-b16a-33ece5575e6d,clearwater-beach,-82.817901,27.977449,15.28,1,0.5,False,0.015,low
52b28009-30d4-4b46-95d1-17fb8b9f41db,clearwater-beach,-82.817806,27.977453,15.48,2,1.5,False,0.045,low
f7ff0487-700a-4972-b2c0-27de682fb662,clearwater-beach,-82.817375,27.976313,17.57,4,3.5,False,0.105,low
1ad74808-04ca-4190-a6c8-e50031825fd0,clearwater-beach,-82.816454,27.976009,8.63,4,3.5,False,0.105,low
fa1ddb1f-5a0c-4a8b-9c9c-86fd7772b7d6,clearwater-beach,-82.81642,27.975877,17.76,4,3.5,False,0.105,low
bef5552d-7f1a-4399-9c06-bf77e626ac46,clearwater-beach,-82.815961,27.976135,8.0,5,4.5,False,0.135,low
db1bc71b-f140-4c46-812b-a7bea4d996a9,clearwater-beach,-82.815779,27.976522,42.17,4,3.5,False,0.105,low
4c0f3ad5-1c30-4ee6-8de2-0a9fe62fb0c7,clearwater-beach,-82.815905,27.977913,16.69,6,5.5,False,0.165,low
8ffbb9bf-751f-4abb-9c18-fa282ea286a5,clearwater-beach,-82.815563,27.977726,8.52,7,6.5,False,0.195,low
d03ba113-d51c-4c27-bf85-0bc71682081e,clearwater-beach,-82.815706,27.977435,16.98,6,5.5,False,0.165,low
afe5de29-1d21-485e-88af-2e41a5fa2a7b,clearwater-beach,-82.816089,27.975586,58.89,3,2.5,False,0.075,low
edf11e9d-54a8-4546-9ec2-c92e36340632,clearwater-beach,-82.816255,27.975362,5.46226692199707,4,3.5,False,0.105,low
c8a86ba2-3ea4-456b-a36f-48c2baf0f764,clearwater-beach,-82.816385,27.975212,8.82,6,5.5,False,0.165,low
48c8333f-74ce-4c37-93c9-29ae04e12d5c,clearwater-beach,-82.819968,27.970373,10.22,0,0.0,False,0.0,none
eaa99a93-a493-4851-ba08-ca47ff90ed3d,clearwater-beach,-82.82254,27.971163,23.57,6,5.5,False,0.165,low
6145eedf-d58f-40b1-89ae-c272ac77f332,clearwater-beach,-82.822468,27.971541,19.04,7,6.5,False,0.195,low
12a15ba1-cafc-4892-8ea3-ac15c8732be1,clearwater-beach,-82.822638,27.971581,14.16,6,5.5,False,0.165,low
bef46927-2441-42c6-a9ca-ce0622536274,clearwater-beach,-82.822408,27.97718,,5,4.5,False,0.135,low
1bc3e0cf-4de7-4f7c-9790-34bcee494f09,clearwater-beach,-82.819184,27.976386,8.35,0,0.0,False,0.0,none
80ee2f1d-ddda-423d-90aa-f9a9dbcb98ef,clearwater-beach,-82.819191,27.976875,13.38,6,5.5,False,0.165,low
b87f696e-9242-42eb-a149-84ab5afce32b,clearwater-beach,-82.818939,27.977436,18.35,5,4.5,False,0.135,low
63bd9381-c75f-4850-b93b-82d3f263badc,clearwater-beach,-82.818609,27.977806,15.43,3,2.5,False,0.075,low
f9a35990-94c4-421f-b571-ae046a9926e3,clearwater-beach,-82.818747,27.977915,15.51,6,5.5,False,0.165,low
b56ef393-a933-4680-9e0d-53179719ab8a,clearwater-beach,-82.818675,27.977859,15.31,3,2.5,False,0.075,low
89f78604-e8f2-4f5b-bdc2-9a2f7aaa29fe,clearwater-beach,-82.818974,27.97809,15.47,3,2.5,False,0.075,low
143855ab-3f10-41f7-81be-9e2522ac8699,clearwater-beach,-82.818893,27.978034,16.49,2,1.5,False,0.045,low
1e9a22ed-9e79-48af-9703-227c95d6b182,clearwater-beach,-82.819043,27.97813,15.46,2,1.5,False,0.045,low
e6c8a8f9-d3fc-49b3-a51b-e9e0d849dc50,clearwater-beach,-82.819353,27.977592,8.4,6,5.5,False,0.165,low
53e4a913-84a7-4d7f-96bf-acc473a8d45c,clearwater-beach,-82.819314,27.977633,8.45,6,5.5,False,0.165,low
a7841a6e-20ba-4ac1-acad-14ec63741cc6,clearwater-beach,-82.81939,27.977554,8.49,6,5.5,False,0.165,low
ca2d49cd-621a-43c9-b290-183589266b6d,clearwater-beach,-82.819439,27.977504,9.44,6,5.5,False,0.165,low
866c765d-bded-4555-96f2-e44658793309,clearwater-beach,-82.81977,27.978009,19.07,6,5.5,False,0.165,low
c3b56bc5-b260-4559-a52f-e2df05c947bf,clearwater-beach,-82.820398,27.978432,15.33,4,3.5,False,0.105,low
9e061cc6-d469-404b-9061-1af3e1548fd5,clearwater-beach,-82.820157,27.978248,15.21,5,4.5,False,0.135,low
1b51ebf6-f243-4f27-b410-50ea5d30b6c6,clearwater-beach,-82.820212,27.978289,15.24,3,2.5,False,0.075,low
bf9c8733-8620-4d77-b3b6-7aeca38d9192,clearwater-beach,-82.82027,27.978332,15.25,4,3.5,False,0.105,low
fedf2593-d1b1-4261-9f49-4165ccb3c027,clearwater-beach,-82.820323,27.978372,15.24,4,3.5,False,0.105,low
6c719340-26c9-4238-8141-abe3f268d743,clearwater-beach,-82.820451,27.978474,15.22,4,3.5,False,0.105,low
aaefec78-d906-4938-a872-e7f569323083,clearwater-beach,-82.820506,27.978516,15.21,4,3.5,False,0.105,low
4e74a81f-f45b-40fc-b94d-31765d19323b,clearwater-beach,-82.820558,27.978556,15.24,4,3.5,False,0.105,low
15e90169-8003-4975-a7d8-5c938b0118a2,clearwater-beach,-82.820613,27.978596,15.24,6,5.5,False,0.165,low
bf5bc3c7-46a8-47bb-9132-253a44e87d87,clearwater-beach,-82.819987,27.978855,24.26,6,5.5,False,0.165,low
9f8f74cd-79fc-4256-99fa-3c056deda8d2,clearwater-beach,-82.820108,27.978207,15.15,4,3.5,False,0.105,low
b9beec09-9d32-43fa-a9ee-867984f20f72,clearwater-beach,-82.819426,27.978457,8.19,6,5.5,False,0.165,low
af1f7088-bde9-456a-bd6e-05dcee86b2c5,clearwater-beach,-82.819169,27.978746,15.3,4,3.5,False,0.105,low
35dfe6f0-3d2a-41cc-8d4e-a2b17f96974a,clearwater-beach,-82.819108,27.978685,16.66,2,1.5,False,0.045,low
fceac54b-a44f-48ca-a5d7-522237b95c0e,clearwater-beach,-82.819128,27.978526,17.01,3,2.5,False,0.075,low
ba8740cc-87fe-4bb8-9da4-8bdee724dbfa,clearwater-beach,-82.819147,27.978455,17.01,3,2.5,False,0.075,low
c686e11b-5a24-4d44-a780-b5404fa1c5cb,clearwater-beach,-82.819188,27.97838,16.24,6,5.5,False,0.165,low
52c74dab-e983-44f5-9aea-cf0f9bd9acc0,clearwater-beach,-82.819192,27.978252,15.51,3,2.5,False,0.075,low
6a49750c-2eb0-478d-8583-404dc26a8383,clearwater-beach,-82.819118,27.97818,15.59,2,1.5,False,0.045,low
af6e04ae-ac97-46bb-bf4c-269edcd32ea3,clearwater-beach,-82.818887,27.978462,15.6,5,4.5,False,0.135,low
43179c0c-f0fc-4199-a808-e9ef009cc4c1,clearwater-beach,-82.818882,27.978379,15.32,5,4.5,False,0.135,low
91595572-ec3e-47d9-bda5-05cb4fd2c224,clearwater-beach,-82.818809,27.978243,15.34,6,5.5,False,0.165,low
4be6f653-0adc-4d58-9b18-44942e8a14a5,clearwater-beach,-82.818711,27.978185,15.65,6,5.5,False,0.165,low
b8e81871-9bc3-47b6-8190-c8ebb1b28cdf,clearwater-beach,-82.818915,27.978711,16.26,2,1.5,False,0.045,low
c1059b2b-1b90-4349-b7db-cfba151197a6,clearwater-beach,-82.818897,27.978541,15.52,5,4.5,False,0.135,low
89990988-37ef-4770-be04-3d87bb271be6,clearwater-beach,-82.81891,27.978617,15.32,3,2.5,False,0.075,low
2d046714-59b7-40b6-bb46-7e9864a0297d,clearwater-beach,-82.818999,27.978922,15.16,3,2.5,False,0.075,low
c6e363b5-1569-4918-acca-9d4a9c1c0f79,clearwater-beach,-82.819072,27.979072,15.82,5,4.5,False,0.135,low
5d2f97b8-f211-4c3b-be86-4847a4ed4b1f,clearwater-beach,-82.819031,27.978996,15.49,5,4.5,False,0.135,low
8a153aa6-cd85-410c-97bb-24d957f6f31f,clearwater-beach,-82.818922,27.978875,17.01,3,2.5,False,0.075,low
33762f9e-49bc-4028-81ed-115a4423787a,clearwater-beach,-82.81928,27.979154,16.12,4,3.5,False,0.105,low
4ba43127-3a2f-4b36-bd77-f2038a994a39,clearwater-beach,-82.819216,27.979202,16.07,4,3.5,False,0.105,low
8c0a7f67-1618-48cc-93c4-901b10f1a9a8,clearwater-beach,-82.819174,27.979267,16.15,7,6.5,False,0.195,low
f4eb11d3-f1f6-4bbd-8370-b5e59f4ab978,clearwater-beach,-82.819209,27.978818,15.62,4,3.5,False,0.105,low
a219f371-686f-464a-b097-beaa025342cd,clearwater-beach,-82.819239,27.9789,15.6,6,5.5,False,0.165,low
e8ff53f4-3df7-4ff5-8b9f-6e5b6ed9e26f,clearwater-beach,-82.81932,27.979091,15.81,4,3.5,False,0.105,low
b1b0ae0a-a599-49a4-b83a-a0cfe8c0e0be,clearwater-beach,-82.819382,27.979043,16.11,4,3.5,False,0.105,low
47b2eb16-64ea-454a-b2a4-a2ad6eaed068,clearwater-beach,-82.819427,27.978976,15.99,4,3.5,False,0.105,low
4a12f03a-a5f6-423e-b46e-b53c56ad08aa,clearwater-beach,-82.819567,27.980072,18.55,5,4.5,False,0.135,low
22a1cf34-bb16-47f3-ac24-65168b4692e9,clearwater-beach,-82.818661,27.979884,38.91,3,2.5,False,0.075,low
011f5e0c-b456-4554-b787-4e2cdc79ea0d,clearwater-beach,-82.818842,27.980428,16.96,4,3.5,False,0.105,low
03cfcc5d-058e-449e-8eca-8264ba62916e,clearwater-beach,-82.818753,27.98044,16.73,4,3.5,False,0.105,low
ede2aa94-56a4-4cb0-b874-0448f7ed1b59,clearwater-beach,-82.818982,27.980473,19.99,5,4.5,False,0.135,low
0b14cfd3-96ce-40b0-942a-1d48ecca0e99,clearwater-beach,-82.819089,27.980464,20.02,5,4.5,False,0.135,low
1203fca2-b7f3-4b00-b95f-b682ba6f6bcd,clearwater-beach,-82.819335,27.980606,13.97,6,5.5,False,0.165,low
e4fe9d61-e5dd-4c3d-bc4e-d2e4e5dee35f,clearwater-beach,-82.8192,27.980453,20.02,5,4.5,False,0.135,low
95b94890-aa0f-445d-8dd8-9a843add5da0,clearwater-beach,-82.819596,27.980536,18.32,5,4.5,False,0.135,low
70902f74-d403-4d59-8a4b-ee2da5197808,clearwater-beach,-82.81941,27.980471,11.55,5,4.5,False,0.135,low
1350c057-5329-482b-b6cb-5767e2d057e2,clearwater-beach,-82.819549,27.980682,13.3,5,4.5,False,0.135,low
7483ad03-c871-4c70-8c12-1b77538ee34e,clearwater-beach,-82.819922,27.980144,13.649117469787598,5,4.5,False,0.135,low
fc406327-7172-4ba2-b778-4b7f38f179ea,clearwater-beach,-82.820245,27.980251,18.85,5,4.5,False,0.135,low
9f4fda69-2022-4220-acbd-760f21074d96,clearwater-beach,-82.820237,27.980627,17.97,5,4.5,False,0.135,low
38137b61-3a37-4d5d-b69a-39cd552e6167,clearwater-beach,-82.821548,27.979545,8.04,0,0.0,False,0.0,none
85ac5dd4-fe5a-49db-835d-859208bf4cdb,clearwater-beach,-82.820666,27.978637,15.26,6,5.5,False,0.165,low
7954d416-a831-4b8f-a448-8e0f1a033cf5,clearwater-beach,-82.824602,27.976674,8.53,0,0.0,False,0.0,none
fa8d5a50-7c04-40d0-9261-1e0a9d0aa874,clearwater-beach,-82.824531,27.976965,9.2,0,0.0,False,0.0,none
1be169df-46a5-4843-8c26-3642a980981e,clearwater-beach,-82.825146,27.977732,,5,4.5,False,0.135,low
c20a7a1a-0a6e-4484-b15c-2e11960cdf1e,clearwater-beach,-82.825641,27.978069,12.59,6,5.5,False,0.165,low
a92cd66f-8381-47fe-a46e-b5d512536a1c,clearwater-beach,-82.825417,27.977725,,4,3.5,False,0.105,low
d697e4c8-bd41-4ca4-a840-368d0255e80f,clearwater-beach,-82.825283,27.977728,,5,4.5,False,0.135,low
6900f5f2-3923-4095-8fe1-658e7155f306,clearwater-beach,-82.825098,27.976741,,7,6.5,False,0.195,low
5d98e6e1-b0b5-4f1c-b027-432989b0d358,clearwater-beach,-82.825368,27.976558,8.39,0,0.0,False,0.0,none
59576074-a0bc-4ecb-806a-34387c1f78e6,clearwater-beach,-82.826347,27.976804,18.7,6,5.5,False,0.165,low
10909dd5-93a7-42af-8c11-49c9f22b308c,clearwater-beach,-82.826265,27.978334,14.69,5,4.5,False,0.135,low
1bd430e1-df8a-40ab-8065-17b6234213f8,clearwater-beach,-82.826626,27.978826,18.43,6,5.5,False,0.165,low
a9082eb4-a292-41a7-a418-2f0dc2bd3ac7,clearwater-beach,-82.826178,27.978997,11.44,5,4.5,False,0.135,low
68253c3e-37e8-4fb1-8e9a-b10c6d3421b1,clearwater-beach,-82.826131,27.979422,18.29,5,4.5,False,0.135,low
dce4f6bf-cf27-41e7-add7-9e9e9e5bc6fe,clearwater-beach,-82.826051,27.979207,12.38,5,4.5,False,0.135,low
13f5eb91-4f39-40d7-a500-7aa8c93490af,clearwater-beach,-82.825713,27.978259,18.75,6,5.5,False,0.165,low
bc92260d-d309-4ef4-a5a7-e60d78a51a8e,clearwater-beach,-82.825459,27.978264,19.29,6,5.5,False,0.165,low
2ce924f1-f423-4992-9e5f-9ac6fe0c7aa3,clearwater-beach,-82.825674,27.979211,10.39,6,5.5,False,0.165,low
46c5b55e-81e3-464a-af22-74a6e5d024b7,clearwater-beach,-82.825662,27.979299,10.33,5,4.5,False,0.135,low
3346c203-c7a2-467c-8601-59bce4bdd500,clearwater-beach,-82.825557,27.979502,19.5,6,5.5,False,0.165,low
af89cff0-8a0d-44d7-9ad5-889d3c4136e2,clearwater-beach,-82.825483,27.97969,13.73,6,5.5,False,0.165,low
56ad5249-d4a5-4ce4-a5aa-94ece2cbcd99,clearwater-beach,-82.825491,27.979835,13.93,6,5.5,False,0.165,low
cd60b1a4-4e6a-440c-9e64-2bb86ce926cc,clearwater-beach,-82.825431,27.980408,13.591292381286621,6,5.5,False,0.165,low
2723df1e-7c34-4ee2-b3fb-f0cd33c525f8,clearwater-beach,-82.825909,27.980478,18.25,5,4.5,False,0.135,low
c73a8cc6-1e91-4b87-b322-19bd953fe236,clearwater-beach,-82.826063,27.980474,18.17,5,4.5,False,0.135,low
612e7ad8-c931-4402-865b-72fba7a4f979,clearwater-beach,-82.826072,27.980368,12.43,5,4.5,False,0.135,low
ea553e0a-4dcf-4abc-b016-917fe59e507b,clearwater-beach,-82.825937,27.980188,11.24,5,4.5,False,0.135,low
b01fa8f0-648b-45ec-9726-d2cab3328e2b,clearwater-beach,-82.825895,27.980351,11.16,5,4.5,False,0.135,low
e573474a-792c-40f0-9808-5f51d72067d7,clearwater-beach,-82.825961,27.979779,12.18,5,4.5,False,0.135,low
b2dbdc32-6d93-43c8-a33e-d3f5efe50fae,clearwater-beach,-82.826013,27.979558,9.31,5,4.5,False,0.135,low
2afdb493-4921-487d-806a-15ae40373fd8,clearwater-beach,-82.826185,27.979679,18.28,5,4.5,False,0.135,low
b50466a2-e93d-4e88-b1be-520842794793,clearwater-beach,-82.826052,27.980073,18.31,5,4.5,False,0.135,low
1d1ddd24-83a8-4c1a-851e-b46de29ab5ff,clearwater-beach,-82.826646,27.97969,11.14,5,4.5,False,0.135,low
24273bb0-5770-47c1-bb61-9d25266eced2,clearwater-beach,-82.826705,27.979818,9.96,6,5.5,False,0.165,low
655970a4-0250-431c-aa93-0e463627035d,clearwater-beach,-82.82656,27.979822,3.674041271209717,6,5.5,False,0.165,low
ba62f2bd-a527-4274-9907-d63ff7121090,clearwater-beach,-82.826594,27.980343,10.77,5,4.5,False,0.135,low
d87e25e7-20da-419f-8fab-d48f36a57237,clearwater-beach,-82.826939,27.980149,15.41,5,4.5,False,0.135,low
1d9f2558-da1c-42b9-8435-342d767b925e,clearwater-beach,-82.826971,27.980436,9.31,6,5.5,False,0.165,low
345cf187-4e3d-4e98-9ca7-225dfc6bf1cb,clearwater-beach,-82.827464,27.98044,12.6,5,4.5,False,0.135,low
ba89e977-37a1-46b3-ae9c-6fea19057109,clearwater-beach,-82.827362,27.980711,18.39,6,5.5,False,0.165,low
e7cd2a4a-ba3a-4dca-9b33-1fe39f6160b6,clearwater-beach,-82.827489,27.980199,18.35,5,4.5,False,0.135,low
48fda9c2-a74f-4773-9814-334f637ef154,clearwater-beach,-82.826994,27.979689,11.78,5,4.5,False,0.135,low
631685d3-e6d7-475a-be36-c39402fd5816,clearwater-beach,-82.826967,27.97982,14.72,6,5.5,False,0.165,low
3e03bd40-f4fa-42d6-9a36-b9cc7826ba85,clearwater-beach,-82.827068,27.979139,18.26,5,4.5,False,0.135,low
1f731852-e703-46e2-81b0-764e27451af0,clearwater-beach,-82.826961,27.979279,18.26,5,4.5,False,0.135,low
a86e2796-0b54-41a0-8453-9bb8a6ccc6e8,clearwater-beach,-82.827083,27.978969,8.99,6,5.5,False,0.165,low
6dc97e47-5fc0-4dd3-96fc-7430a8f705c8,clearwater-beach,-82.827076,27.979036,18.22,5,4.5,False,0.135,low
e07bcccb-4276-47b9-8c05-839504880b90,clearwater-beach,-82.827089,27.978899,16.01,6,5.5,False,0.165,low
af9eec8a-90a6-4322-b588-e5969dafa945,clearwater-beach,-82.827063,27.978834,15.9,5,4.5,False,0.135,low
31472df7-6681-4a8d-85f6-47b232f7f3f8,clearwater-beach,-82.826897,27.978264,18.16,5,4.5,False,0.135,low
26a8e28c-7bbb-4c41-967c-dea8bcbd5c72,clearwater-beach,-82.827212,27.978285,18.14,5,4.5,False,0.135,low
cc5cf2d9-75b0-4072-b999-c40e0b08c284,clearwater-beach,-82.827189,27.978426,12.46,5,4.5,False,0.135,low
804d78fe-161c-410c-b262-a8bc2bfa0041,clearwater-beach,-82.827148,27.978495,8.37,6,5.5,False,0.165,low
266c4b50-f5bd-4b98-8f26-7f4adfa81102,clearwater-beach,-82.827199,27.978597,18.16,5,4.5,False,0.135,low
848d771b-1f4c-4f76-a5f3-cf1593aa7df5,clearwater-beach,-82.827181,27.978735,11.29,5,4.5,False,0.135,low
1a71fd75-dcb2-480b-8b9d-7e92af219f51,clearwater-beach,-82.828056,27.978953,34.14,5,4.5,False,0.135,low
eea63461-00ad-457b-a36d-b127ecdcb540,clearwater-beach,-82.828548,27.978305,11.87,2,1.5,False,0.045,low
08878777-322f-41a6-9c1c-13b5e4e8663f,clearwater-beach,-82.827962,27.980499,59.45,5,4.5,False,0.135,low
aa5b0706-d01b-479d-ac64-cdebb0088333,clearwater-beach,-82.828771,27.977665,15.21,4,3.5,False,0.105,low
49063fbe-21b3-498f-b371-0a87e0fb2e44,clearwater-beach,-82.829317,27.977278,,4,3.5,False,0.105,low
aa4aee9f-f97e-4551-afe4-44aee7fc612a,clearwater-beach,-82.829703,27.978018,,6,5.5,False,0.165,low
640ebffb-1857-4096-95bd-d5afd195a0fa,clearwater-beach,-82.830419,27.977443,,0,0.0,False,0.0,none
83fa84a1-7459-434c-8f9c-b349606114e5,clearwater-beach,-82.829819,27.977352,10.52,6,5.5,False,0.165,low
2ec87c42-8f1b-4402-94f9-d7bc006d53b7,clearwater-beach,-82.829804,27.976421,,6,5.5,False,0.165,low
a6aa3010-c4d6-416a-b774-e461717e94de,clearwater-beach,-82.829114,27.975817,14.85,4,3.5,False,0.105,low
05e0a907-2123-4967-a943-31eafbb58c0d,clearwater-beach,-82.828642,27.977089,13.5,3,2.5,False,0.075,low
b52f5915-1408-46a5-b764-f23bb5f923b8,clearwater-beach,-82.828255,27.977306,13.63,4,3.5,False,0.105,low
7726e41c-4fa8-446e-9771-fdee4b59bfa8,clearwater-beach,-82.828526,27.977321,13.1,4,3.5,False,0.105,low
b05e156a-6891-4210-b1da-ae92d008952c,clearwater-beach,-82.82871,27.977857,10.79,3,2.5,False,0.075,low
342be148-4ed1-4576-94bd-0003218b2f91,clearwater-beach,-82.828168,27.977083,,4,3.5,False,0.105,low
0315edc9-97e7-4b15-99ee-d34b25f3eef5,clearwater-beach,-82.827375,27.976937,15.6,5,4.5,False,0.135,low
c42034e2-b261-4845-baf5-905a165466d7,clearwater-beach,-82.827245,27.978084,20.69,5,4.5,False,0.135,low
7941958d-ad97-4f6e-a741-e1288ba9e062,clearwater-beach,-82.827043,27.975119,11.13,7,6.5,False,0.195,low
c121501e-69af-4ca5-9767-345d112db933,clearwater-beach,-82.827087,27.974959,11.84,7,6.5,False,0.195,low
6f68a497-5c0f-4899-895d-340196835f63,clearwater-beach,-82.827478,27.975415,,7,6.5,False,0.195,low
cee7edf0-39ab-4938-a437-61c89ad12479,clearwater-beach,-82.827594,27.974565,18.49,6,5.5,False,0.165,low
b5b958d8-4a9e-4b5c-8f68-5a4d7af75133,clearwater-beach,-82.827704,27.974366,9.94012451171875,5,4.5,False,0.135,low
3c1b500a-e9ff-47b3-8d21-41518d875bf5,clearwater-beach,-82.826961,27.974747,14.53,6,5.5,False,0.165,low
e16a53ec-01c1-4b55-9a87-3f8a55af5884,clearwater-beach,-82.826836,27.974538,10.91,6,5.5,False,0.165,low
3dbc8ecd-b341-4904-9320-c00bd61b4ebf,clearwater-beach,-82.826848,27.974009,12.56,6,5.5,False,0.165,low
928666dc-b5f8-49e5-b888-475e12e637b7,clearwater-beach,-82.827007,27.974145,14.54,6,5.5,False,0.165,low
b27b692c-f9f6-43e6-bd7f-0d39b58e396a,clearwater-beach,-82.827205,27.974026,12.03,6,5.5,False,0.165,low
e984b221-777a-4059-9a8b-95373c330ed6,clearwater-beach,-82.827914,27.973897,18.57,5,4.5,False,0.135,low
35a1a5b3-a09b-4757-9eaf-3619f0a4259d,clearwater-beach,-82.827917,27.973252,14.213699340820312,5,4.5,False,0.135,low
09a63d1b-7dc2-4ddd-8111-43e6e57ca57e,clearwater-beach,-82.827925,27.974698,9.99,6,5.5,False,0.165,low
b8b76b25-b1e7-43bb-9fb6-5bd88cfe0117,clearwater-beach,-82.827698,27.974848,9.634176254272461,6,5.5,False,0.165,low
71ebac66-7250-4496-8fca-6548e0b4988a,clearwater-beach,-82.827875,27.975465,36.93,6,5.5,False,0.165,low
93af7a34-2fd8-40fa-9a6c-64a5dd2ecd37,clearwater-beach,-82.828646,27.974989,,0,0.0,False,0.0,none
c70ae068-f7e4-4925-adad-cee0c9ba7a18,clearwater-beach,-82.829964,27.97501,,6,5.5,False,0.165,low
ee3a556c-5d01-4aeb-ab35-2ab35f120b92,clearwater-beach,-82.830279,27.97351,,7,6.5,False,0.195,low
3c0a9e06-c564-4c54-821b-25f0c4ebb7ad,clearwater-beach,-82.829549,27.973924,2.6785218715667725,5,4.5,False,0.135,low
ef6c7757-c4ef-46a9-b182-9cfae42f9057,clearwater-beach,-82.828818,27.973717,59.15,6,5.5,False,0.165,low
17e0cd27-b950-4619-90a6-cb4df649a4b1,clearwater-beach,-82.828896,27.973058,27.34,3,2.5,False,0.075,low
a25b5a6f-51af-4652-8b93-4c9fabe75ad3,clearwater-beach,-82.828739,27.972706,10.93,1,0.5,False,0.015,low
2179c782-4068-4320-aabf-9ca9af130979,clearwater-beach,-82.829057,27.972441,18.12,3,2.5,False,0.075,low
75525e47-4906-49ee-b918-dccfd55085e5,clearwater-beach,-82.829242,27.971958,12.38,6,5.5,False,0.165,low
820cb93c-8552-45a5-b587-591629d180cb,clearwater-beach,-82.829179,27.972106,14.16,4,3.5,False,0.105,low
d95403e2-60aa-4097-985c-a9f8f6d713d9,clearwater-beach,-82.829948,27.972572,13.2,6,5.5,False,0.165,low
3e0855a7-0123-4e86-bdb9-35eeb51d9c39,clearwater-beach,-82.830561,27.971396,,6,5.5,False,0.165,low
5c607405-c328-4cc1-a801-d489fc25bd33,clearwater-beach,-82.829372,27.970571,40.0,4,3.5,False,0.105,low
106294a1-cc5e-40f9-a75f-db892d0ed0eb,clearwater-beach,-82.829366,27.971629,18.4,6,5.5,False,0.165,low
9a3a94b0-b036-4339-8c70-fdfbf74db069,clearwater-beach,-82.829145,27.971576,17.393320083618164,6,5.5,False,0.165,low
d0b3698a-d475-4fac-9af8-709b9a428d7c,clearwater-beach,-82.827783,27.970638,20.73,5,4.5,False,0.135,low
3bc3ad8c-cdac-4e75-8089-8e59e90e9a89,clearwater-beach,-82.828292,27.97153,11.296541213989258,6,5.5,False,0.165,low
3f28fabd-57b0-4998-beb4-537577e436d2,clearwater-beach,-82.828361,27.971855,18.37,5,4.5,False,0.135,low
280c23f6-62d4-4d8a-8808-ef23919aff89,clearwater-beach,-82.828276,27.972197,9.49,5,4.5,False,0.135,low
eb5a7b1e-62a6-4ac2-9251-b1b32bbc85d7,clearwater-beach,-82.828285,27.972518,10.96,6,5.5,False,0.165,low
be8a0b74-ed09-49f3-9825-6bbf71be39d3,clearwater-beach,-82.828301,27.972365,11.47,6,5.5,False,0.165,low
fe688cf1-8525-45cd-a474-2afa91d657b3,clearwater-beach,-82.828162,27.972303,4.498168468475342,5,4.5,False,0.135,low
312b661b-6453-4819-ad6d-519b01cbb04e,clearwater-beach,-82.82822,27.972695,10.25,6,5.5,False,0.165,low
59b98fb3-7f58-4caf-b48c-da958e9b3ac2,clearwater-beach,-82.828153,27.972855,9.03,5,4.5,False,0.135,low
5e80485f-d436-4ace-8467-5dabf80d10ec,clearwater-beach,-82.827876,27.972601,,8,7.5,False,0.225,low
92a7148c-352e-4602-9446-a6056a745f39,clearwater-beach,-82.827987,27.972184,15.88,5,4.5,False,0.135,low
f47682a4-c3ad-4255-aaab-59ac7111493d,clearwater-beach,-82.828068,27.971786,18.43,6,5.5,False,0.165,low
05c622d5-6175-431f-98f2-9d5c13b54651,clearwater-beach,-82.82762,27.97178,8.9,6,5.5,False,0.165,low
712a0683-1d4b-4108-b787-962911bfdb25,clearwater-beach,-82.827551,27.971652,19.28,6,5.5,False,0.165,low
b81fb4df-81da-4752-ab3b-17fe8cc4df01,clearwater-beach,-82.827383,27.971643,12.61,6,5.5,False,0.165,low
2a75a627-6ab3-47dd-9584-15ea8f6d54db,clearwater-beach,-82.827335,27.972125,14.24,7,6.5,False,0.195,low
6a359a30-edbb-482d-9e5b-94b4eb817b39,clearwater-beach,-82.827563,27.972025,9.07,6,5.5,False,0.165,low
1b117456-eb5d-4f45-9e42-579afbb336f8,clearwater-beach,-82.826803,27.972016,17.59,5,4.5,False,0.135,low
071f101a-461e-484f-9c64-2dd67e9f94ab,clearwater-beach,-82.827071,27.972154,19.25,7,6.5,False,0.195,low
12aa413e-7657-42c5-8593-f364b6c3c451,clearwater-beach,-82.826971,27.971599,5.0529866218566895,6,5.5,False,0.165,low
f7fbf9b2-e8fc-49ff-9177-48b3f310784e,clearwater-beach,-82.827191,27.971592,2.6836867332458496,6,5.5,False,0.165,low
f8cd43f1-a3d9-447d-a30f-8180d9011070,clearwater-beach,-82.827482,27.970589,19.71,5,4.5,False,0.135,low
9d425775-a04e-48f7-b06e-fbdbcb95830c,clearwater-beach,-82.827268,27.97053,11.53,5,4.5,False,0.135,low
f71bfc68-cfb8-4f42-a4d3-aa8f487f418f,clearwater-beach,-82.827082,27.970539,13.51,5,4.5,False,0.135,low
0dd3b96e-c2d4-48d3-ae20-d6f2cd746256,clearwater-beach,-82.826893,27.970493,12.44,5,4.5,False,0.135,low
e4aeb831-58bb-47bd-8737-d04031a8bb8c,clearwater-beach,-82.826644,27.970472,12.59,5,4.5,False,0.135,low
2b33d913-ddab-4004-93b1-ac1460b1b8b2,clearwater-beach,-82.826368,27.97044,13.17,6,5.5,False,0.165,low
9fff8ef2-f9ca-4582-90ad-2b5038bf9651,clearwater-beach,-82.826648,27.971524,11.78,6,5.5,False,0.165,low
4843362b-b02b-4e1d-8642-a5cb28e813aa,clearwater-beach,-82.826387,27.971521,17.85,5,4.5,False,0.135,low
d12393da-24a4-4c41-8aef-0c2b35f8574d,clearwater-beach,-82.8261,27.971494,11.55,6,5.5,False,0.165,low
fe862139-3775-4121-8242-7b7ee0091dca,clearwater-beach,-82.825947,27.971494,11.22,6,5.5,False,0.165,low
1be9e735-b3ab-4f9a-baeb-d37d900e0c9d,clearwater-beach,-82.825803,27.971513,14.56,5,4.5,False,0.135,low
f01d161a-6e16-4206-8735-c492f263a5db,clearwater-beach,-82.825742,27.971515,14.61,5,4.5,False,0.135,low
d0817310-bebe-4141-b77c-3fce0514352f,clearwater-beach,-82.825775,27.970711,,0,0.0,False,0.0,none
8d890303-1a18-4634-b323-70cbe9196534,clearwater-beach,-82.826102,27.970472,11.03,5,4.5,False,0.135,low
94f5a51f-f70a-4ad7-8fe5-6424c6fd66f6,clearwater-beach,-82.825804,27.970426,10.86,5,4.5,False,0.135,low
b2912d4e-e89c-4256-a3be-bbfd53d5b96c,clearwater-beach,-82.825579,27.970446,13.47,5,4.5,False,0.135,low
6fb97f80-2dd8-4d66-a47f-0adc26e76f58,clearwater-beach,-82.825392,27.970705,10.08,0,0.0,False,0.0,none
f885c2b6-f606-4243-bde7-25f5d3d52464,clearwater-beach,-82.825381,27.970471,11.76,5,4.5,False,0.135,low
83295bea-36e4-49bb-a15d-802d4a19e635,clearwater-beach,-82.825197,27.970435,10.35,5,4.5,False,0.135,low
08f54c19-39d9-430e-9816-cc8b767090ba,clearwater-beach,-82.825022,27.970487,12.91,5,4.5,False,0.135,low
ec3812ee-d63e-4999-9963-28211f21f608,clearwater-beach,-82.824829,27.970485,11.49,5,4.5,False,0.135,low
4adf9fdb-5c33-4a08-a3ef-3355f4f963d5,clearwater-beach,-82.824862,27.970723,,0,0.0,False,0.0,none
48ba07dc-0ce5-479b-9cbe-b48d08a3bb69,clearwater-beach,-82.82477,27.971525,14.71,6,5.5,False,0.165,low
e4f5a4c3-7670-4f74-b800-fa056d2d0550,clearwater-beach,-82.824823,27.971523,14.74,6,5.5,False,0.165,low
6e8ec358-9f0b-4bb2-ac54-11b779daa4e8,clearwater-beach,-82.824877,27.971523,14.77,5,4.5,False,0.135,low
c62e300a-f7cc-4bc2-9baf-bdd0f3422f7d,clearwater-beach,-82.82493,27.971523,14.77,5,4.5,False,0.135,low
016af527-591a-4d47-90b9-181733672603,clearwater-beach,-82.825032,27.971521,14.77,5,4.5,False,0.135,low
9d100692-03b4-4274-a60e-0e24804f632c,clearwater-beach,-82.824981,27.971522,14.77,5,4.5,False,0.135,low
f25d727b-baad-4b33-b7da-a4826012af07,clearwater-beach,-82.825142,27.971521,14.76,5,4.5,False,0.135,low
21ec61be-af29-4b3c-8862-70d6cc8379a0,clearwater-beach,-82.825087,27.971521,14.76,5,4.5,False,0.135,low
8d79f216-6351-4ce4-8707-1edb0ce55f52,clearwater-beach,-82.825193,27.971519,14.76,5,4.5,False,0.135,low
84f40008-ac47-4822-bb2f-d8ce7b92cba3,clearwater-beach,-82.825247,27.97152,14.75,5,4.5,False,0.135,low
dc9acb49-87e4-4c28-b53c-d2614b405c9f,clearwater-beach,-82.825392,27.971518,14.59,5,4.5,False,0.135,low
15f9a95f-6ad5-4ad9-8f24-d5708b4e3cc1,clearwater-beach,-82.825332,27.971518,14.57,5,4.5,False,0.135,low
338bcb37-e5d2-4a81-9435-137a4589cc6a,clearwater-beach,-82.825507,27.971516,14.66,5,4.5,False,0.135,low
f050999d-09de-4bf7-aab7-da764cd4a687,clearwater-beach,-82.82545,27.971516,14.64,5,4.5,False,0.135,low
5fb964d3-4520-47f8-b1f1-b3e159040e30,clearwater-beach,-82.825572,27.971534,14.68,6,5.5,False,0.165,low
bd2d2a18-0806-4566-9878-ff1d7cc63100,clearwater-beach,-82.825628,27.971516,14.68,5,4.5,False,0.135,low
89f8e0db-19b8-41eb-983b-40b2a1c9557d,clearwater-beach,-82.825683,27.971515,14.64,5,4.5,False,0.135,low
9012e56d-3926-43e1-bb7b-5a483b8bdf03,clearwater-beach,-82.825519,27.971949,18.91,6,5.5,False,0.165,low
3080a9f8-bcb5-4d45-afe1-e81b33927cc4,clearwater-beach,-82.825585,27.971948,18.96,6,5.5,False,0.165,low
5ce7c8cb-06bf-4fec-98c8-e4c28585e7ca,clearwater-beach,-82.82564,27.971946,18.98,6,5.5,False,0.165,low
79ced7f8-3683-4674-83da-02d508b75dd7,clearwater-beach,-82.825691,27.971946,18.98,6,5.5,False,0.165,low
c8aa9148-1edc-4541-a002-5be68b238bff,clearwater-beach,-82.824915,27.972014,7.16337251663208,5,4.5,False,0.135,low
ef04b189-9176-44a5-abcb-66bbc0b8933d,clearwater-beach,-82.825927,27.971985,11.23,7,6.5,False,0.195,low
8dcaf8fa-3b0f-4ba5-ae53-97844b036395,clearwater-beach,-82.825747,27.971947,18.98,6,5.5,False,0.165,low
b5739953-d5bf-49bc-8c0e-186f5a409564,clearwater-beach,-82.825809,27.971946,18.97,6,5.5,False,0.165,low
f5080c39-0b57-4459-b62e-9712f9a1d3d6,clearwater-beach,-82.826326,27.971954,14.43,6,5.5,False,0.165,low
b00de7c6-6526-4e13-88f5-a130b74050c9,clearwater-beach,-82.826047,27.973709,4.4425859451293945,6,5.5,False,0.165,low
a73398c7-5b0a-496a-89f5-dac5e0ccf124,clearwater-beach,-82.825756,27.973702,12.66,6,5.5,False,0.165,low
f1adaf01-6092-4c55-aed6-86d72596b2f3,clearwater-beach,-82.825832,27.974178,11.62,6,5.5,False,0.165,low
4a17756f-f367-4367-a07b-052c0d304c1e,clearwater-beach,-82.825999,27.974211,10.43,6,5.5,False,0.165,low
ab6dd483-0fc0-4be8-97b9-27f04ca6ff9e,clearwater-beach,-82.826333,27.973783,12.33,6,5.5,False,0.165,low
4afbcb07-1a48-4915-b9ee-faca7038025a,clearwater-beach,-82.826478,27.973891,14.33,6,5.5,False,0.165,low
76ab38b4-d867-42b5-a2db-eeaccbcfb2b4,clearwater-beach,-82.826684,27.973932,5.753939151763916,6,5.5,False,0.165,low
8eda1866-9188-49bd-91a9-f1b39a2b06a4,clearwater-beach,-82.826642,27.974513,12.6,6,5.5,False,0.165,low
47f4a182-5f7a-42be-8d13-3779ee66f95d,clearwater-beach,-82.826498,27.974418,17.36,6,5.5,False,0.165,low
28bc2c77-7a83-47ff-b4ab-ae06694f24e1,clearwater-beach,-82.826313,27.974352,12.27,6,5.5,False,0.165,low
db7c6081-213c-494d-b428-0fdc15bb981e,clearwater-beach,-82.826161,27.974275,13.3,6,5.5,False,0.165,low
aea01a66-8d3c-42c4-9585-25a7c154254b,clearwater-beach,-82.824761,27.974147,10.3,6,5.5,False,0.165,low
c007621d-63ee-4c8e-81cb-b264dad11753,clearwater-beach,-82.824828,27.97364,13.07,5,4.5,False,0.135,low
c63e7d4c-7222-4d22-b84a-d762fd0a37e8,clearwater-beach,-82.825068,27.973681,13.5,6,5.5,False,0.165,low
076ccb78-8692-4bdf-9898-309d9f75933b,clearwater-beach,-82.824958,27.974128,12.0,6,5.5,False,0.165,low
3c61ae17-b335-4cc8-b19c-bac445a0e17a,clearwater-beach,-82.825139,27.974142,11.9,7,6.5,False,0.195,low
565840dd-ecc7-4e8f-aff5-12574e0d3d3e,clearwater-beach,-82.825322,27.974142,17.39,6,5.5,False,0.165,low
2c0c2aa3-a577-4e6f-8fbe-ac3feef9bc6e,clearwater-beach,-82.8255,27.974133,12.19,6,5.5,False,0.165,low
13507068-494c-47c5-a142-2060d95a7c81,clearwater-beach,-82.825668,27.974154,18.05,6,5.5,False,0.165,low
c25d66df-3f67-4e05-9cac-5830f9350b87,clearwater-beach,-82.825527,27.973671,13.53,6,5.5,False,0.165,low
2e4b7eb9-9f4b-4614-b523-c5c0877adeac,clearwater-beach,-82.825331,27.97366,12.77,5,4.5,False,0.135,low
7db3784f-b003-448e-9ed0-8c3ffb1199f6,clearwater-beach,-82.824149,27.973682,12.03,6,5.5,False,0.165,low
13d78fc8-1fdf-43cc-9c80-1238a33f6b57,clearwater-beach,-82.823871,27.973659,12.44,6,5.5,False,0.165,low
3d541e39-a682-474c-bd17-0196b73fd48a,clearwater-beach,-82.824053,27.974123,12.53,6,5.5,False,0.165,low
7edf7365-0b4f-4d01-b5f1-be12e460b819,clearwater-beach,-82.824291,27.97413,11.98,6,5.5,False,0.165,low
ce4c1c8b-5b8d-4753-b09e-367518a701cd,clearwater-beach,-82.824393,27.973673,12.76,5,4.5,False,0.135,low
efe42269-da1a-4c50-b67f-931aa97ee2ab,clearwater-beach,-82.824502,27.974111,17.59,6,5.5,False,0.165,low
1b83a5ef-bd8a-4fcc-abc5-f9baea8df0ee,clearwater-beach,-82.822902,27.973799,18.19,5,4.5,False,0.135,low
27c5c8ab-7f14-4e98-a93c-53cd215403d4,clearwater-beach,-82.823073,27.97365,19.31,6,5.5,False,0.165,low
9152c183-c891-4dfd-a8ae-0dd8e330d141,clearwater-beach,-82.822941,27.974125,11.49,6,5.5,False,0.165,low
4bf7b065-c274-489d-93f2-c8bf9cff1c2e,clearwater-beach,-82.823308,27.974138,16.01,6,5.5,False,0.165,low
000bb14e-c82e-4ca9-bdc1-d441d0bb2883,clearwater-beach,-82.823624,27.974149,10.59,6,5.5,False,0.165,low
1705cca1-336b-489c-8285-dc63da2af98e,clearwater-beach,-82.823439,27.97366,14.21,5,4.5,False,0.135,low
8f0692b3-bcb3-4c4d-b0a3-a4628e7d9888,clearwater-beach,-82.82293,27.971634,14.0,6,5.5,False,0.165,low
241377a4-b4eb-4d3e-a667-7e0607255435,clearwater-beach,-82.822988,27.971645,13.92,6,5.5,False,0.165,low
b1deb977-b803-4f0b-9796-435f3a92915d,clearwater-beach,-82.823039,27.971666,13.9,5,4.5,False,0.135,low
38fe34be-59eb-485f-b651-6a744c63dc70,clearwater-beach,-82.823092,27.971686,13.87,5,4.5,False,0.135,low
24d7dd45-0a4e-49a3-8e8e-5b193291e986,clearwater-beach,-82.823148,27.971707,13.84,5,4.5,False,0.135,low
21e7cb4b-306e-4d31-ba9a-e3054fd3372e,clearwater-beach,-82.823321,27.971835,,5,4.5,False,0.135,low
a6306af4-b809-42c4-a3e8-243ef41cb7f7,clearwater-beach,-82.823724,27.971927,7.304961204528809,5,4.5,False,0.135,low
80010934-b414-4826-8698-d35f44949940,clearwater-beach,-82.823866,27.971484,21.25,6,5.5,False,0.165,low
2e7eaf88-990c-46b3-b5bc-d09c98d82ed6,clearwater-beach,-82.823797,27.971474,21.25,6,5.5,False,0.165,low
80b0b558-e491-4181-9cd6-5a9882b22f10,clearwater-beach,-82.824039,27.971513,21.23,6,5.5,False,0.165,low
3b287cee-7d46-4451-bfe8-ae9628f71b20,clearwater-beach,-82.82398,27.971504,21.22,6,5.5,False,0.165,low
5e77bf46-2b89-4103-9cea-33f64a5851c5,clearwater-beach,-82.823923,27.971494,21.24,6,5.5,False,0.165,low
746d16f0-e9cb-40f4-8e2a-ce4426a495e2,clearwater-beach,-82.824109,27.971524,21.26,6,5.5,False,0.165,low
dfa6a290-ab51-4146-9802-68c1058faf3a,clearwater-beach,-82.824223,27.971537,15.11,6,5.5,False,0.165,low
b85228e1-babf-4c20-8c48-3ab42022a0ce,clearwater-beach,-82.824467,27.971542,14.73,6,5.5,False,0.165,low
1bcc32cb-4225-43d5-baad-a182b1b56bcc,clearwater-beach,-82.82465,27.970722,,0,0.0,False,0.0,none
06c07049-c948-4c88-bf39-63ae4cdb7a70,clearwater-beach,-82.824458,27.97049,12.2,5,4.5,False,0.135,low
3ed67e6e-f7e1-4a9d-859e-9e6213febbd3,clearwater-beach,-82.824648,27.970509,12.47,5,4.5,False,0.135,low
f2aa7484-8c98-4ab6-ba30-a4ba3270c305,clearwater-beach,-82.824242,27.970497,10.41,5,4.5,False,0.135,low
cf5d2e04-013a-41d6-977c-eaf8ff0fa11c,clearwater-beach,-82.824041,27.970473,12.15,5,4.5,False,0.135,low
480c92c6-1de3-4424-b45b-419daabbb919,clearwater-beach,-82.823858,27.97043,12.45,5,4.5,False,0.135,low
0356e3ca-fc5e-489d-bb95-7b260169e69b,clearwater-beach,-82.823671,27.970354,10.48,5,4.5,False,0.135,low
f43c1676-b4cb-4889-a012-7b910ec0bd62,clearwater-beach,-82.823666,27.971434,19.2,6,5.5,False,0.165,low
844faedd-5a27-4caf-a516-9eb454da0446,clearwater-beach,-82.823486,27.971362,16.0,6,5.5,False,0.165,low
43e0d025-179e-4f0b-93d3-866f6da2dfff,clearwater-beach,-82.822872,27.971624,14.0,6,5.5,False,0.165,low
6d2ab048-60fd-48ce-9846-1309e5381856,clearwater-beach,-82.822812,27.971617,14.12,5,4.5,False,0.135,low
ebf4c579-a9b4-4730-9487-389fe5b6a8b4,clearwater-beach,-82.822753,27.971605,14.09,6,5.5,False,0.165,low
e8cf763a-e801-48c8-b27a-0557f2a05dbb,clearwater-beach,-82.822696,27.971592,14.2,6,5.5,False,0.165,low
8c640818-9bc1-43d4-b099-3ea9b7728611,clearwater-beach,-82.822786,27.970011,14.12,6,5.5,False,0.165,low
00debb9a-06b1-43a1-8f35-c6a8d49bbdfb,clearwater-beach,-82.823137,27.970163,11.89,6,5.5,False,0.165,low
7c2a341e-096b-4594-855d-66b89c5f8056,clearwater-beach,-82.82295,27.9701,12.47,6,5.5,False,0.165,low
c165fad1-abe6-46c8-898b-797d37d878a7,clearwater-beach,-82.823322,27.970219,15.24,5,4.5,False,0.135,low
cf7081fb-7a0f-4d2f-b5c1-87bd29c0629e,clearwater-beach,-82.823476,27.970299,17.37,5,4.5,False,0.135,low
32b7ac51-99ed-4b7b-b423-051dab00d221,clearwater-beach,-82.823602,27.969854,16.78,4,3.5,False,0.105,low
67948cbb-8fab-4d8c-b810-6f90314559f2,clearwater-beach,-82.823332,27.969756,12.18,6,5.5,False,0.165,low
e83122d8-6f69-409d-a195-b48cd6e5677b,clearwater-beach,-82.823105,27.969638,19.46,4,3.5,False,0.105,low
27c22c20-ee57-46db-9cd3-222d483ea5ab,clearwater-beach,-82.822891,27.969537,7.5,5,4.5,False,0.135,low
5a742476-9309-44b2-8f20-e41c1d03fa6d,clearwater-beach,-82.822711,27.96947,16.78,5,4.5,False,0.135,low
74cd9afc-1cdb-4303-8f7c-f9ad60595262,clearwater-beach,-82.822719,27.969167,,0,0.0,False,0.0,none
7f3c1e8a-7896-4d0d-b44f-5081574d893c,clearwater-beach,-82.824011,27.969997,10.5,5,4.5,False,0.135,low
bcb4787f-0276-46bb-a438-202593283845,clearwater-beach,-82.82382,27.969962,10.91,6,5.5,False,0.165,low
3f268ebe-4b81-4580-9278-a93b069b5b0c,clearwater-beach,-82.824246,27.970019,17.47,5,4.5,False,0.135,low
2d43ccdc-c977-4e76-bf2d-99b6b0fb011e,clearwater-beach,-82.824637,27.969763,,0,0.0,False,0.0,none
ad89106f-2da7-4eef-848a-1694b4c041b8,clearwater-beach,-82.824666,27.970025,11.26,5,4.5,False,0.135,low
de55d1ca-5481-4f62-997f-c86e73fb80a9,clearwater-beach,-82.824903,27.970019,19.4,5,4.5,False,0.135,low
ea654942-9e5d-4dd0-a67f-11adfc1e910b,clearwater-beach,-82.82512,27.970013,7.5,5,4.5,False,0.135,low
cfd66145-272c-4177-b3f7-c93bc07f713a,clearwater-beach,-82.825686,27.969988,18.42,5,4.5,False,0.135,low
44b9e87d-7a36-4de0-9ca5-0d776f73708a,clearwater-beach,-82.825494,27.969965,10.92,5,4.5,False,0.135,low
870232f9-a8ff-43df-a64a-8f47041e6db5,clearwater-beach,-82.825316,27.969983,10.98,6,5.5,False,0.165,low
a8d9260e-6833-4d2a-84f2-350e867459cd,clearwater-beach,-82.825859,27.969989,13.08,5,4.5,False,0.135,low
2029ef45-7bfe-4258-864e-d2fe20ef4df4,clearwater-beach,-82.826056,27.969959,12.64,5,4.5,False,0.135,low
ac3b3ef4-0de5-4ae0-a576-19aa974a9d02,clearwater-beach,-82.826446,27.969975,12.29,5,4.5,False,0.135,low
a56950aa-eac2-4788-855f-2b42050627cb,clearwater-beach,-82.826238,27.969984,10.87,5,4.5,False,0.135,low
152eac3f-c5e8-4b41-945f-71137d0a18c2,clearwater-beach,-82.82662,27.968173,25.16,4,3.5,False,0.105,low
ed232210-535c-4d67-b8c8-66e64b4755ac,clearwater-beach,-82.826132,27.968056,21.24,5,4.5,False,0.135,low
0be5efc6-c65e-44e9-b4ba-20f6e7b90cd4,clearwater-beach,-82.825549,27.967932,14.94,5,4.5,False,0.135,low
17630df7-6be0-46e4-a60c-f42a581bb9b9,clearwater-beach,-82.825095,27.967815,14.73,5,4.5,False,0.135,low
c8a00460-07e1-4a91-9c18-9781ef04392c,clearwater-beach,-82.825156,27.967838,14.73,5,4.5,False,0.135,low
bb9e9ce1-e88a-4c20-bb31-731243bdcd3e,clearwater-beach,-82.825037,27.967793,14.74,5,4.5,False,0.135,low
4f76c1b2-d70b-442c-9f6d-852f9ba7c61e,clearwater-beach,-82.824974,27.967782,14.88,6,5.5,False,0.165,low
6ad5e5fc-9f1c-4a82-8b37-8ee547e46af8,clearwater-beach,-82.824915,27.96776,14.88,7,6.5,False,0.195,low
3f2d5ca3-c04f-4c61-b46d-8cfa0a7c8cf2,clearwater-beach,-82.824853,27.96775,14.85,5,4.5,False,0.135,low
36afe771-8a48-44d8-9ef2-f1aee4daf787,clearwater-beach,-82.824797,27.967729,14.82,5,4.5,False,0.135,low
609cf22c-1650-43c0-8f8c-c5ff605c95ab,clearwater-beach,-82.824735,27.967718,14.93,5,4.5,False,0.135,low
37bc9eda-e300-477d-81f6-7f6404db3f5f,clearwater-beach,-82.825092,27.96717,17.78,4,3.5,False,0.105,low
195fab5d-959b-4ba7-8030-525146c662f5,clearwater-beach,-82.825236,27.966441,41.99,4,3.5,False,0.105,low
1368747b-7b51-4ba6-8ae1-32c8c820c7d2,clearwater-beach,-82.825408,27.966496,10.34,4,3.5,False,0.105,low
4b8c41d2-8b6d-4096-ab0b-da3f6c2558b7,clearwater-beach,-82.825562,27.966504,6.675992965698242,4,3.5,False,0.105,low
de58acda-2cab-46a9-a429-9c6c6e849b03,clearwater-beach,-82.82558,27.967118,18.64,4,3.5,False,0.105,low
18a0c6b8-b29d-4e28-8297-465f25216d9f,clearwater-beach,-82.825483,27.967355,12.85,4,3.5,False,0.105,low
3e5122d6-929f-44a9-93c3-d41aec053b1c,clearwater-beach,-82.825305,27.967304,17.69,3,2.5,False,0.075,low
b9197dbc-12fa-4758-8577-9033c07ae1b7,clearwater-beach,-82.825743,27.967172,18.61,4,3.5,False,0.105,low
1e50c1dc-6a63-4b8d-b482-b133889054bb,clearwater-beach,-82.825938,27.9674,13.75,4,3.5,False,0.105,low
821ef072-7fb8-4673-b8be-b1ca705387d6,clearwater-beach,-82.826537,27.967605,18.0,5,4.5,False,0.135,low
de443172-e5e8-4594-b9d2-4aab79b720a8,clearwater-beach,-82.826445,27.966669,16.83,3,2.5,False,0.075,low
863b8c0c-0ce8-474f-ab07-a3e20b022da2,clearwater-beach,-82.826073,27.966716,12.804141998291016,3,2.5,False,0.075,low
06d5931c-0670-4312-b68a-b78a6b42edc1,clearwater-beach,-82.825756,27.966476,17.41,3,2.5,False,0.075,low
189f2060-451d-4c1f-ad6d-18aee5b6b847,clearwater-beach,-82.825309,27.966129,41.99,3,2.5,False,0.075,low
e14d3d5a-6cf0-4d76-8382-769770fee038,clearwater-beach,-82.825065,27.966377,10.32,4,3.5,False,0.105,low
aab5cd83-07d4-44e4-b435-68c06631a4ba,clearwater-beach,-82.824933,27.966305,8.38,4,3.5,False,0.105,low
0ac6103f-846a-426e-b724-843460204280,clearwater-beach,-82.82394,27.966123,5.50108528137207,6,5.5,False,0.165,low
8478ffc3-477f-443d-946c-bd9915ca5499,clearwater-beach,-82.824591,27.966061,23.320199966430664,3,2.5,False,0.075,low
933eeca2-542a-4dbc-8227-00ac12751fc9,clearwater-beach,-82.824362,27.966665,18.06,4,3.5,False,0.105,low
707896cb-c195-4d0e-be61-e96960e09a96,clearwater-beach,-82.824404,27.967048,18.03,5,4.5,False,0.135,low
e960c6e8-a114-4356-a9cc-01b053757be6,clearwater-beach,-82.824651,27.966872,14.26,4,3.5,False,0.105,low
5136cfd9-55f3-4029-a6e1-9f6dd74bb2d9,clearwater-beach,-82.824673,27.967173,18.01,5,4.5,False,0.135,low
1c1e78bb-a873-46eb-aeea-cd9c727bc6b5,clearwater-beach,-82.824677,27.967697,14.9,5,4.5,False,0.135,low
47d61e66-06a2-4005-bcb0-55432d30a812,clearwater-beach,-82.824615,27.967683,14.89,6,5.5,False,0.165,low
25d77fef-1177-42de-874f-eba59ca243bb,clearwater-beach,-82.824555,27.967662,14.89,5,4.5,False,0.135,low
df5f6e0f-1d8a-4a2b-9a29-9f2c7103961c,clearwater-beach,-82.824471,27.967621,21.24,5,4.5,False,0.135,low
c5eda546-8d93-4166-b654-469c615b2131,clearwater-beach,-82.824407,27.967602,21.23,6,5.5,False,0.165,low
c36a2dbf-5b29-430a-9c3e-872634ccf5ce,clearwater-beach,-82.824352,27.967586,21.2,9,8.5,False,0.255,moderate
a6c26f30-a87d-4768-9b75-1d07548ae58c,clearwater-beach,-82.824299,27.967569,21.18,5,4.5,False,0.135,low
c5ead23a-4cda-480c-a836-0cbe9cfd5f9d,clearwater-beach,-82.824187,27.967535,21.25,6,5.5,False,0.165,low
340e9591-9d9d-49c3-a110-f5671559f8a1,clearwater-beach,-82.824246,27.967553,21.2,5,4.5,False,0.135,low
55dda59b-1445-4f82-b021-a856e9d6bf2c,clearwater-beach,-82.823891,27.967408,18.37,6,5.5,False,0.165,low
c23af6db-dbd2-47da-b339-5ed55b528a30,clearwater-beach,-82.82403,27.966951,18.14,6,5.5,False,0.165,low
ec82a400-2350-4673-950f-1aa84ea47a42,clearwater-beach,-82.824156,27.966682,11.75,4,3.5,False,0.105,low
bbb063e6-f5cc-4928-9ee8-ed7573d36b50,clearwater-beach,-82.823524,27.967294,18.82,6,5.5,False,0.165,low
6c636af3-86b3-43ef-ac1f-83afd3f4fedd,clearwater-beach,-82.82326,27.967237,9.725671768188477,6,5.5,False,0.165,low
6ce92344-992d-4852-ba4f-3bef0c089dfd,clearwater-beach,-82.822906,27.967119,9.06,5,4.5,False,0.135,low
1e892589-9649-4bef-8fd9-bbb2b4bc39d3,clearwater-beach,-82.82299,27.967264,15.42,6,5.5,False,0.165,low
c381ca98-e05f-45b5-b6a2-27272b2fd33c,clearwater-beach,-82.822927,27.967257,15.44,6,5.5,False,0.165,low
fb066676-2f00-4f68-aadd-e578b82f43d8,clearwater-beach,-82.822764,27.967236,15.42,6,5.5,False,0.165,low
b673ff85-d88b-4dc0-9696-d190860a5f54,clearwater-beach,-82.822874,27.967249,15.43,6,5.5,False,0.165,low
a1dd0eab-5f4c-4b11-a7d8-75aaa460ea4f,clearwater-beach,-82.82282,27.967243,15.43,6,5.5,False,0.165,low
aba7386f-3655-41e0-a743-ed5a78f71adf,clearwater-beach,-82.822707,27.967228,15.38,6,5.5,False,0.165,low
7e3c8042-8aaa-469d-947e-32f7df5e34a1,clearwater-beach,-82.822922,27.966572,12.26,4,3.5,False,0.105,low
cdf71395-42b0-46f0-8663-abc89b104f27,clearwater-beach,-82.82717,27.966655,12.39,6,5.5,False,0.165,low
68fd7438-e28a-4594-94ed-512d1704dfc4,clearwater-beach,-82.826952,27.966754,9.68,4,3.5,False,0.105,low
542ada50-06e9-4f60-8b24-0207162d5c1b,clearwater-beach,-82.826854,27.966749,9.85,4,3.5,False,0.105,low
d3a1c917-3d64-48fc-9efc-edc86596f4ec,clearwater-beach,-82.827123,27.966897,13.2,4,3.5,False,0.105,low
8253d5c2-2ebb-4f53-9eac-8d8440855874,clearwater-beach,-82.827174,27.967256,28.22,4,3.5,False,0.105,low
cd29a0bb-ad85-4350-8a64-e8bd9c4e62ad,clearwater-beach,-82.827595,27.967159,23.09,4,3.5,False,0.105,low
bb164827-07b4-4924-a795-9b4eb924a21e,clearwater-beach,-82.828142,27.967661,9.548405647277832,3,2.5,False,0.075,low
831e05b2-9d25-4454-8109-20792e62e784,clearwater-beach,-82.82793,27.967181,19.17,4,3.5,False,0.105,low
b094d2ae-9881-4f03-a1aa-67ff45964c12,clearwater-beach,-82.828688,27.968966,4.682178020477295,5,4.5,False,0.135,low
055f0fca-3e8a-4a39-bde8-382bb0f93fb8,clearwater-beach,-82.828156,27.968794,22.61,4,3.5,False,0.105,low
7256b12d-d956-4c33-8960-c72d22b53215,clearwater-beach,-82.827784,27.968756,8.88,0,0.0,False,0.0,none
198d58b3-0eb2-4cd3-948d-21caf959a433,clearwater-beach,-82.8268,27.967727,11.0,6,5.5,False,0.165,low
4a6767eb-92f9-4eba-8312-82256c8b6dcf,clearwater-beach,-82.827418,27.968477,35.1,5,4.5,False,0.135,low
11b2df0e-60d9-4e5e-a223-dd56df39c854,clearwater-beach,-82.826739,27.969995,20.28,5,4.5,False,0.135,low
7bc1a4df-7a52-4eb1-8fd9-3353e5a85b1e,clearwater-beach,-82.827041,27.970035,11.48,5,4.5,False,0.135,low
8c8ba068-fc46-4eb6-ad72-b15e72a672e3,clearwater-beach,-82.827312,27.970098,17.2,5,4.5,False,0.135,low
20150b72-9045-4673-ac0a-b1cc3d1208ad,clearwater-beach,-82.827565,27.970149,10.67,5,4.5,False,0.135,low
5a20e27f-93f8-4534-b5cf-e43c094c832d,clearwater-beach,-82.827884,27.970126,14.79,5,4.5,False,0.135,low
b1c56795-474c-47ca-9ee4-76ba312f1ab7,clearwater-beach,-82.82786,27.970247,18.46,6,5.5,False,0.165,low
a1084062-2c2c-414c-a6da-45d10da25d99,clearwater-beach,-82.828104,27.9695,31.03,4,3.5,False,0.105,low
869bd2bb-6a63-403f-9cb2-0805e8c02862,clearwater-beach,-82.828493,27.969995,18.38,6,5.5,False,0.165,low
861c2c9c-9773-4b6a-81b2-0690596e9954,clearwater-beach,-82.829361,27.969765,18.19,6,5.5,False,0.165,low
609a7a85-ad0a-40ea-8448-cd30d0b939c8,clearwater-beach,-82.829079,27.969623,14.73,4,3.5,False,0.105,low
57394147-ad7b-427a-89f3-558938e7ac1f,clearwater-beach,-82.828804,27.969305,18.43,5,4.5,False,0.135,low
011b531d-09c0-41ae-aa6f-9ba549000c89,clearwater-beach,-82.828744,27.968092,22.831296920776367,4,3.5,False,0.105,low
b9fe770a-86e0-45a4-a5b7-47a988a4e32c,clearwater-beach,-82.829417,27.968353,48.55,0,0.0,False,0.0,none
90ebeb09-a23b-416f-8cda-e0a6979d0f23,clearwater-beach,-82.829926,27.968906,53.48,0,0.0,False,0.0,none
cc4d4462-ff04-4955-b6a4-0a898e666783,clearwater-beach,-82.829759,27.968504,8.41,3,2.5,False,0.075,low
e7eb818e-e883-4c52-8c3c-5bf37aa071ce,clearwater-beach,-82.830224,27.969601,47.0,3,2.5,False,0.075,low
3489912a-2818-4595-a9a1-b604dc34e903,clearwater-beach,-82.829744,27.969932,10.0,7,6.5,False,0.195,low
f460cde4-b81e-44f5-b385-5076e3d6bcdf,clearwater-beach,-82.830689,27.969813,3.4042856693267822,0,0.0,False,0.0,none
f6f0cb49-2a30-4ad3-b322-01bf43a786a2,clearwater-beach,-82.831032,27.977608,,0,0.0,False,0.0,none
a9c6089e-73dd-499f-bab7-7583944a303d,clearwater-beach,-82.831045,27.977538,,0,0.0,False,0.0,none
0c02791c-4b04-4736-8000-f3682d8d4050,clearwater-beach,-82.831641,27.977628,,0,0.0,False,0.0,none
8ab0c062-adab-40ca-897a-3d2b44bfdce6,clearwater-beach,-82.832218,27.977826,,0,0.0,False,0.0,none
ca229f90-9355-4173-aff8-66c90b398c98,clearwater-beach,-82.832257,27.977609,,0,0.0,False,0.0,none
92eb383c-0db8-4886-a274-91199b6a2c1a,clearwater-beach,-82.828943,27.9848,,6,5.5,False,0.165,low
7c028199-85c2-4077-9d9c-140343537a7c,clearwater-beach,-82.827837,27.983471,15.2,4,3.5,False,0.105,low
df2bd3bd-df20-464a-9f6d-10ba67c5891f,clearwater-beach,-82.82779,27.985176,17.94,5,4.5,False,0.135,low
ad9c0ce2-63d2-4fb7-b508-a382a094c368,clearwater-beach,-82.826906,27.9846,5.111690998077393,6,5.5,False,0.165,low
eb3542f3-d04c-4751-b703-dbc3789cd93a,clearwater-beach,-82.827156,27.984229,9.83,4,3.5,False,0.105,low
bf6f1c01-737d-4ed6-bc4b-b8bac938c0a6,clearwater-beach,-82.827395,27.983458,14.05,5,4.5,False,0.135,low
16712483-94bb-4415-833b-689843972706,clearwater-beach,-82.826976,27.98343,18.47,5,4.5,False,0.135,low
02c835a1-b97c-4b68-b6ee-1f507891320c,clearwater-beach,-82.826881,27.983211,18.45,6,5.5,False,0.165,low
c0360774-0d63-4839-a2a5-f865aa509df2,clearwater-beach,-82.827443,27.982817,39.95,4,3.5,False,0.105,low
9e843669-24c3-4002-99cc-4c120f783866,clearwater-beach,-82.827971,27.983302,12.94,4,3.5,False,0.105,low
0320bd5a-82c4-4cf7-8389-4331eff39b6f,clearwater-beach,-82.827985,27.982312,13.62,4,3.5,False,0.105,low
5b23f32f-929c-49b9-81e9-b44221ab3528,clearwater-beach,-82.827709,27.981499,51.6,4,3.5,False,0.105,low
62b0553a-b080-4f69-987c-cb1994b1c69d,clearwater-beach,-82.827353,27.981822,11.86,4,3.5,False,0.105,low
20b94f8c-d966-444c-a766-e81994fa1686,clearwater-beach,-82.8267,27.981979,,7,6.5,False,0.195,low
046d9cc1-6ca8-4f6e-a523-603cbe432210,clearwater-beach,-82.826755,27.981506,12.47,5,4.5,False,0.135,low
f0e64582-1968-4bee-a3b0-b60133aeb702,clearwater-beach,-82.826833,27.980954,18.42,6,5.5,False,0.165,low
5f3922c9-6f94-4853-9776-e74d2d0c8735,clearwater-beach,-82.826032,27.981027,9.06,6,5.5,False,0.165,low
86c260a5-1127-4ea0-b37e-8a57318403ba,clearwater-beach,-82.825885,27.98088,11.47,6,5.5,False,0.165,low
21848ee8-f0ec-4075-8872-a240be79a81c,clearwater-beach,-82.825788,27.981288,10.78,5,4.5,False,0.135,low
16478ef7-f94c-4bd8-97ff-ae53ffeec665,clearwater-beach,-82.825855,27.981347,4.892430305480957,5,4.5,False,0.135,low
669e817f-f040-4395-8d78-a71f2b7712da,clearwater-beach,-82.825953,27.981543,11.06,6,5.5,False,0.165,low
d8ac85e1-9a7a-4516-9519-b101864adec8,clearwater-beach,-82.825797,27.98141,10.22,5,4.5,False,0.135,low
9d9548cd-b3ac-4b34-8802-4e7a171e1308,clearwater-beach,-82.825738,27.981521,11.38,6,5.5,False,0.165,low
cebc1a3b-4ba9-436f-834d-088a1eb3e429,clearwater-beach,-82.825711,27.981663,11.1,6,5.5,False,0.165,low
e4229e7d-3906-4e9e-a760-0ce9c985e548,clearwater-beach,-82.825834,27.981601,7.9,5,4.5,False,0.135,low
22804f51-a71d-4586-bc2c-df1db1f72414,clearwater-beach,-82.825917,27.981829,11.21,6,5.5,False,0.165,low
5f6041dd-2030-49a6-83e6-795ae3ff1f58,clearwater-beach,-82.825814,27.981749,8.68,5,4.5,False,0.135,low
f7145abd-29d9-4102-8466-b858e7bcc84a,clearwater-beach,-82.825782,27.981982,18.31,6,5.5,False,0.165,low
44fc17a3-5bd8-47bc-8072-65c2a1cbbf43,clearwater-beach,-82.826218,27.981975,10.71,6,5.5,False,0.165,low
3d8b3c98-aa6e-4c49-85f5-91c7916821a7,clearwater-beach,-82.826401,27.981987,10.84,7,6.5,False,0.195,low
ae3d6a4e-f3e4-44e8-9190-703ebc08cec0,clearwater-beach,-82.82641,27.981436,,6,5.5,False,0.165,low
04a19956-43b8-49f1-87ba-9532e5997d78,clearwater-beach,-82.826358,27.982881,10.33,5,4.5,False,0.135,low
531cc2a6-5ff6-4e36-b126-0d34892738db,clearwater-beach,-82.825689,27.982501,40.95,0,0.0,False,0.0,none
233f4671-2bb1-466d-a881-eae6c3dc0282,clearwater-beach,-82.825584,27.98328,50.22,0,0.0,False,0.0,none
3ccc0872-8d66-43d8-b4af-d87afc0807e0,clearwater-beach,-82.825166,27.982878,16.97,0,0.0,False,0.0,none
c59eeb30-1e4a-45d9-99b3-dcbb42875008,clearwater-beach,-82.825151,27.981743,14.83,6,5.5,False,0.165,low
a229949a-15bd-4ec9-a8e1-eec895e5171c,clearwater-beach,-82.82512,27.981976,14.78,6,5.5,False,0.165,low
0a488e2a-db81-4dd8-9c78-87b2e84a2a25,clearwater-beach,-82.825277,27.981994,14.26,6,5.5,False,0.165,low
9a132d1f-c33d-4368-aedb-7a9a69d3f037,clearwater-beach,-82.825315,27.981734,14.07,5,4.5,False,0.135,low
7201cc2b-1265-4a5c-a89c-16953771bfd0,clearwater-beach,-82.825388,27.981874,12.73,5,4.5,False,0.135,low
669a27de-8a7d-40a4-bc11-08ba0da5ad69,clearwater-beach,-82.825692,27.981806,10.64,6,5.5,False,0.165,low
51bc2880-72ee-478c-a375-94d7867ffd5f,clearwater-beach,-82.825272,27.981513,22.55,6,5.5,False,0.165,low
f33a0c58-df40-4c35-89d9-76b26b5a6e7d,clearwater-beach,-82.825311,27.981267,19.41,6,5.5,False,0.165,low
1dfbf656-bf1c-444a-b192-fab077854cba,clearwater-beach,-82.825337,27.98112,11.14,6,5.5,False,0.165,low
5bd81a56-20a9-48cc-b9d8-4ea4b8715240,clearwater-beach,-82.825516,27.980922,10.06,6,5.5,False,0.165,low
5b27712d-e731-4b44-9664-aaf5128a3612,clearwater-beach,-82.82523,27.980923,14.49,6,5.5,False,0.165,low
bd110bf4-516b-4c21-9cc4-897ca3737a40,clearwater-beach,-82.825149,27.980886,1.8496731519699097,7,6.5,False,0.195,low
994feabf-0c18-4498-a453-8c47b2466657,clearwater-beach,-82.824088,27.984411,5.773195743560791,6,5.5,False,0.165,low
1067a985-05ab-447d-a31c-0f5d1789a7f2,clearwater-beach,-82.82395,27.984501,18.55,6,5.5,False,0.165,low
8e7e29ca-84cd-4460-84c4-7644ca4ed8e2,clearwater-beach,-82.825423,27.985283,18.24,5,4.5,False,0.135,low
07f8d936-9f79-4dff-a8af-bb3f9ccaeb1a,clearwater-beach,-82.825868,27.984344,11.52,4,3.5,False,0.105,low
58eca4d7-f98d-4ac0-89a0-fa2f1b1d68c1,clearwater-beach,-82.826269,27.984125,,5,4.5,False,0.135,low
864628bb-fe20-4b0b-ae0e-cb6eadae6640,clearwater-beach,-82.826273,27.985104,18.47,6,5.5,False,0.165,low
8570e16c-6819-4ea5-a681-6db7546248a7,clearwater-beach,-82.819103,27.985099,12.26,4,3.5,False,0.105,low
30a23808-3693-4eb3-898d-abafdf0d7a4f,clearwater-beach,-82.818849,27.985108,13.95,4,3.5,False,0.105,low
994f3340-2c8f-4c74-9294-d09c1f4f5298,clearwater-beach,-82.818676,27.984563,11.62,5,4.5,False,0.135,low
7b7ef35d-0319-4a17-8e2e-d05e7c4979c7,clearwater-beach,-82.818949,27.984571,12.81,4,3.5,False,0.105,low
3a35c148-8b4d-4a47-a55c-23de294ac80c,clearwater-beach,-82.81881,27.983708,16.5,5,4.5,False,0.135,low
892f20ef-98e0-4d45-a663-d53cc45d2e50,clearwater-beach,-82.819047,27.983713,12.68,5,4.5,False,0.135,low
c9fa5dac-c06c-4bd7-a8b8-a3ead6223a1f,clearwater-beach,-82.819315,27.983731,12.16,5,4.5,False,0.135,low
07ef5e84-b1b0-4d32-9f7a-e3a4cc729968,clearwater-beach,-82.819589,27.983622,21.36,5,4.5,False,0.135,low
e8a316da-7c6f-40f7-a037-b6cf97059249,clearwater-beach,-82.819218,27.984587,12.91,4,3.5,False,0.105,low
2cedbafe-e18e-4bfc-b212-c6d0eff119a7,clearwater-beach,-82.819443,27.984587,12.17,4,3.5,False,0.105,low
44e1aed3-51f7-4891-a036-b33e8e4fb97f,clearwater-beach,-82.819437,27.984389,9.31,6,5.5,False,0.165,low
58a5c941-73ec-4c4b-890a-d877de1c0c6f,clearwater-beach,-82.819743,27.984644,13.01,4,3.5,False,0.105,low
9bfdd0d3-7242-440e-9930-4f395bb1a68c,clearwater-beach,-82.819844,27.984901,14.35,4,3.5,False,0.105,low
aaeb8d33-9961-4d6e-b4d8-a3ac54f0eafb,clearwater-beach,-82.819826,27.98077,18.77,5,4.5,False,0.135,low
542d506f-ef41-4f86-a930-0925be6218fa,clearwater-beach,-82.819638,27.983341,18.43,3,2.5,False,0.075,low
9c2a10f9-925e-4772-9fb0-491930042ee0,clearwater-beach,-82.81956,27.982076,25.28,6,5.5,False,0.165,low
eb10f4c1-eff8-4a1c-a218-b5f1b37945cf,clearwater-beach,-82.819391,27.983189,19.7,4,3.5,False,0.105,low
e18c8e89-a829-4eca-84b1-97123810346f,clearwater-beach,-82.819142,27.983171,12.09,4,3.5,False,0.105,low
cb23452c-83c7-4076-9521-9a6bbc830c8f,clearwater-beach,-82.818887,27.983205,11.25,5,4.5,False,0.135,low
a360f61d-58d2-4a2f-b388-16f76928814f,clearwater-beach,-82.818665,27.983197,12.87,5,4.5,False,0.135,low
91c477df-92bc-491a-a3d7-2e7fc320f4b7,clearwater-beach,-82.819085,27.982282,12.71,5,4.5,False,0.135,low
1dcf918d-307d-40d8-a1d1-82075912ca2c,clearwater-beach,-82.818722,27.982178,11.8,5,4.5,False,0.135,low
dae7ccfb-da84-470a-8587-239bf8743316,clearwater-beach,-82.81881,27.981752,18.34,6,5.5,False,0.165,low
6a91454c-e737-4955-b58e-d8c81ae1628b,clearwater-beach,-82.818639,27.981589,18.61,5,4.5,False,0.135,low
705f2da3-56e7-4e7a-a5f0-f17a6b3f796e,clearwater-beach,-82.818856,27.981604,13.21,6,5.5,False,0.165,low
16d4f633-91ac-470f-85f1-466442c90b9c,clearwater-beach,-82.819066,27.981649,13.17,6,5.5,False,0.165,low
fcef66a6-ce5c-4797-9de4-82d130ffb77f,clearwater-beach,-82.819007,27.981795,18.3,7,6.5,False,0.195,low
95727d4d-30a8-4052-91ae-b7e1442a6537,clearwater-beach,-82.818225,27.980919,18.33,6,5.5,False,0.165,low
25a8cbcd-1f31-4b40-b4b9-d06cd4cb75f1,clearwater-beach,-82.818469,27.981136,16.26,4,3.5,False,0.105,low
4bb46a90-1e51-4ea0-9e87-01dfacdb875e,clearwater-beach,-82.818393,27.981436,18.43,6,5.5,False,0.165,low
e5e31634-f4e8-449e-8249-08a9dc46170c,clearwater-beach,-82.818326,27.982006,18.55,4,3.5,False,0.105,low
068abfad-e400-4aed-a41a-2c6920e11146,clearwater-beach,-82.817988,27.981517,18.27,6,5.5,False,0.165,low
c126db29-2b2f-4760-9c2a-a8a53d387664,clearwater-beach,-82.817636,27.981673,10.64,6,5.5,False,0.165,low
00d9158d-a199-40c3-8dfb-5347018f6f64,clearwater-beach,-82.817822,27.981608,10.65,6,5.5,False,0.165,low
92405f01-0f2c-49bc-88d9-05d70b203600,clearwater-beach,-82.817438,27.98112,53.08,2,1.5,False,0.045,low
131b3d39-42ab-4134-ae90-31f99013c364,clearwater-beach,-82.817272,27.981253,1.978723406791687,5,4.5,False,0.135,low
82b65703-1225-4284-9d7a-5d700cdbc90b,clearwater-beach,-82.817185,27.980957,1.8551965951919556,5,4.5,False,0.135,low
54d87aad-0bf2-4e2f-8346-6c830e5c5d27,clearwater-beach,-82.817344,27.981471,3.0248000621795654,5,4.5,False,0.135,low
b4d95bb0-8674-4ade-96eb-5eeb1b04faa0,clearwater-beach,-82.817455,27.981733,10.45,6,5.5,False,0.165,low
293f11fe-4df5-4a4f-9e5c-9e54105feebe,clearwater-beach,-82.81675,27.982116,16.42,3,2.5,False,0.075,low
20cdc7fa-309e-4c91-b041-d10a355e1952,clearwater-beach,-82.817198,27.983299,10.32,4,3.5,False,0.105,low
1aff06bd-b01a-4826-9fae-552a9c966cbd,clearwater-beach,-82.817116,27.983082,12.13,3,2.5,False,0.075,low
7c1c20ab-0fc2-48c6-88f4-d6adcaea04e7,clearwater-beach,-82.817086,27.982826,12.6,3,2.5,False,0.075,low
041c8c8d-08f0-46e2-bb1d-cfa50d817cef,clearwater-beach,-82.817926,27.983329,11.3,4,3.5,False,0.105,low
722cfd25-1d79-4398-afe0-b8dbadb7f3b0,clearwater-beach,-82.817831,27.983049,12.17,3,2.5,False,0.075,low
9b968740-2be4-480f-8539-d521b27359bc,clearwater-beach,-82.817737,27.982812,12.52,3,2.5,False,0.075,low
0d61f021-989e-4f34-b5c1-c124fff33f36,clearwater-beach,-82.81771,27.982352,21.88,4,3.5,False,0.105,low
fb708ad9-6e60-4b4f-94c3-0c618fddccb4,clearwater-beach,-82.817979,27.982112,18.3,5,4.5,False,0.135,low
52289cd4-1b19-4333-af4a-05793f938aa1,clearwater-beach,-82.818159,27.98222,15.97,4,3.5,False,0.105,low
82f70a70-4988-48b9-a1fe-a39a2f49eb60,clearwater-beach,-82.818536,27.982132,10.29,5,4.5,False,0.135,low
22581f38-9ba0-48fd-87ad-ac25a0a6d9c3,clearwater-beach,-82.818361,27.982964,10.27,6,5.5,False,0.165,low
9ee28d25-f419-4df7-9ec5-ef1ccebb4465,clearwater-beach,-82.818181,27.983232,12.01,5,4.5,False,0.135,low
df4674b1-b825-4aed-bc47-c3e5ce5fd5f9,clearwater-beach,-82.818422,27.983207,14.09,5,4.5,False,0.135,low
e50653d8-c6d2-4364-8419-ab20f64698fd,clearwater-beach,-82.818567,27.983709,11.79,6,5.5,False,0.165,low
2fd15a5a-6d51-4a81-b5bb-eeed5eb65bd2,clearwater-beach,-82.818337,27.983747,13.94,4,3.5,False,0.105,low
8a36d17d-7d76-4f15-b202-7297ce36733d,clearwater-beach,-82.818212,27.983996,12.53,3,2.5,False,0.075,low
0c88b716-354a-4282-8690-883571948f86,clearwater-beach,-82.818093,27.983789,13.37,3,2.5,False,0.075,low
229de20a-2f61-4fb2-90f6-9ec69965348d,clearwater-beach,-82.817614,27.984422,14.26,3,2.5,False,0.075,low
d115ca42-a6ea-4ec5-8c48-d823cc5db60b,clearwater-beach,-82.817682,27.984621,12.9,3,2.5,False,0.075,low
d7b3f1fd-a3d3-4a3c-af38-abaa08d6250c,clearwater-beach,-82.818264,27.984248,12.13,3,2.5,False,0.075,low
83468cc7-4a11-41c5-871c-5963ca95ddab,clearwater-beach,-82.818355,27.984461,11.74,3,2.5,False,0.075,low
81a04053-72ad-4da8-ab97-90afdedd9c85,clearwater-beach,-82.818417,27.984684,11.44,4,3.5,False,0.105,low
b5460054-d56d-48e5-80e0-cab13cc5303c,clearwater-beach,-82.817458,27.984727,11.63,4,3.5,False,0.105,low
bdbe40df-913a-49b4-947c-9b2b2ddd511b,clearwater-beach,-82.81722,27.984792,16.99,3,2.5,False,0.075,low
5895d086-d7d3-4225-9495-e4fd90a77b10,clearwater-beach,-82.816983,27.984877,11.96,5,4.5,False,0.135,low
7147121b-785f-44c6-9971-6d6236c2632f,clearwater-beach,-82.816746,27.984954,12.36,5,4.5,False,0.135,low
722500f9-ac09-41db-909b-b3612018efab,clearwater-beach,-82.816693,27.984025,11.89,0,0.0,False,0.0,none
7ecbc3cb-509b-4dc6-ae25-dda9db8539e4,clearwater-beach,-82.817515,27.98422,12.84,3,2.5,False,0.075,low
9c33f30e-07bd-4690-9304-6c8d75fba907,clearwater-beach,-82.81744,27.984025,14.05,3,2.5,False,0.075,low
8590ee88-af49-4fce-a405-760f2cb27c38,clearwater-beach,-82.817154,27.983855,12.76,5,4.5,False,0.135,low
726cb150-e6fc-48c0-b4c9-e6949ccb5c39,clearwater-beach,-82.817385,27.983813,12.03,3,2.5,False,0.075,low
ae2e2c54-e897-49c7-95c5-86ee803afddb,clearwater-beach,-82.816956,27.983383,14.09,4,3.5,False,0.105,low
7dcd90de-af09-4367-b601-32549996531c,clearwater-beach,-82.816916,27.98395,12.47,8,7.5,False,0.225,low
da8c7e5a-e1c7-4024-b6c8-e22968d91785,clearwater-beach,-82.816752,27.983488,12.88,5,4.5,False,0.135,low
9525778e-57f5-432c-80c8-4cb046ec4130,clearwater-beach,-82.816503,27.983572,11.82,5,4.5,False,0.135,low
98aaa616-05db-410e-9bfd-353263fb93e3,clearwater-beach,-82.816264,27.983655,15.2,5,4.5,False,0.135,low
875dc21e-d0fe-4739-9979-316fb0076fe4,clearwater-beach,-82.815778,27.983822,12.46,5,4.5,False,0.135,low
fbc86c5b-3e83-473a-ae74-32df3b3aa087,clearwater-beach,-82.816038,27.983727,11.93,5,4.5,False,0.135,low
938955c4-38a7-4588-84e0-ec93247a3ebe,clearwater-beach,-82.815988,27.984258,11.67,5,4.5,False,0.135,low
ca7f0a25-68c6-4ac4-9bea-f70adfa964e2,clearwater-beach,-82.815767,27.98434,12.22,5,4.5,False,0.135,low
2b71d129-ffb9-4b72-a681-231e094d1dd9,clearwater-beach,-82.816222,27.984177,12.63,6,5.5,False,0.165,low
86d7fea6-d831-4f65-b9d0-6d349f6631c0,clearwater-beach,-82.816447,27.984098,11.99,5,4.5,False,0.135,low
f97b31af-1a0d-497f-8b30-ae3034af4926,clearwater-beach,-82.8163,27.985109,12.12,6,5.5,False,0.165,low
d9add23e-60ad-4b39-8281-0837a8a82dd6,clearwater-beach,-82.816534,27.985026,12.15,5,4.5,False,0.135,low
563c9a4d-b427-4544-9e7a-61423652ab06,clearwater-beach,-82.814882,27.984133,10.9,5,4.5,False,0.135,low
5157e370-f0f1-4142-8178-9cbe36ca97cd,clearwater-beach,-82.815061,27.984569,14.68,5,4.5,False,0.135,low
7fbd6bef-0c73-4f3e-ba2a-1e38972ad967,clearwater-beach,-82.815297,27.984475,11.36,5,4.5,False,0.135,low
b79b3f55-b204-4297-bb90-0964102cc861,clearwater-beach,-82.815515,27.984405,15.34,6,5.5,False,0.165,low
6f65020d-45eb-4100-9517-71d7224349d9,clearwater-beach,-82.815101,27.984047,14.35,5,4.5,False,0.135,low
0de5ebe9-6ec8-4874-b6ea-846aa2baf5aa,clearwater-beach,-82.815319,27.983963,12.28,5,4.5,False,0.135,low
d1bd953e-ddb9-4462-9233-0c7e8fa7a7b3,clearwater-beach,-82.815551,27.983903,13.93,5,4.5,False,0.135,low
28fb6aed-8a82-49d1-b7e8-8c465fb6797f,clearwater-beach,-82.815107,27.982594,11.21,5,4.5,False,0.135,low
48d51da0-7e02-4f76-9356-96f7a7065103,clearwater-beach,-82.815407,27.982214,11.91,5,4.5,False,0.135,low
9899f013-7e0d-46cc-9799-e1fd9ba6461e,clearwater-beach,-82.81535,27.982471,12.74,6,5.5,False,0.165,low
db82bb26-034b-4be1-abea-ad76c12ab9d2,clearwater-beach,-82.816535,27.981613,9.70249080657959,7,6.5,False,0.195,low
288a4684-5ee3-435e-873b-1a390fc808b1,clearwater-beach,-82.816308,27.981075,15.19,6,5.5,False,0.165,low
92067f9c-ea4b-4692-8fe7-d539e0fec466,clearwater-beach,-82.816336,27.980752,16.51,6,5.5,False,0.165,low
458ef2af-e4f0-41bc-889f-4ca1fa81a2fc,clearwater-beach,-82.816285,27.98078,16.32,6,5.5,False,0.165,low
8e0ab754-464b-419b-8066-2b70612ef127,clearwater-beach,-82.816237,27.980808,16.11,6,5.5,False,0.165,low
d75c761f-321d-476d-84f2-3237fc5e99e9,clearwater-beach,-82.816165,27.980848,17.97,6,5.5,False,0.165,low
14907878-f9fd-4cb0-9784-4a9bbe34764c,clearwater-beach,-82.816153,27.980801,18.03,6,5.5,False,0.165,low
37f7583c-4931-4a21-8d58-4f1aa9d832e7,clearwater-beach,-82.816142,27.980753,18.1,5,4.5,False,0.135,low
8f9ba085-fef5-4467-8d11-df3d01ba24b0,clearwater-beach,-82.815061,27.981366,12.5,5,4.5,False,0.135,low
3ba2c802-fcd1-429a-abff-bf100d4a1b48,clearwater-beach,-82.815215,27.981773,12.09,5,4.5,False,0.135,low
e62d9617-16f9-41dd-8558-a3a0e427f59b,clearwater-beach,-82.815286,27.981986,13.45,5,4.5,False,0.135,low
b5e49487-246a-4961-b449-9dab44113839,clearwater-beach,-82.815161,27.981545,11.25,6,5.5,False,0.165,low
b0146235-4fe8-485a-8e5d-dfad48ca53fb,clearwater-beach,-82.815025,27.981149,14.12,5,4.5,False,0.135,low
573f7112-850b-4c93-8937-f68aae2c2075,clearwater-beach,-82.814981,27.980951,12.56,6,5.5,False,0.165,low
9e28077b-7570-4d21-9c9b-266d48a77109,fort-myers-beach,-81.964873,26.459968,14.893486022949219,5,4.5,False,0.135,low
975e745a-02e0-4c4c-b32d-1edde4e807ee,fort-myers-beach,-81.965078,26.460643,21.473623275756836,6,5.5,False,0.165,low
f49cc5a7-a3b9-4388-8e32-9bd622972f50,fort-myers-beach,-81.9626,26.459337,4.014134407043457,8,7.5,False,0.225,low
480fe59c-f92c-4426-a4e9-d5cd8d6f39da,fort-myers-beach,-81.96271,26.459511,3.5082125663757324,8,7.5,False,0.225,low
dd57d317-0b36-4141-b33e-732d4972c24e,fort-myers-beach,-81.962726,26.458662,,8,7.5,False,0.225,low
788a2558-8edc-4be3-9236-418e5700c62f,fort-myers-beach,-81.962696,26.45789,17.996135711669922,6,5.5,False,0.165,low
ebfd9b6a-7a4e-4655-b12e-fed26b62e6a7,fort-myers-beach,-81.963074,26.458041,5.617249011993408,6,5.5,False,0.165,low
4f815334-5378-4e32-9a8a-6f5f18a312f7,fort-myers-beach,-81.963057,26.458389,,7,6.5,False,0.195,low
c1058f95-537e-4f5b-9cc0-7bd4fe5e1345,fort-myers-beach,-81.963066,26.458763,3.0433526039123535,8,7.5,False,0.225,low
3b1e6ef6-cfd0-4f7f-880e-cd0cccffe623,fort-myers-beach,-81.963005,26.458647,,8,7.5,False,0.225,low
c05bead2-604d-4f9c-83b4-0cda22217eb5,fort-myers-beach,-81.962842,26.458341,5.737184047698975,7,6.5,False,0.195,low
c928c12b-fa35-458a-9bf7-9e404f9eb921,fort-myers-beach,-81.962861,26.45877,,8,7.5,False,0.225,low
172ae82d-6bd4-4a68-af32-afff31eed148,fort-myers-beach,-81.962906,26.458509,3.1683804988861084,8,7.5,False,0.225,low
28c07998-d3e0-4fe1-8673-e8642dcc0bd9,fort-myers-beach,-81.96295,26.458851,3.817347764968872,8,7.5,False,0.225,low
54bfa095-0fc1-487e-9f17-2489c04708ef,fort-myers-beach,-81.962887,26.459821,,9,8.5,False,0.255,moderate
cc64ef6f-2666-48ff-bfd9-afa2c9fadca0,fort-myers-beach,-81.963114,26.459914,3.772911548614502,9,8.5,False,0.255,moderate
c9953c88-be3a-4fe1-b403-2c1dd070b6cd,fort-myers-beach,-81.963332,26.460026,5.55480432510376,11,10.5,False,0.315,moderate
d17a25a4-32ef-412a-b5c8-6cfe1b968d54,fort-myers-beach,-81.96334,26.458381,4.470911502838135,8,7.5,False,0.225,low
9aaccaba-5e5a-4cec-b26e-680acfe5a370,fort-myers-beach,-81.963238,26.458245,4.047915458679199,7,6.5,False,0.195,low
8325e747-7c70-4902-842e-643e76b8bad1,fort-myers-beach,-81.96321,26.458868,3.787151336669922,7,6.5,False,0.195,low
b23bdf21-df1a-4291-9684-6f54903f5a5b,fort-myers-beach,-81.96314,26.45854,3.0653812885284424,8,7.5,False,0.225,low
8e801383-d3c3-4c4b-8e36-f7f7bed2864b,fort-myers-beach,-81.963499,26.460074,4.678069591522217,9,8.5,False,0.255,moderate
7363a98f-22b7-4035-b512-9a1a55a9b489,fort-myers-beach,-81.963466,26.459272,,8,7.5,False,0.225,low
a390b699-4b80-452f-beaa-19c7d57ba2ea,fort-myers-beach,-81.963612,26.46019,4.9314775466918945,8,7.5,False,0.225,low
0de59fc0-d879-4547-878e-04778258fe1a,fort-myers-beach,-81.964503,26.461041,4.082180023193359,0,0.0,False,0.0,none
b6cd2aaf-c994-4e1a-8be6-3964aac1d188,fort-myers-beach,-81.964228,26.459988,3.76308536529541,8,7.5,False,0.225,low
f16b2fb9-3426-41cc-ab84-e568ef36afbd,fort-myers-beach,-81.964518,26.459699,6.632478713989258,7,6.5,False,0.195,low
d4e1cdb5-5f26-487a-a0ea-d9f6164d6eac,fort-myers-beach,-81.964223,26.459735,11.615314483642578,6,5.5,False,0.165,low
86d70158-c57e-4611-8fa1-729cc1879d04,fort-myers-beach,-81.964115,26.46006,3.959155559539795,8,7.5,False,0.225,low
dfbf304e-e099-4ca6-ad75-23ec252227be,fort-myers-beach,-81.964021,26.459259,14.214986801147461,6,5.5,False,0.165,low
22e62e13-284b-44ad-8120-499c178c005a,fort-myers-beach,-81.963947,26.459605,13.21038818359375,6,5.5,False,0.165,low
84e8e923-8260-4129-97f7-0f55c0123ce1,fort-myers-beach,-81.963867,26.460344,4.959646701812744,9,8.5,False,0.255,moderate
94764383-5a3d-444f-a65c-fe2fa9183a92,fort-myers-beach,-81.963733,26.460273,5.812033653259277,8,7.5,False,0.225,low
7875fa92-a80f-43ef-9dd1-047fe577ddbf,fort-myers-beach,-81.963763,26.458821,10.314453125,7,6.5,False,0.195,low
7614477d-ca12-48c1-ba86-ffba4a2b768c,fort-myers-beach,-81.961194,26.456388,4.33590030670166,7,6.5,False,0.195,low
c410d739-5d99-4269-803d-61a5faa89041,fort-myers-beach,-81.961273,26.457243,,8,7.5,False,0.225,low
ce004849-8f81-44e6-8971-b5ee46aa723f,fort-myers-beach,-81.961427,26.456676,9.580580711364746,6,5.5,False,0.165,low
bf2fb3b3-edcb-4857-9bc8-ceb720201f67,fort-myers-beach,-81.961424,26.457355,,8,7.5,False,0.225,low
ed4d5392-718a-4702-8941-a6e21ff0c88b,fort-myers-beach,-81.961387,26.458267,3.4569475650787354,8,7.5,False,0.225,low
92d53c40-f7e9-43ab-b079-4831d846e85d,fort-myers-beach,-81.961296,26.457825,3.334009885787964,8,7.5,False,0.225,low
4003c5ca-6916-4fc6-b693-c1f568a1dfd4,fort-myers-beach,-81.961324,26.458006,,8,7.5,False,0.225,low
369ea5ae-7e4b-4219-b812-2f8c4634808c,fort-myers-beach,-81.961329,26.458749,5.3054094314575195,8,7.5,False,0.225,low
9be44f51-30bf-43e9-b902-61e0450c1150,fort-myers-beach,-81.961421,26.459252,,0,0.0,False,0.0,none
522670d8-3f8d-4188-9561-c337bc2a0907,fort-myers-beach,-81.961158,26.459129,,0,0.0,False,0.0,none
c013d237-239f-4927-bd6d-e6784abb0de2,fort-myers-beach,-81.961195,26.457684,,8,7.5,False,0.225,low
7957bc9a-1dae-4d23-b16d-f9311e704bfc,fort-myers-beach,-81.961168,26.458168,3.3489441871643066,9,8.5,False,0.255,moderate
f65d10fd-a617-42cc-9d88-6058e2a5d334,fort-myers-beach,-81.961073,26.457793,,9,8.5,False,0.255,moderate
6b3d5469-6dd3-417e-ba54-1ac991546d1b,fort-myers-beach,-81.961012,26.458035,3.1986560821533203,8,7.5,False,0.225,low
a83bfd2e-abd1-44d3-938a-52b5be3be9d7,fort-myers-beach,-81.961087,26.458688,5.775319576263428,7,6.5,False,0.195,low
6f5eaceb-8b88-4e36-b451-b48289c49a60,fort-myers-beach,-81.960905,26.456828,3.5867111682891846,8,7.5,False,0.225,low
1150828c-a9b7-4fec-a1e7-51c1912450c2,fort-myers-beach,-81.960944,26.456222,3.209428071975708,7,6.5,False,0.195,low
8fa6d33a-9034-4d42-871c-db096c8b9817,fort-myers-beach,-81.960935,26.456608,3.6709280014038086,7,6.5,False,0.195,low
3d5e4b69-8260-4bb4-a29b-6261893c2f9e,fort-myers-beach,-81.961055,26.456329,4.024090766906738,7,6.5,False,0.195,low
1cf933d5-cb00-4d76-8f11-a3b077914f89,fort-myers-beach,-81.961066,26.456503,4.1400322914123535,7,6.5,False,0.195,low
57d54d52-97b2-484e-bbb4-a72ea425c1f3,fort-myers-beach,-81.960837,26.456131,,7,6.5,False,0.195,low
1b38e376-2fe5-4e1e-906f-c04c748c04c8,fort-myers-beach,-81.960798,26.456721,4.048019886016846,8,7.5,False,0.225,low
d0c11135-810a-43e7-94a0-86e80a6b0baf,fort-myers-beach,-81.960797,26.456358,4.368715286254883,7,6.5,False,0.195,low
b2d31245-2dd1-4f9a-ae6a-9471a6d812e7,fort-myers-beach,-81.960686,26.455997,3.7708866596221924,7,6.5,False,0.195,low
381db8b3-fdd4-4fa4-a3ce-220656c32689,fort-myers-beach,-81.960699,26.45624,4.5679931640625,7,6.5,False,0.195,low
1db81866-9cff-49ea-95e7-27ce9950bca1,fort-myers-beach,-81.960684,26.456449,5.115853786468506,7,6.5,False,0.195,low
a65d8a94-e908-4802-9e92-ce07fc874fc4,fort-myers-beach,-81.960723,26.457296,5.075618743896484,7,6.5,False,0.195,low
34223048-7cf5-4bcd-a901-8acc872cbc06,fort-myers-beach,-81.960638,26.45756,4.923360824584961,8,7.5,False,0.225,low
23d37062-8829-408f-83d7-c8748a121ad4,fort-myers-beach,-81.960423,26.457022,4.993721008300781,8,7.5,False,0.225,low
06d1a8d7-0e0a-40fc-9a9f-f88b55deb2db,fort-myers-beach,-81.960488,26.456417,5.820821762084961,8,7.5,False,0.225,low
8cab9898-1266-4c5e-98a8-37862b3f700a,fort-myers-beach,-81.960588,26.456331,4.5711894035339355,8,7.5,False,0.225,low
2d915de0-bf33-4190-9229-599ab3f04694,fort-myers-beach,-81.960579,26.456541,5.346189022064209,8,7.5,False,0.225,low
36346b47-5c01-42f7-8efb-997001fafa4a,fort-myers-beach,-81.960532,26.457146,5.8406829833984375,8,7.5,False,0.225,low
e4e3b226-3231-45b5-a289-1ad5d3b3add0,fort-myers-beach,-81.960555,26.457721,4.86563777923584,8,7.5,False,0.225,low
7d0a5b5f-9638-4722-94c6-0768793b056d,fort-myers-beach,-81.960492,26.457907,5.983600616455078,8,7.5,False,0.225,low
4b45fca1-ecca-443e-a166-eae0c1842ffa,fort-myers-beach,-81.960389,26.458094,6.188628196716309,7,6.5,False,0.195,low
3b1b956a-4df1-43e6-be04-6c343f3af99a,fort-myers-beach,-81.96044,26.458422,4.133731365203857,8,7.5,False,0.225,low
c10d1206-f98b-4bd0-915a-734ac27b18fa,fort-myers-beach,-81.960638,26.458511,5.314487457275391,8,7.5,False,0.225,low
8249c7bd-4692-4f07-94b9-e44db2c44072,fort-myers-beach,-81.960798,26.458989,,0,0.0,False,0.0,none
92886cba-a065-4b36-bba6-817a41ac064b,fort-myers-beach,-81.960809,26.458607,3.623209238052368,8,7.5,False,0.225,low
c20fdf33-f478-47a8-97a0-e2860100d0e3,fort-myers-beach,-81.961555,26.458084,,8,7.5,False,0.225,low
730b9c78-d1d1-4f84-a732-4fdc34f0abf6,fort-myers-beach,-81.961565,26.458328,4.874233245849609,8,7.5,False,0.225,low
275ae496-099e-456c-bb70-e232695e6124,fort-myers-beach,-81.961474,26.458923,4.587994575500488,8,7.5,False,0.225,low
48aa51c1-dff5-4efd-8c01-ecdfb6ec6cc0,fort-myers-beach,-81.961524,26.457264,,8,7.5,False,0.225,low
d2146393-2279-4124-b211-7b1ff7173c14,fort-myers-beach,-81.961528,26.457051,,7,6.5,False,0.195,low
09a2c356-66a2-404c-99b2-555cd6978246,fort-myers-beach,-81.961752,26.457319,,6,5.5,False,0.165,low
23d3c2a7-e6ab-41eb-be14-06cebfda5ba5,fort-myers-beach,-81.961748,26.457082,,7,6.5,False,0.195,low
fd2958a7-b5e0-4276-85ec-c4f1ce0abdc3,fort-myers-beach,-81.961791,26.456824,,7,6.5,False,0.195,low
04be490c-4fe5-4e91-8cc5-064ed03f30e0,fort-myers-beach,-81.961915,26.456949,,7,6.5,False,0.195,low
9330dfd0-0306-4ca8-9411-39012951c2fb,fort-myers-beach,-81.961899,26.457473,,6,5.5,False,0.165,low
71e1f737-1851-4ff5-ad59-55e99786eb75,fort-myers-beach,-81.961808,26.458394,3.61552357673645,8,7.5,False,0.225,low
0838c778-032d-40e5-a0da-563234c76cbd,fort-myers-beach,-81.961751,26.458278,,8,7.5,False,0.225,low
a98fdca0-bbc2-48ea-94db-ed3c9a68f31c,fort-myers-beach,-81.961756,26.458905,4.473230361938477,8,7.5,False,0.225,low
6145a743-0f40-4d1b-9d1e-bbda351776a9,fort-myers-beach,-81.962153,26.45866,5.815237045288086,8,7.5,False,0.225,low
a0d360ec-f913-4358-93f4-b5dd6110981a,fort-myers-beach,-81.962228,26.459089,,0,0.0,False,0.0,none
d5d7c514-7447-431b-9dd9-8ba366bc65ce,fort-myers-beach,-81.961998,26.458771,3.9476394653320312,8,7.5,False,0.225,low
b335c77a-8957-454f-a2f6-ab425006bc5a,fort-myers-beach,-81.962027,26.457933,,7,6.5,False,0.195,low
259cb77f-5b6d-4646-b132-d634f5b5dce6,fort-myers-beach,-81.962102,26.457212,11.388715744018555,6,5.5,False,0.165,low
272ff854-9429-4ca3-8bf6-d718f62b0282,fort-myers-beach,-81.962444,26.457532,14.096129417419434,6,5.5,False,0.165,low
aecac090-3e0f-46cc-bc78-68b93b8d8fcd,fort-myers-beach,-81.962297,26.458823,3.964963436126709,8,7.5,False,0.225,low
06ec824f-d221-41cf-90e9-0c2f38b87db1,fort-myers-beach,-81.962346,26.459001,,8,7.5,False,0.225,low
6fa0384f-74f7-47ef-b6fa-44c7be91a534,fort-myers-beach,-81.962374,26.459129,,9,8.5,False,0.255,moderate
9ce5ee8c-6f5e-486c-9aeb-39ac2cdc164a,fort-myers-beach,-81.962436,26.459271,,9,8.5,False,0.255,moderate
a60f339b-4e66-4f10-ae56-66733a58336a,fort-myers-beach,-81.958155,26.457584,4.407276630401611,8,7.5,False,0.225,low
ea3ba92b-b579-473b-af8d-ef65ca8234c6,fort-myers-beach,-81.958179,26.455393,7.047901630401611,7,6.5,False,0.195,low
012f329c-f9a5-4039-80ae-4c643126f6c1,fort-myers-beach,-81.958281,26.455299,5.769321441650391,7,6.5,False,0.195,low
5fa6aec8-8c1d-4b85-949e-a0e76e45456d,fort-myers-beach,-81.958234,26.454555,4.593730449676514,7,6.5,False,0.195,low
9529ad54-cefe-4e3e-a52b-c90c798985b7,fort-myers-beach,-81.958309,26.454329,7.020244598388672,7,6.5,False,0.195,low
967f5b93-a83d-4db3-827e-b87ed656f4eb,fort-myers-beach,-81.958347,26.455519,4.797756195068359,6,5.5,False,0.165,low
8256bba0-8e74-4478-9808-1e1c1ff81742,fort-myers-beach,-81.958237,26.45606,4.941403388977051,7,6.5,False,0.195,low
04f08e93-93aa-4212-813f-fc7f1affe754,fort-myers-beach,-81.958413,26.457137,3.051177978515625,9,8.5,False,0.255,moderate
1f43e7fd-0be7-4521-b3a6-a0dfd739c2a4,fort-myers-beach,-81.958505,26.455654,3.3410346508026123,7,6.5,False,0.195,low
60a609be-6fb9-403d-ae53-15a7e6ffa64b,fort-myers-beach,-81.958521,26.454675,4.711212158203125,6,5.5,False,0.165,low
996736c9-4bdc-4d97-be73-e7c8cc85001d,fort-myers-beach,-81.958634,26.455017,,7,6.5,False,0.195,low
18a6e67f-bf88-4ffc-ae44-567c2fb987e4,fort-myers-beach,-81.958527,26.456231,4.905613422393799,8,7.5,False,0.225,low
f05043d5-1062-4a67-9e54-d6aa8b5a1566,fort-myers-beach,-81.958558,26.457757,5.213890075683594,8,7.5,False,0.225,low
837a3310-b495-4b3f-adc6-ef708a61b5c9,fort-myers-beach,-81.958361,26.457661,4.835608959197998,6,5.5,False,0.165,low
7eca3eaa-e065-4c94-a420-0959628b7ce4,fort-myers-beach,-81.958787,26.457843,4.82346773147583,8,7.5,False,0.225,low
21af2d77-3ed7-431b-b067-1aec9f9dc437,fort-myers-beach,-81.958652,26.456791,4.413741588592529,9,8.5,False,0.255,moderate
b9355978-08e0-4358-b40e-e0aeabba65bc,fort-myers-beach,-81.958761,26.456354,5.582907676696777,8,7.5,False,0.225,low
1afb9dab-ddb2-4024-affc-5e3a492254f6,fort-myers-beach,-81.958759,26.454757,7.314638614654541,6,5.5,False,0.165,low
2c3c9c46-77a8-45ea-a28b-5ccb02e301ce,fort-myers-beach,-81.958799,26.455666,,8,7.5,False,0.225,low
170d8309-cac7-46b3-a7ae-ea979829b734,fort-myers-beach,-81.958844,26.455855,4.31532621383667,8,7.5,False,0.225,low
2a0b5d92-9984-412e-80ad-6fa6d85dccff,fort-myers-beach,-81.958845,26.455099,6.567782878875732,7,6.5,False,0.195,low
48c8e6ac-81c9-4cd2-8c5f-11d1a3b545f9,fort-myers-beach,-81.958966,26.457022,4.513503551483154,8,7.5,False,0.225,low
f285fe4d-b936-4c79-ab42-1989282d1cb8,fort-myers-beach,-81.958934,26.456477,4.367053508758545,8,7.5,False,0.225,low
6b8eb19b-84b0-4cbc-b192-18b4cd621e92,fort-myers-beach,-81.958969,26.454896,6.566605567932129,7,6.5,False,0.195,low
67c479c5-0aaf-4e4f-84b6-b0c92552b6ac,fort-myers-beach,-81.95904,26.455277,3.507373094558716,7,6.5,False,0.195,low
fe593d03-77ce-4c11-9725-0e2bc99b36c3,fort-myers-beach,-81.959189,26.454921,3.2277822494506836,7,6.5,False,0.195,low
d0344218-230e-4c81-9239-3e5c20f128f8,fort-myers-beach,-81.959133,26.455117,,7,6.5,False,0.195,low
c8d9cf9d-2ffd-4ec8-8b0d-4ee57400f2ab,fort-myers-beach,-81.95911,26.455938,,8,7.5,False,0.225,low
a31c0122-bcba-4294-af83-1b2de7a9528a,fort-myers-beach,-81.95918,26.457134,,8,7.5,False,0.225,low
2db3403c-5d03-4bae-b622-51e537b4b3b6,fort-myers-beach,-81.958992,26.45793,6.20557165145874,8,7.5,False,0.225,low
be3bd5db-b4ec-43c5-bc1d-a07e80da89c8,fort-myers-beach,-81.959964,26.457619,3.2577126026153564,8,7.5,False,0.225,low
717e8a4d-7177-46c3-b62f-e7d6f1dbd259,fort-myers-beach,-81.960244,26.458333,,9,8.5,False,0.255,moderate
08130ac2-e607-4b34-ba46-4f6bb62442fb,fort-myers-beach,-81.960062,26.457362,5.05339241027832,8,7.5,False,0.225,low
4e345c24-a69a-4df6-9d2e-7cad6c5288b8,fort-myers-beach,-81.960071,26.456669,5.640789985656738,8,7.5,False,0.225,low
b9ada7f2-4e24-4b59-968d-3f1ff68c28ad,fort-myers-beach,-81.960192,26.456781,6.27833366394043,7,6.5,False,0.195,low
87144b26-2282-4ee5-8e5d-8cf33965de20,fort-myers-beach,-81.96028,26.456942,4.127313613891602,7,6.5,False,0.195,low
2254af75-76d8-447b-873f-46a70fb97865,fort-myers-beach,-81.960266,26.455799,9.180941581726074,7,6.5,False,0.195,low
fd2259a6-0c26-4979-90ed-f9889126934a,fort-myers-beach,-81.960113,26.455832,5.051948070526123,7,6.5,False,0.195,low
68567619-bf69-408f-9e04-1a76402476e9,fort-myers-beach,-81.959897,26.455357,5.836669445037842,6,5.5,False,0.165,low
6490f95e-dfd0-47e6-8383-ca252069fb5b,fort-myers-beach,-81.959951,26.456557,5.625407695770264,8,7.5,False,0.225,low
c6043368-9070-4d46-b38f-59684c36fc7f,fort-myers-beach,-81.95983,26.456445,5.865981578826904,8,7.5,False,0.225,low
b0ddeaf2-8636-4fa2-95b7-1bc6c4937617,fort-myers-beach,-81.959764,26.457107,3.784731864929199,9,8.5,False,0.255,moderate
82096509-64b1-4577-9312-82077df2f4fc,fort-myers-beach,-81.959779,26.456272,5.9772210121154785,8,7.5,False,0.225,low
b3b90ef8-7328-440e-bd8e-4efefb44982e,fort-myers-beach,-81.959808,26.455549,4.616888046264648,7,6.5,False,0.195,low
42990983-2752-4297-9a1d-82647f8fc828,fort-myers-beach,-81.959745,26.45529,5.967267990112305,6,5.5,False,0.165,low
9f91691e-f9a0-46f7-92af-bdb1fc01fde5,fort-myers-beach,-81.959716,26.455724,4.588420391082764,7,6.5,False,0.195,low
08011a73-72ac-4f6a-9c1e-68d2283fe732,fort-myers-beach,-81.959654,26.455184,6.2551398277282715,7,6.5,False,0.195,low
899a7769-ec5d-4de2-aae9-a9789b04fd57,fort-myers-beach,-81.959644,26.455466,5.619080066680908,7,6.5,False,0.195,low
1a55c584-8db4-4e02-935e-71c1c018204c,fort-myers-beach,-81.959534,26.455416,8.54913330078125,7,6.5,False,0.195,low
66782c65-d3a1-421d-9e42-e1802aa6fa93,fort-myers-beach,-81.959553,26.455632,5.300872325897217,8,7.5,False,0.225,low
e3f5d837-25ed-4fa4-8613-a2012cb62c9a,fort-myers-beach,-81.959588,26.455311,9.518367767333984,6,5.5,False,0.165,low
99fbd16c-d187-411c-9dc4-78e2501990d9,fort-myers-beach,-81.959564,26.457034,3.446410894393921,8,7.5,False,0.225,low
0533867e-7eda-42b9-92bb-c3c7b51c4024,fort-myers-beach,-81.959643,26.456379,4.511044979095459,8,7.5,False,0.225,low
353311de-0b3a-4706-afe1-3a2a1058c6f5,fort-myers-beach,-81.959752,26.457859,4.625730991363525,6,5.5,False,0.165,low
9a2432e9-2f64-4e87-827f-8db104ce2d12,fort-myers-beach,-81.959517,26.458084,4.428515911102295,8,7.5,False,0.225,low
3c0716ff-8974-48d0-aaa1-af73afb1b28a,fort-myers-beach,-81.959329,26.458499,,0,0.0,False,0.0,none
9bacb603-03f4-4c86-bf59-0aa0422c1ef8,fort-myers-beach,-81.959223,26.458032,5.109464645385742,8,7.5,False,0.225,low
cbe0033d-f540-4964-86d2-bf1e3dbccd62,fort-myers-beach,-81.959285,26.456692,4.811507225036621,8,7.5,False,0.225,low
9fde99cd-a14a-4904-881a-c4e4c874c4ba,fort-myers-beach,-81.959273,26.456171,3.998103380203247,0,0.0,False,0.0,none
9251487c-c374-450c-a87a-622a12593134,fort-myers-beach,-81.959417,26.456877,5.165153503417969,8,7.5,False,0.225,low
9589c673-548a-4664-9a44-50c08e74adb6,fort-myers-beach,-81.959376,26.456009,3.6386666297912598,8,7.5,False,0.225,low
4c075910-8691-447f-b07e-83560eb895f5,fort-myers-beach,-81.959388,26.455133,10.54751968383789,7,6.5,False,0.195,low
4f0b67c5-9728-4894-8a24-fc67424cff24,fort-myers-beach,-81.959472,26.455534,5.8430914878845215,8,7.5,False,0.225,low
57220408-1d7c-4374-b35d-7043f2394377,fort-myers-beach,-81.958006,26.454237,9.795449256896973,6,5.5,False,0.165,low
58f88a2a-8c89-4f07-b7eb-6a71a75a2915,fort-myers-beach,-81.957319,26.453988,3.086653470993042,6,5.5,False,0.165,low
73d30c60-1852-4f67-8fed-257294d5f5ea,fort-myers-beach,-81.957163,26.453769,5.016114711761475,7,6.5,False,0.195,low
4f345502-658a-4661-8933-56a42e12c77a,fort-myers-beach,-81.955881,26.452878,3.6154823303222656,6,5.5,False,0.165,low
c742b8ca-f8d4-4c12-8b6c-4882cc13dd8f,fort-myers-beach,-81.955852,26.45341,,7,6.5,False,0.195,low
3229fb10-6d81-47f5-9e44-6986ef5b1494,fort-myers-beach,-81.955938,26.453468,,8,7.5,False,0.225,low
d42e6d9f-f078-4294-8f83-e7fcb6603a60,fort-myers-beach,-81.956065,26.454198,,8,7.5,False,0.225,low
6aa0a780-b149-4b8b-b001-77d6d8c5fea2,fort-myers-beach,-81.956073,26.454085,,7,6.5,False,0.195,low
12cfe696-1ac4-4b8f-855b-a222426611e5,fort-myers-beach,-81.956106,26.454023,,7,6.5,False,0.195,low
faf9f672-f252-42ca-acb2-25c114aad411,fort-myers-beach,-81.95614,26.453921,,7,6.5,False,0.195,low
d738bb88-1e68-4512-be31-2aeeb70e7a46,fort-myers-beach,-81.956151,26.452877,3.4155824184417725,6,5.5,False,0.165,low
fed6753e-2578-4aad-bc7d-d3f1ea085400,fort-myers-beach,-81.956334,26.454041,,8,7.5,False,0.225,low
0f44e5df-d541-4628-b730-b64462d8c5a3,fort-myers-beach,-81.956437,26.454113,5.105410575866699,8,7.5,False,0.225,low
bb0b7fe0-bbdb-472a-8be9-b12ea8bafa3c,fort-myers-beach,-81.956542,26.454172,4.125899314880371,8,7.5,False,0.225,low
153d5f31-aeea-4fe2-85c1-4ab30df90d6e,fort-myers-beach,-81.956611,26.454237,4.4637603759765625,8,7.5,False,0.225,low
415ae4c6-da43-455f-a4fc-f6f816ed614b,fort-myers-beach,-81.956869,26.453709,3.6730000972747803,7,6.5,False,0.195,low
eb426f4b-c0b7-4036-9c12-cf8c6229e80c,fort-myers-beach,-81.95691,26.454538,6.00206995010376,7,6.5,False,0.195,low
dfb720c8-8c0e-4545-acd6-e3e990c070e7,fort-myers-beach,-81.956833,26.455869,4.394985675811768,7,6.5,False,0.195,low
10c191d3-af24-499a-a15e-b7a8e168ab62,fort-myers-beach,-81.956839,26.455193,4.742440700531006,8,7.5,False,0.225,low
a757b1f4-3583-4472-8de2-0abfa7c4c5cb,fort-myers-beach,-81.956705,26.45468,4.935097694396973,8,7.5,False,0.225,low
2e8f6541-e112-4ee4-a6de-3e6b714aae74,fort-myers-beach,-81.956736,26.454854,3.5975749492645264,8,7.5,False,0.225,low
612dd956-b6c7-47a3-bb8f-f5afc1aa7436,fort-myers-beach,-81.956737,26.454988,5.558341979980469,8,7.5,False,0.225,low
9fa3b185-0e8d-4b79-b042-fbbd35add1f9,fort-myers-beach,-81.956694,26.455811,4.572376728057861,7,6.5,False,0.195,low
b9087452-684d-4b88-852c-7497d4a803d4,fort-myers-beach,-81.956813,26.45659,,7,6.5,False,0.195,low
9f91a65c-29fc-4101-9d71-7579e0b1f4b5,fort-myers-beach,-81.956735,26.456227,4.50914192199707,6,5.5,False,0.165,low
79d35c04-3f47-4a4a-9b1a-c8f58217e8ab,fort-myers-beach,-81.956778,26.457201,3.120589017868042,9,8.5,False,0.255,moderate
08b6ff97-7b4b-4960-ab03-03b591c258d0,fort-myers-beach,-81.95688,26.456464,5.176175117492676,7,6.5,False,0.195,low
9fb14bcf-a1c7-4cdd-8063-af2b38ef938d,fort-myers-beach,-81.95694,26.456329,,7,6.5,False,0.195,low
a31acf5c-5623-4009-ae50-60f62db2c3fc,fort-myers-beach,-81.956426,26.456103,3.5703630447387695,6,5.5,False,0.165,low
cb8630a0-27aa-4689-8f2f-23c0bb80d30c,fort-myers-beach,-81.956516,26.456609,3.4325897693634033,7,6.5,False,0.195,low
a0424541-3fb4-47f4-b427-c45fd6ae4d95,fort-myers-beach,-81.956602,26.456492,3.4930508136749268,8,7.5,False,0.225,low
5361705e-ee09-494d-aa79-23359cf26fa7,fort-myers-beach,-81.956553,26.455738,3.247549057006836,7,6.5,False,0.195,low
74a8dbbf-985c-4729-806e-4842974ad484,fort-myers-beach,-81.95661,26.454559,3.070552110671997,8,7.5,False,0.225,low
510f5863-744c-4304-80a4-03d68b50fa87,fort-myers-beach,-81.956495,26.454401,5.873687744140625,9,8.5,False,0.255,moderate
6f355d78-c1f1-4f6a-a750-e5f7591f767c,fort-myers-beach,-81.956422,26.455654,3.018489122390747,7,6.5,False,0.195,low
8459d6ca-2496-4060-8516-61a57ecb66ea,fort-myers-beach,-81.956419,26.454333,6.012544631958008,8,7.5,False,0.225,low
18e4e8db-eff9-4d46-a12e-3dd3401cea1d,fort-myers-beach,-81.956312,26.454267,5.412868499755859,8,7.5,False,0.225,low
a205ad99-8859-4a85-9a27-122ca0aaccc7,fort-myers-beach,-81.956281,26.455612,3.5006141662597656,8,7.5,False,0.225,low
ea882366-43dc-40e2-b66c-b149cdfd15b7,fort-myers-beach,-81.956311,26.456235,,6,5.5,False,0.165,low
7bc02507-8232-4801-b706-00036c467504,fort-myers-beach,-81.956279,26.456051,3.6897411346435547,8,7.5,False,0.225,low
84f64e3b-a109-4e23-b653-f51fc601e178,fort-myers-beach,-81.956135,26.45653,3.6248981952667236,7,6.5,False,0.195,low
d8c87357-288f-4c0c-8a67-95b0ceadd52c,fort-myers-beach,-81.956188,26.456353,,6,5.5,False,0.165,low
027a3444-a6da-4c0e-8a1f-08ff4ca697fc,fort-myers-beach,-81.956157,26.455977,3.5148117542266846,8,7.5,False,0.225,low
a7848583-2b12-43aa-8a0b-f6d3420f6983,fort-myers-beach,-81.956148,26.455543,,8,7.5,False,0.225,low
c212e0d2-07cc-43e5-b9a4-6504192cb076,fort-myers-beach,-81.956223,26.454384,5.899379730224609,8,7.5,False,0.225,low
f15e5e64-2ad0-430b-b579-1813a6b6fc32,fort-myers-beach,-81.956019,26.45548,,8,7.5,False,0.225,low
839fdc79-9ba8-415e-8a89-74855f46a3a1,fort-myers-beach,-81.956033,26.454539,4.779850959777832,7,6.5,False,0.195,low
52d722e2-a8b7-406b-bf1b-69d60839059e,fort-myers-beach,-81.955992,26.454281,,8,7.5,False,0.225,low
5ee8695e-898e-45cf-a6c9-60e3e0748f65,fort-myers-beach,-81.955953,26.454387,,6,5.5,False,0.165,low
49a8c6db-2b3a-4c1d-bc71-cfdd343ed8fe,fort-myers-beach,-81.955959,26.454746,,8,7.5,False,0.225,low
6471f540-8c4f-4d0b-88f3-780d58bb80b8,fort-myers-beach,-81.955842,26.454568,3.762343645095825,7,6.5,False,0.195,low
e0802e2f-dddf-4579-9459-8a3a43532cff,fort-myers-beach,-81.955872,26.455432,4.597856521606445,8,7.5,False,0.225,low
2dffca6d-cae9-4ef4-86c0-a41322a7641b,fort-myers-beach,-81.955891,26.455851,3.221841335296631,8,7.5,False,0.225,low
15a27709-bb1e-4922-b014-acafb29ba12a,fort-myers-beach,-81.956008,26.455933,3.5459671020507812,8,7.5,False,0.225,low
c214caee-a7d6-400c-a933-cab5ca614726,fort-myers-beach,-81.956095,26.456958,6.019099712371826,8,7.5,False,0.225,low
bd3f064a-ac73-498c-b031-bc2023428202,fort-myers-beach,-81.956036,26.465777,3.946333408355713,7,6.5,False,0.195,low
ae7a30d6-5083-4a9f-8fcc-12810725a5fb,fort-myers-beach,-81.955917,26.465577,5.812083721160889,7,6.5,False,0.195,low
8db3711f-ddb0-4294-90f4-08f0a10b11a3,fort-myers-beach,-81.956027,26.466635,,8,7.5,False,0.225,low
d38363c4-ccdc-4e71-94e4-d2247ef4b8e8,fort-myers-beach,-81.956223,26.466236,3.4619596004486084,6,5.5,False,0.165,low
1228f38c-6515-4217-aaf9-4f0d8fcbc365,fort-myers-beach,-81.956177,26.46648,5.419508457183838,7,6.5,False,0.195,low
e1dd4c01-b9c2-494a-bc9e-a1a8bc8da6cf,fort-myers-beach,-81.956167,26.466049,3.1149044036865234,7,6.5,False,0.195,low
bfcb4da4-4a97-4d59-91bc-52cc0fcfac9b,fort-myers-beach,-81.956345,26.466129,,6,5.5,False,0.165,low
42ade492-0b96-470e-88c7-7e864577c486,fort-myers-beach,-81.957014,26.456988,3.139582633972168,7,6.5,False,0.195,low
6f009c67-9613-43b1-b974-fe21abc12cae,fort-myers-beach,-81.957082,26.45686,3.1538889408111572,7,6.5,False,0.195,low
b4e5efcf-4502-4544-aad1-8dc405b43023,fort-myers-beach,-81.956969,26.455926,3.784313678741455,7,6.5,False,0.195,low
9c0eeb0b-97a8-4566-b129-cb680759e9cf,fort-myers-beach,-81.956986,26.455324,5.413440704345703,8,7.5,False,0.225,low
51c8d409-4525-40f8-b907-9d64dfd274fc,fort-myers-beach,-81.957133,26.455495,,8,7.5,False,0.225,low
1b9d2a66-2235-4fac-a718-421a6aeefc3e,fort-myers-beach,-81.957189,26.454909,3.7700705528259277,8,7.5,False,0.225,low
6c82f4c3-defb-4a99-bb89-5c6fb53fbc74,fort-myers-beach,-81.957202,26.455361,,8,7.5,False,0.225,low
8cb9d620-52ff-4a61-8fc0-2a2210205f49,fort-myers-beach,-81.957115,26.455953,4.216305732727051,7,6.5,False,0.195,low
8234d604-b4aa-4549-b430-d99f517931c4,fort-myers-beach,-81.957159,26.456731,3.249232053756714,8,7.5,False,0.225,low
8d50de32-57df-4b00-acf4-6930642f2faf,fort-myers-beach,-81.957239,26.456608,,8,7.5,False,0.225,low
81dcd2fb-c959-40ff-8e49-f71ec0a1c506,fort-myers-beach,-81.957258,26.456008,3.510016679763794,9,8.5,False,0.255,moderate
b68df05c-7f57-4fd5-a2e3-4281c85d0587,fort-myers-beach,-81.957356,26.454809,5.775808811187744,7,6.5,False,0.195,low
b786bfa2-223b-4cea-9836-b3a943a090f7,fort-myers-beach,-81.957364,26.45503,4.3902363777160645,8,7.5,False,0.225,low
0e399fa8-3ad5-47a0-a73e-a7bf9562d234,fort-myers-beach,-81.957336,26.455621,6.382737636566162,8,7.5,False,0.225,low
64ab393d-9950-43dc-9f32-aee331acd684,fort-myers-beach,-81.957408,26.455474,6.089237213134766,8,7.5,False,0.225,low
3b0ed46a-70b1-4ecc-8288-575dff057b2b,fort-myers-beach,-81.957477,26.456211,4.357791423797607,8,7.5,False,0.225,low
6ab8a2a8-12a4-4a47-aedf-dcad9a787b5a,fort-myers-beach,-81.95742,26.456045,5.679738521575928,8,7.5,False,0.225,low
07388118-601b-45d5-9db1-4badf60d74f8,fort-myers-beach,-81.957398,26.456346,,8,7.5,False,0.225,low
e011bd74-0c89-462c-a78a-a3e24369c626,fort-myers-beach,-81.957534,26.45729,5.085730075836182,7,6.5,False,0.195,low
19185433-a43d-4df2-a9a1-3b5d727315f1,fort-myers-beach,-81.95759,26.457002,,8,7.5,False,0.225,low
e70b5921-b50c-4681-af3d-34838d788945,fort-myers-beach,-81.957535,26.454875,4.422080039978027,7,6.5,False,0.195,low
2e2bfd14-2226-490b-a2c4-691ef57862d5,fort-myers-beach,-81.95761,26.455541,3.6386518478393555,8,7.5,False,0.225,low
77e19249-defa-4bfa-8a70-0c20519ee5a4,fort-myers-beach,-81.957739,26.454939,3.6267528533935547,8,7.5,False,0.225,low
ef6cfa53-a76d-4ff6-ac67-1473159def10,fort-myers-beach,-81.957741,26.45667,3.502178907394409,8,7.5,False,0.225,low
68e88125-3cff-4c91-a3f6-17a5a5982b70,fort-myers-beach,-81.957664,26.456887,4.074019432067871,7,6.5,False,0.195,low
3e4b438e-c849-4a4a-a593-4ba20e55de9c,fort-myers-beach,-81.95783,26.457399,,7,6.5,False,0.195,low
b395cdfe-980f-4a06-8279-76b9ff74c0c2,fort-myers-beach,-81.957846,26.45648,5.3865838050842285,9,8.5,False,0.255,moderate
422b1707-b2a9-4daf-9339-57b4beb2f2bc,fort-myers-beach,-81.95783,26.455553,,7,6.5,False,0.195,low
4848fe54-3b52-4d6b-8c4e-461a20376223,fort-myers-beach,-81.958046,26.456614,4.572930335998535,9,8.5,False,0.255,moderate
cf83adb1-239a-4889-8c07-019ec7018aef,fort-myers-beach,-81.958002,26.456175,3.8314273357391357,8,7.5,False,0.225,low
b831443c-3ede-415e-b33a-77838fdabcd7,fort-myers-beach,-81.957981,26.456346,3.5409326553344727,8,7.5,False,0.225,low
7aa6149c-5cef-4697-82b4-7e1b09472d2c,fort-myers-beach,-81.957964,26.45753,3.7909584045410156,8,7.5,False,0.225,low
5395670d-12a7-4287-88bc-a03c95ee1888,fort-myers-beach,-81.953614,26.464675,6.429506301879883,6,5.5,False,0.165,low
40c7327e-5413-42c7-90aa-6805370b0c7c,fort-myers-beach,-81.953655,26.464946,5.347567558288574,6,5.5,False,0.165,low
277048eb-daeb-45bf-94e9-ea4cef498a1c,fort-myers-beach,-81.953778,26.465051,5.380295276641846,5,4.5,False,0.135,low
094221d8-8cae-4586-953d-f2b46c9c8e05,fort-myers-beach,-81.953855,26.464607,4.417472839355469,6,5.5,False,0.165,low
ef513f82-34f6-4456-aafa-67df160b9faa,fort-myers-beach,-81.953853,26.465604,4.279632568359375,7,6.5,False,0.195,low
a3082a46-d24a-4466-b465-9da08e1c4528,fort-myers-beach,-81.953769,26.466152,4.473684310913086,8,7.5,False,0.225,low
d6e64a8f-b6da-468e-83d6-1750049dadff,fort-myers-beach,-81.953795,26.466613,5.925893306732178,12,11.5,False,0.345,moderate
94f6aa2c-132c-4bf6-ad15-1c10febfbd38,fort-myers-beach,-81.953917,26.466203,4.659548282623291,7,6.5,False,0.195,low
89972891-6c42-4ed4-b9a5-d5ac4f8f3e33,fort-myers-beach,-81.953991,26.46671,4.3531622886657715,11,10.5,False,0.315,moderate
5d8b99d6-4852-457f-8f10-3c9b8745fdc7,fort-myers-beach,-81.954148,26.466812,4.43202543258667,8,7.5,False,0.225,low
e453d97f-2252-4a4c-99a5-f89acd8cdd08,fort-myers-beach,-81.95413,26.466223,4.50488805770874,8,7.5,False,0.225,low
939f7d39-b6c8-4d13-a0dc-f7440c5e260f,fort-myers-beach,-81.954032,26.465634,4.025959014892578,7,6.5,False,0.195,low
6cd7e4ab-bd7a-44b5-aa26-1d848731470a,fort-myers-beach,-81.954158,26.464571,5.85261869430542,4,3.5,False,0.105,low
c329815a-59d5-4f8c-9f20-da19580f865c,fort-myers-beach,-81.953933,26.463626,5.201998710632324,3,2.5,False,0.075,low
02d73d66-5476-4004-bc53-3140fc6d9738,fort-myers-beach,-81.953905,26.463469,4.023417949676514,6,5.5,False,0.165,low
7ec37de0-412c-4f9d-88d4-2b0357f5414f,fort-myers-beach,-81.954146,26.462023,,8,7.5,False,0.225,low
d2292be4-f1aa-4ad4-9994-295bd5564681,fort-myers-beach,-81.954146,26.461082,,8,7.5,False,0.225,low
1ca0e2b8-89bf-48c1-bb46-46524664280d,fort-myers-beach,-81.954045,26.461085,,8,7.5,False,0.225,low
7e1d4628-aef3-41a0-81df-75779d642520,fort-myers-beach,-81.953906,26.461079,4.364372253417969,8,7.5,False,0.225,low
18403e32-45a9-4acf-887a-6086575830b2,fort-myers-beach,-81.953862,26.463308,,6,5.5,False,0.165,low
a2b818e4-922e-4e5a-861f-8cc55a4dcfe8,fort-myers-beach,-81.953872,26.463769,4.868826866149902,6,5.5,False,0.165,low
ad7191fd-f23d-459d-9e1d-341046dac7a1,fort-myers-beach,-81.953805,26.463915,3.5695605278015137,7,6.5,False,0.195,low
a2ae0bc2-3716-45a9-a141-eeeb021a1508,fort-myers-beach,-81.953759,26.463,5.090979099273682,7,6.5,False,0.195,low
d73c6cca-b7b9-4a9f-a0e9-d909eeb00238,fort-myers-beach,-81.953728,26.464059,3.424252986907959,7,6.5,False,0.195,low
1c337e9b-868c-4abd-ab9b-bc10ad8d6ee6,fort-myers-beach,-81.953614,26.464183,,7,6.5,False,0.195,low
272bbccb-3bad-4910-9cb5-2f488d0656de,fort-myers-beach,-81.953681,26.462365,,6,5.5,False,0.165,low
88b73b10-dee7-44db-9ce9-5a17f9883786,fort-myers-beach,-81.953716,26.462569,5.212894439697266,7,6.5,False,0.195,low
95da0bc4-e8c9-418d-81ca-e28a7b424485,fort-myers-beach,-81.953652,26.461203,,8,7.5,False,0.225,low
153ea407-5fcc-462f-a492-4165a1418a29,fort-myers-beach,-81.953627,26.460924,,8,7.5,False,0.225,low
cfd13d09-b0cc-47af-9be7-e496ed31af7f,fort-myers-beach,-81.953646,26.460761,,8,7.5,False,0.225,low
09888b4c-6266-4676-89bd-38a8eda41ac6,fort-myers-beach,-81.953643,26.460598,,8,7.5,False,0.225,low
06cf21bf-76f6-44d0-bccc-d8167a537e71,fort-myers-beach,-81.953728,26.458515,7.406395435333252,7,6.5,False,0.195,low
940726c9-068f-482e-b691-24821b1277d3,fort-myers-beach,-81.953623,26.454503,,9,8.5,False,0.255,moderate
0a766b95-c3dd-44f6-bc50-6d87bf20a052,fort-myers-beach,-81.953658,26.454257,3.5220866203308105,9,8.5,False,0.255,moderate
9e5327d5-2fcf-42e8-b2fc-c47ecb72a1f0,fort-myers-beach,-81.953672,26.454992,4.502378463745117,8,7.5,False,0.225,low
8afbe762-402b-4366-94a9-c049707f5ebb,fort-myers-beach,-81.953942,26.455665,4.053652763366699,8,7.5,False,0.225,low
8991eeaf-7893-4317-a8b2-7329da86adc0,fort-myers-beach,-81.95393,26.455052,3.9051918983459473,8,7.5,False,0.225,low
1f842553-35d1-4fef-b248-fbbb709cd911,fort-myers-beach,-81.953971,26.454565,,8,7.5,False,0.225,low
2cc19220-c13f-43a4-84ca-ddcd6744ac8d,fort-myers-beach,-81.953977,26.455575,3.8263473510742188,8,7.5,False,0.225,low
e4989896-f9a9-40d5-88ba-b741fba6dc8a,fort-myers-beach,-81.954034,26.455057,,8,7.5,False,0.225,low
cdae8957-b309-4ea7-add5-79a8974b4351,fort-myers-beach,-81.954105,26.454335,7.079565525054932,8,7.5,False,0.225,low
c9948e9d-65a3-4933-a36c-482981d2098f,fort-myers-beach,-81.953915,26.460909,,8,7.5,False,0.225,low
69eae1f3-8a41-440c-b862-e51bc41b28e6,fort-myers-beach,-81.954022,26.460906,,8,7.5,False,0.225,low
283b8f0d-d5ad-4add-b16d-f9c8d204e10b,fort-myers-beach,-81.954126,26.460901,,8,7.5,False,0.225,low
84eb854f-86f5-4a41-b258-6c0cfed3edc6,fort-myers-beach,-81.954193,26.460557,3.7103705406188965,8,7.5,False,0.225,low
4c51dde4-3029-48ed-8f4c-4b1624575e4a,fort-myers-beach,-81.954206,26.460393,5.343027114868164,8,7.5,False,0.225,low
7501de13-edba-40c1-88d7-d440a5c6de63,fort-myers-beach,-81.95423,26.460222,3.7929024696350098,8,7.5,False,0.225,low
3403cdf7-f3c0-43b6-8ef6-7bcb3028320a,fort-myers-beach,-81.954177,26.459886,4.063889980316162,7,6.5,False,0.195,low
f211b77b-4f46-4893-a8ad-baaf6120f05a,fort-myers-beach,-81.954185,26.459695,3.9788119792938232,6,5.5,False,0.165,low
4e24c24b-9644-44a1-8e37-33ea39d84cc0,fort-myers-beach,-81.954225,26.460074,3.646909713745117,8,7.5,False,0.225,low
b54449f8-f307-490a-bcb0-1bfbcc2c3b25,fort-myers-beach,-81.954253,26.4609,,8,7.5,False,0.225,low
07fa1390-b4c5-4cd5-a68b-ac301e9970b9,fort-myers-beach,-81.954364,26.460899,,9,8.5,False,0.255,moderate
dec9036d-5664-4716-bbc7-e6508dc9e30e,fort-myers-beach,-81.954412,26.458925,,7,6.5,False,0.195,low
0bd92ab8-0a2f-485d-a43d-9a80be973af6,fort-myers-beach,-81.954222,26.458718,,9,8.5,False,0.255,moderate
1ddb9dec-879a-445d-b796-39eb5d11a901,fort-myers-beach,-81.954178,26.459255,,6,5.5,False,0.165,low
21bae52e-05c4-487c-9e41-13594070bde8,fort-myers-beach,-81.954257,26.456421,27.436052322387695,8,7.5,False,0.225,low
1eb101c4-49d9-425e-bab6-0c3bf6a7fbe8,fort-myers-beach,-81.95419,26.45512,3.6368730068206787,9,8.5,False,0.255,moderate
c90aa830-238b-43c8-b68c-7760ec606c6d,fort-myers-beach,-81.954209,26.454683,5.287428855895996,9,8.5,False,0.255,moderate
37418947-89e9-43c8-a7b4-154f63095896,fort-myers-beach,-81.9543,26.455773,,8,7.5,False,0.225,low
7ca6fd0f-1176-490a-ab0d-1139b5179cd6,fort-myers-beach,-81.954397,26.454531,,9,8.5,False,0.255,moderate
78c08d7d-0c0c-4281-b7f3-bd95ee61cd5c,fort-myers-beach,-81.954421,26.454801,,9,8.5,False,0.255,moderate
e2f57b22-78e6-4adb-9662-c0f139b9ab44,fort-myers-beach,-81.954472,26.456033,13.954208374023438,8,7.5,False,0.225,low
6584082c-38e2-4323-b779-0cae397c0535,fort-myers-beach,-81.954488,26.455482,3.3614189624786377,9,8.5,False,0.255,moderate
89b397ce-8574-41c6-82f9-de2e1360d001,fort-myers-beach,-81.954507,26.454614,,8,7.5,False,0.225,low
2f3ddb78-80b5-4d65-8026-95009a804f5f,fort-myers-beach,-81.954587,26.455279,3.486501455307007,9,8.5,False,0.255,moderate
61e06e43-b8f4-4018-9720-ea1a2d02ece9,fort-myers-beach,-81.954638,26.454273,5.220620632171631,8,7.5,False,0.225,low
42d48e19-b36e-470c-a0a3-b43e7a7fcf8f,fort-myers-beach,-81.954712,26.455633,,9,8.5,False,0.255,moderate
266ff5bf-9ecb-4e43-9ff7-8c352d021de5,fort-myers-beach,-81.954687,26.463411,,4,3.5,False,0.105,low
e77d53a1-fc01-46ce-bbb2-5bd9372d022f,fort-myers-beach,-81.954513,26.463278,5.945260047912598,6,5.5,False,0.165,low
2c98e320-8823-4686-9e59-18342cb48acb,fort-myers-beach,-81.954375,26.461073,,8,7.5,False,0.225,low
f993a0d8-45f8-4888-a17b-21de2cff447b,fort-myers-beach,-81.954361,26.462511,,8,7.5,False,0.225,low
a3588986-4ddd-4876-8f15-2afde7515203,fort-myers-beach,-81.954312,26.461233,,8,7.5,False,0.225,low
d4a03c74-0706-4d82-90fb-4e9d3855c3b7,fort-myers-beach,-81.954277,26.461725,5.145262241363525,7,6.5,False,0.195,low
93f4226e-43ba-4d76-81bf-548213c0dda9,fort-myers-beach,-81.954286,26.461378,3.649263381958008,8,7.5,False,0.225,low
b48019e3-323a-41de-9e20-f1e66a0f1ae5,fort-myers-beach,-81.954257,26.461079,,9,8.5,False,0.255,moderate
96e29b8c-e53c-4a1e-97b3-e28b91dd073b,fort-myers-beach,-81.954223,26.462197,,8,7.5,False,0.225,low
9096532f-62d8-43e6-9e1e-196287442ecb,fort-myers-beach,-81.954291,26.462364,6.050144672393799,7,6.5,False,0.195,low
6b64b81b-4765-4174-839b-1cf48bcdf1d8,fort-myers-beach,-81.954317,26.462682,5.640313625335693,7,6.5,False,0.195,low
87cb4ecd-1ba5-483e-95b3-1a558b534c98,fort-myers-beach,-81.954353,26.462837,6.671295166015625,7,6.5,False,0.195,low
b6a7c8e7-cbb3-449e-bc20-5a93dd5e92d2,fort-myers-beach,-81.954453,26.463134,5.069252967834473,8,7.5,False,0.225,low
af4e49d1-86eb-41fc-88da-63a11a4533a7,fort-myers-beach,-81.954434,26.46472,4.213403701782227,4,3.5,False,0.105,low
acea1902-a9f9-415f-aacd-ae85d8225e91,fort-myers-beach,-81.954366,26.465782,5.072052478790283,7,6.5,False,0.195,low
2fb6a4b8-d6bb-4022-83d9-81a0a87a5f77,fort-myers-beach,-81.954333,26.465194,4.353804588317871,7,6.5,False,0.195,low
6feec2d1-e847-43b2-a6d0-50dd613d16a7,fort-myers-beach,-81.954177,26.465111,3.648977279663086,6,5.5,False,0.165,low
d1b51112-4489-4604-afdf-3a52fd210a31,fort-myers-beach,-81.954204,26.46571,4.686268329620361,7,6.5,False,0.195,low
7cc52d22-ead4-49cd-be1a-ddaa584b7a92,fort-myers-beach,-81.954301,26.466318,4.202362537384033,8,7.5,False,0.225,low
930be2a5-bdc2-4915-b2ba-fb455281f692,fort-myers-beach,-81.954265,26.466956,4.5946879386901855,9,8.5,False,0.255,moderate
89e62837-33c6-4464-8e4a-3b04a9a11e40,fort-myers-beach,-81.954401,26.466467,,8,7.5,False,0.225,low
af767f77-6143-4745-b8c9-cd93bc56c040,fort-myers-beach,-81.954444,26.466198,,7,6.5,False,0.195,low
43ec72ad-9f2f-48f3-aaf3-03cc7d5b00e7,fort-myers-beach,-81.954454,26.467052,3.6506054401397705,8,7.5,False,0.225,low
f38c0433-3e65-4f9a-aa74-265b8ee1b353,fort-myers-beach,-81.954473,26.466374,,8,7.5,False,0.225,low
d8caaf71-5c61-4d19-90f8-350b96b272ad,fort-myers-beach,-81.954514,26.465246,4.546338081359863,6,5.5,False,0.165,low
9c54ccb0-dbe6-42ad-8888-66e8d6d0e95a,fort-myers-beach,-81.954515,26.465879,5.0254998207092285,7,6.5,False,0.195,low
af3d9c93-fe39-48b5-ab53-919a96498c92,fort-myers-beach,-81.954624,26.464853,,5,4.5,False,0.135,low
97481cc1-0f85-4886-aee4-65ec341ab7c2,fort-myers-beach,-81.954671,26.465345,3.8333332538604736,7,6.5,False,0.195,low
230354ba-9bf4-43f2-a4bc-a4f6420c1cd0,fort-myers-beach,-81.954679,26.465941,3.9329187870025635,7,6.5,False,0.195,low
9b87143a-8275-411c-9a87-63d45832a242,fort-myers-beach,-81.954628,26.466487,5.188889026641846,8,7.5,False,0.225,low
2ea7b612-317a-4fce-a105-246dd9b3e53b,fort-myers-beach,-81.954669,26.467184,3.536892890930176,8,7.5,False,0.225,low
ff0663f0-77cc-4b63-bae3-47c894127578,fort-myers-beach,-81.954827,26.466014,4.66692590713501,8,7.5,False,0.225,low
3569ad52-b101-4cee-b6a6-b7f9c25260e5,fort-myers-beach,-81.954942,26.466713,4.353273868560791,7,6.5,False,0.195,low
b2fa9a44-e178-446a-82d6-a91e58487cde,fort-myers-beach,-81.954977,26.466134,5.051314830780029,7,6.5,False,0.195,low
6d543724-31e4-4556-a802-215c8ce768a3,fort-myers-beach,-81.954892,26.466459,4.833244323730469,8,7.5,False,0.225,low
e560c081-628e-4f90-9256-708159f8e60e,fort-myers-beach,-81.954917,26.465134,4.398151874542236,6,5.5,False,0.165,low
9ff7e659-3fad-444c-9fbd-8316ef202529,fort-myers-beach,-81.954972,26.465604,3.0303030014038086,6,5.5,False,0.165,low
0d56357a-7525-4e52-9d59-85ecb672fa62,fort-myers-beach,-81.95482,26.465443,3.926398515701294,6,5.5,False,0.165,low
01633a58-3f55-49fc-a2d6-a0b6d08576f9,fort-myers-beach,-81.954786,26.464995,4.199192523956299,6,5.5,False,0.165,low
025d26c4-4659-4b3f-9af3-3c2184a6f285,fort-myers-beach,-81.954816,26.463584,4.899157524108887,6,5.5,False,0.165,low
5848b196-ce25-49c6-8cd3-31c048577e71,fort-myers-beach,-81.954903,26.463792,5.8345947265625,6,5.5,False,0.165,low
8303b59a-ac0f-4a63-bd12-203a1b50786a,fort-myers-beach,-81.954963,26.464253,5.30948543548584,8,7.5,False,0.225,low
afd6db29-71b3-43e3-afcf-52c7ef5cf7bb,fort-myers-beach,-81.955129,26.464016,3.9952445030212402,7,6.5,False,0.195,low
8c4bd27a-0d9b-42d0-870e-4e19c5ac1017,fort-myers-beach,-81.955213,26.464185,6.087055683135986,4,3.5,False,0.105,low
0a5d965e-7d62-436f-b163-3eb105242c81,fort-myers-beach,-81.955272,26.464385,4.467837810516357,5,4.5,False,0.135,low
ac23fcaa-5599-4dd5-85fd-eb3a01917533,fort-myers-beach,-81.955219,26.46578,3.802412509918213,5,4.5,False,0.135,low
204c3838-a4a1-44e3-af4f-e03446d16038,fort-myers-beach,-81.955037,26.465289,5.154152870178223,7,6.5,False,0.195,low
a09818f4-6509-404b-ac05-4dfd4c5bb131,fort-myers-beach,-81.955141,26.465484,3.6337289810180664,6,5.5,False,0.165,low
73fd856b-87d4-40e4-8d0a-37dcdebf8fb8,fort-myers-beach,-81.955198,26.467058,4.744844436645508,7,6.5,False,0.195,low
bcaa538b-ea9f-4000-b0d8-25cdbfec2771,fort-myers-beach,-81.955148,26.466186,4.42553186416626,8,7.5,False,0.225,low
5e161df3-7bef-4c1a-b29e-bf6936be0ecb,fort-myers-beach,-81.955211,26.466318,4.119443416595459,7,6.5,False,0.195,low
4890dcf5-6e97-4758-91a6-946940327571,fort-myers-beach,-81.955399,26.46693,6.362276077270508,7,6.5,False,0.195,low
4aad0d96-55e6-4df8-9314-8c47fd548000,fort-myers-beach,-81.955326,26.466452,4.471043586730957,7,6.5,False,0.195,low
fde2d093-5ed3-463e-aa6a-695de4408f29,fort-myers-beach,-81.955455,26.466563,4.826070785522461,7,6.5,False,0.195,low
04d5b052-4115-4f9a-ab22-a413ee0e5e49,fort-myers-beach,-81.955665,26.466781,3.7693369388580322,9,8.5,False,0.255,moderate
1c46df99-b24a-4f5a-b874-0a32bfe5afde,fort-myers-beach,-81.95576,26.465204,3.5564217567443848,7,6.5,False,0.195,low
36293b45-9b28-40ef-9b8f-29986feb255a,fort-myers-beach,-81.955822,26.465393,5.059808731079102,8,7.5,False,0.225,low
8e4b570f-5c8e-4151-ad4d-b26e0cf28e9d,fort-myers-beach,-81.955574,26.465021,5.166042804718018,8,7.5,False,0.225,low
e0bb9f49-1d9c-48e8-a044-4bf458f87880,fort-myers-beach,-81.955598,26.464808,4.956121444702148,7,6.5,False,0.195,low
e7d36929-f955-4af6-967a-e6a4b8cac29a,fort-myers-beach,-81.955565,26.456718,7.949336528778076,7,6.5,False,0.195,low
9e2f204f-be6c-4acf-a524-b8adb0a788c5,fort-myers-beach,-81.955825,26.45627,8.46426773071289,7,6.5,False,0.195,low
dc3b5492-a888-4258-994b-75750c1e2eb3,fort-myers-beach,-81.955746,26.455793,,8,7.5,False,0.225,low
be2a5dcb-b9e1-4938-a6dd-50f393aaadd7,fort-myers-beach,-81.955785,26.45441,,8,7.5,False,0.225,low
c5cdcc5f-7c5e-4eb2-b70b-79fb75f7d25f,fort-myers-beach,-81.95572,26.454724,,7,6.5,False,0.195,low
c22da19d-e8e9-4785-98ff-210d419c5d1e,fort-myers-beach,-81.955641,26.45468,,7,6.5,False,0.195,low
bf457274-35c1-4da5-a139-ed88cec7f2b6,fort-myers-beach,-81.955561,26.454902,,7,6.5,False,0.195,low
3095236a-00ff-409c-9299-8f052ca4e4c8,fort-myers-beach,-81.955625,26.454835,,7,6.5,False,0.195,low
cf372dcd-d8be-4f96-a6a0-ffadac014961,fort-myers-beach,-81.955509,26.454972,,8,7.5,False,0.225,low
03139c78-ed47-4c49-80fc-64752c2eda61,fort-myers-beach,-81.955298,26.455553,,8,7.5,False,0.225,low
0410680a-dca6-4de8-b54b-6c140f903033,fort-myers-beach,-81.955203,26.454637,,8,7.5,False,0.225,low
6b810310-e178-484c-889e-c312a38ff9a3,fort-myers-beach,-81.95513,26.454882,,7,6.5,False,0.195,low
57059de4-091b-4a71-bcb1-137fd2b22863,fort-myers-beach,-81.955083,26.455006,4.209425449371338,8,7.5,False,0.225,low
9f2f660f-dcbc-47d7-828b-fb507c3446d0,fort-myers-beach,-81.955256,26.456178,9.875277519226074,8,7.5,False,0.225,low
cd6c66bb-7228-47fd-9c00-d033291998b3,fort-myers-beach,-81.954839,26.456127,,8,7.5,False,0.225,low
47dbd358-43f6-479f-9b9e-458acf9ee13a,fort-myers-beach,-81.954848,26.456938,,0,0.0,False,0.0,none
ee58243b-7901-4eb3-8fac-ffb186100c5c,fort-myers-beach,-81.954804,26.456763,,0,0.0,False,0.0,none
2c3c0e7e-1f4e-44e8-8674-e8b64257fcea,fort-myers-beach,-81.954889,26.456624,29.76410484313965,8,7.5,False,0.225,low
017eac45-72f5-4f7e-b2b0-d58e793c1249,fort-myers-beach,-81.955003,26.45513,,8,7.5,False,0.225,low
f539786e-2aef-4c3c-8957-472ceb9df1bf,fort-myers-beach,-81.954775,26.455553,,9,8.5,False,0.255,moderate
f40fdd50-4acc-455a-b8ca-06e6db394d3f,fort-myers-beach,-81.954912,26.453784,4.612582683563232,8,7.5,False,0.225,low
9df2699e-f674-4146-85e4-aecc3adb9eb4,fort-myers-beach,-81.955485,26.45328,,7,6.5,False,0.195,low
a466abb2-611d-405c-ae28-5e0350b7c4a5,fort-myers-beach,-81.955587,26.453331,3.2902488708496094,8,7.5,False,0.225,low
8beddd22-9e83-40d4-87af-b57deb8b1d82,fort-myers-beach,-81.955734,26.453759,4.645598411560059,6,5.5,False,0.165,low
f6c0fb63-6b31-4dc5-8cb5-5bbbeeaf931a,fort-myers-beach,-81.955741,26.452769,3.6598682403564453,6,5.5,False,0.165,low
63677d95-9350-46a0-aba4-a746b2ff06f4,fort-myers-beach,-81.955742,26.453372,4.901700496673584,6,5.5,False,0.165,low
6fce546a-06c7-4d39-82fb-8beb0526ee29,fort-myers-beach,-81.95574,26.453175,6.270196437835693,6,5.5,False,0.165,low
651183b9-b37a-4410-9884-3d36aa9a0e98,fort-myers-beach,-81.95472,26.454101,5.9754133224487305,8,7.5,False,0.225,low
2b47e14b-6e24-40a0-ad73-e4b1540920ef,fort-myers-beach,-81.954682,26.453912,,7,6.5,False,0.195,low
035d3c60-f401-47e9-bfb1-30ae574d3739,fort-myers-beach,-81.954602,26.453798,,9,8.5,False,0.255,moderate
44c28d50-82c9-491b-bb17-e98541eb4327,fort-myers-beach,-81.954178,26.453362,,6,5.5,False,0.165,low
4d030118-8c18-4aa6-aaf5-c73176fb34b0,fort-myers-beach,-81.95443,26.454001,7.186721324920654,8,7.5,False,0.225,low
c0d8de3c-66c6-44d7-88b4-669f6c4e0344,fort-myers-beach,-81.954383,26.454252,6.3246917724609375,9,8.5,False,0.255,moderate
3da1e0f6-c76b-414e-b772-3587a4229cbc,fort-myers-beach,-81.954072,26.452192,,4,3.5,False,0.105,low
c654f397-d519-4924-bc04-2bbef452c8d1,fort-myers-beach,-81.953645,26.452909,3.585669755935669,7,6.5,False,0.195,low
98a87ddf-e0f2-494d-839a-0c71108b2429,fort-myers-beach,-81.953608,26.452578,5.471604347229004,6,5.5,False,0.165,low
c55e4f4d-42af-4a3e-a4db-1a67060516f2,fort-myers-beach,-81.953614,26.452211,3.440012216567993,6,5.5,False,0.165,low
e583f388-37bb-401e-a280-5879c4082ac1,fort-myers-beach,-81.953675,26.45192,,6,5.5,False,0.165,low
b1d100e7-6fc2-4e7c-b6af-1c1aa35a0a2c,fort-myers-beach,-81.953509,26.451787,,5,4.5,False,0.135,low
c7e50e73-fcaf-4f4e-9cc9-3bc67474ee3e,fort-myers-beach,-81.953554,26.451945,,6,5.5,False,0.165,low
aab03abe-281a-48a9-90dc-ed37568efb8f,fort-myers-beach,-81.953609,26.452744,,6,5.5,False,0.165,low
62c849e7-7aa2-4dc4-8f5e-7a2115df7cfd,fort-myers-beach,-81.95354,26.45329,6.400876998901367,9,8.5,False,0.255,moderate
a83b73a2-feec-4996-a818-597d7cf69e4d,fort-myers-beach,-81.953567,26.453417,,8,7.5,False,0.225,low
616f23c8-ffca-494f-8d96-1b7596cb0389,fort-myers-beach,-81.95358,26.453711,3.53235125541687,9,8.5,False,0.255,moderate
d72cc475-cb57-4a47-badc-e1ad8fb7f34c,fort-myers-beach,-81.953559,26.453847,6.496896266937256,9,8.5,False,0.255,moderate
0691a733-d925-423f-af75-1211d1f2ba68,fort-myers-beach,-81.953566,26.453983,6.94504451751709,9,8.5,False,0.255,moderate
c9a4b3b9-17ae-4d1c-95ed-a1c3c8f709bf,fort-myers-beach,-81.953544,26.45354,3.3611743450164795,9,8.5,False,0.255,moderate
356e5579-a612-4f6b-9db5-a0f2d0b07c94,fort-myers-beach,-81.953447,26.452923,,7,6.5,False,0.195,low
ff323953-1153-473d-8a45-e3681da9cde9,fort-myers-beach,-81.953445,26.453416,,9,8.5,False,0.255,moderate
0ab8c374-1f5f-464b-b446-b43f7d7fc1df,fort-myers-beach,-81.953359,26.452016,,5,4.5,False,0.135,low
7693ece3-5f09-4d2d-9020-c87a080a4997,fort-myers-beach,-81.953422,26.451755,,6,5.5,False,0.165,low
183d160f-dac4-41f3-b073-abe661886f25,fort-myers-beach,-81.953407,26.451901,,5,4.5,False,0.135,low
8fa537a5-c65a-430d-8eb9-d76e9b285f4c,fort-myers-beach,-81.95305,26.452793,,8,7.5,False,0.225,low
93fe4019-5158-4469-a6a3-7f6cdf751f20,fort-myers-beach,-81.953174,26.452397,,7,6.5,False,0.195,low
3e682c47-4760-457b-b65d-aed5d62b1cb2,fort-myers-beach,-81.952953,26.452562,,6,5.5,False,0.165,low
d2600588-d27e-4f04-a7ef-d720d54f54bd,fort-myers-beach,-81.95304,26.452469,3.470407485961914,6,5.5,False,0.165,low
4cfe217c-835d-40db-a8d2-b4f1a78d3ea4,fort-myers-beach,-81.952984,26.453165,4.492136001586914,9,8.5,False,0.255,moderate
1d9b9a56-7a97-4abe-bbc0-5f9975853cb1,fort-myers-beach,-81.953027,26.453308,3.5019607543945312,9,8.5,False,0.255,moderate
e7fb8df6-ee22-42a4-9161-5af66fa798b9,fort-myers-beach,-81.953039,26.453013,,9,8.5,False,0.255,moderate
471e67fe-5fa5-4323-8395-590321c3344b,fort-myers-beach,-81.953028,26.453443,4.687371253967285,9,8.5,False,0.255,moderate
5f126a1f-cfbc-45c1-a072-0f79ed1d997c,fort-myers-beach,-81.952982,26.45413,3.188831329345703,8,7.5,False,0.225,low
522d0ebc-6f44-45a8-9207-0bc2bf99cc67,fort-myers-beach,-81.953001,26.453568,4.339207172393799,9,8.5,False,0.255,moderate
3584443a-c161-4eaf-9fbe-8e0da2304c19,fort-myers-beach,-81.952965,26.453712,3.6272904872894287,9,8.5,False,0.255,moderate
4ee50b79-4e78-4d29-8e52-d7da0902733d,fort-myers-beach,-81.952971,26.453865,,9,8.5,False,0.255,moderate
997597c9-0483-4b18-8093-b27806ec3720,fort-myers-beach,-81.952944,26.453997,3.135671377182007,7,6.5,False,0.195,low
5ad4a310-b547-4ed4-802a-489aa67b97b4,fort-myers-beach,-81.952967,26.452891,,9,8.5,False,0.255,moderate
c6dde67d-1275-4c90-b5b8-987aa193c46e,fort-myers-beach,-81.952842,26.452808,,8,7.5,False,0.225,low
656f6b90-7780-4e23-999d-0abdab469489,fort-myers-beach,-81.952871,26.452876,,9,8.5,False,0.255,moderate
79473156-7777-41a2-ae37-17a56a0f29f2,fort-myers-beach,-81.95283,26.452742,,8,7.5,False,0.225,low
daa74f74-d419-4d76-ae44-64a2a7675d19,fort-myers-beach,-81.952806,26.452655,,7,6.5,False,0.195,low
72d13d5f-b514-47be-b555-e255d585cc20,fort-myers-beach,-81.952795,26.452573,,7,6.5,False,0.195,low
90688dff-06d1-4bec-9831-4d85d6035c17,fort-myers-beach,-81.952799,26.452219,,6,5.5,False,0.165,low
3f2d2ca3-24d0-441e-ada5-44909be8dce7,fort-myers-beach,-81.9528,26.452318,,7,6.5,False,0.195,low
cbe78d4e-f595-4fda-a467-c432d380ed8a,fort-myers-beach,-81.952803,26.452397,,7,6.5,False,0.195,low
51e0993b-4100-4b06-93a1-9a0de5357578,fort-myers-beach,-81.952805,26.452506,,7,6.5,False,0.195,low
5e646f4b-0949-4010-b848-55089a3e08bf,fort-myers-beach,-81.952766,26.451532,3.4023149013519287,7,6.5,False,0.195,low
59bd5410-60b2-46f2-a720-5079358422f4,fort-myers-beach,-81.952676,26.451371,4.072855472564697,5,4.5,False,0.135,low
8b5c2666-b448-417f-b35f-a2d148b3660b,fort-myers-beach,-81.952644,26.451783,,5,4.5,False,0.135,low
cb61a041-6ce6-4d07-892d-648cd5ea9b90,fort-myers-beach,-81.952568,26.453059,3.8195812702178955,8,7.5,False,0.225,low
e02269b4-4a80-4850-bb18-23a29a1e1ce2,fort-myers-beach,-81.952553,26.453752,3.9983177185058594,7,6.5,False,0.195,low
a53987b4-5e13-479d-aee0-bd1b0f5813ab,fort-myers-beach,-81.952586,26.453501,3.3056488037109375,8,7.5,False,0.225,low
690da1de-8aa4-4145-8c63-e6f7490db657,fort-myers-beach,-81.952558,26.454161,3.1001410484313965,7,6.5,False,0.195,low
4818db2c-b790-4f20-9231-a35d796b85ce,fort-myers-beach,-81.95254,26.454021,3.651610851287842,7,6.5,False,0.195,low
927272ff-1214-4bfe-8fb2-f6fea0cf4ca4,fort-myers-beach,-81.952525,26.453878,4.079739093780518,7,6.5,False,0.195,low
0d347796-4ef0-49f6-96ac-c8ef3240f0b0,fort-myers-beach,-81.952537,26.453334,4.185943126678467,8,7.5,False,0.225,low
0c5753e4-a4c6-44f6-a75e-a13737ecf36a,fort-myers-beach,-81.952534,26.453195,4.332256317138672,8,7.5,False,0.225,low
732766df-2c34-412c-b9fe-355f4f4864aa,fort-myers-beach,-81.952539,26.452786,4.644318103790283,8,7.5,False,0.225,low
5dbc8d21-4869-4178-a2af-d059ad4e757c,fort-myers-beach,-81.952495,26.452919,4.0873332023620605,9,8.5,False,0.255,moderate
76741394-27c4-4230-af04-f316162737bf,fort-myers-beach,-81.952489,26.452647,3.9664666652679443,7,6.5,False,0.195,low
220c591d-8bc9-4943-9c79-2ab2f1bfa7c6,fort-myers-beach,-81.952539,26.452473,,7,6.5,False,0.195,low
81b26802-9e00-4a96-b2b4-5183a10ceffb,fort-myers-beach,-81.952571,26.452226,3.6125328540802,7,6.5,False,0.195,low
51e1a530-e50d-4719-b0e1-66d74cacdf0b,fort-myers-beach,-81.952613,26.452518,,7,6.5,False,0.195,low
7393e56d-daf0-4505-9660-b97c7a0be2d2,fort-myers-beach,-81.951454,26.451777,,6,5.5,False,0.165,low
bc2423ff-9f89-45a1-b0a8-47477a761865,fort-myers-beach,-81.951479,26.452324,4.731520652770996,8,7.5,False,0.225,low
66bb0550-2978-4c61-ad7b-22fb0ba1078b,fort-myers-beach,-81.951493,26.453368,,8,7.5,False,0.225,low
651f0dd5-8c75-4a66-8196-e352acad472b,fort-myers-beach,-81.95145,26.452935,3.9769484996795654,8,7.5,False,0.225,low
038d5f02-b4e1-4398-ac88-60433c227d88,fort-myers-beach,-81.951422,26.453611,,7,6.5,False,0.195,low
93b78505-81b4-46bb-87ea-b5f4fda1744d,fort-myers-beach,-81.951401,26.45416,3.326291084289551,7,6.5,False,0.195,low
ee686cd1-0e1a-464e-a107-0783599ee3be,fort-myers-beach,-81.951417,26.453892,3.052220344543457,7,6.5,False,0.195,low
f532c368-01d1-4999-a1e1-a205586ee65d,fort-myers-beach,-81.951457,26.454021,,8,7.5,False,0.225,low
a0e23d82-3017-4599-813e-eaf9f3018452,fort-myers-beach,-81.951451,26.453763,,7,6.5,False,0.195,low
759f660d-72ea-478b-ae8d-dec6f42b1b9e,fort-myers-beach,-81.951456,26.453499,,8,7.5,False,0.225,low
ac2cf0c6-78e5-4637-ba92-0d314aa8e5ec,fort-myers-beach,-81.951577,26.452719,3.639545440673828,9,8.5,False,0.255,moderate
af300f31-f9a0-45f8-951a-da223a6e7446,fort-myers-beach,-81.951657,26.452462,3.9469921588897705,10,9.5,False,0.285,moderate
630a12ef-cdfd-446c-979e-dbe3c261cebb,fort-myers-beach,-81.95169,26.452312,5.023468971252441,9,8.5,False,0.255,moderate
ef0f2363-f24a-476b-a2a2-dd5ec360c23a,fort-myers-beach,-81.951798,26.451228,12.681385040283203,5,4.5,False,0.135,low
a33949f0-a846-44c2-97ae-f65b9f5aec50,fort-myers-beach,-81.951914,26.452905,4.067403793334961,8,7.5,False,0.225,low
15e53598-4cd2-413d-9075-f3b2cd8b4127,fort-myers-beach,-81.95192,26.453063,3.5995121002197266,7,6.5,False,0.195,low
b09aceb4-7f0a-454e-9241-7de807039fcc,fort-myers-beach,-81.951861,26.453394,,8,7.5,False,0.225,low
a5cad145-e386-4c94-ba31-885d6283989d,fort-myers-beach,-81.951845,26.453216,3.736541271209717,8,7.5,False,0.225,low
90173929-b547-4f3f-87ef-1ef58d7a7d50,fort-myers-beach,-81.951857,26.45414,,8,7.5,False,0.225,low
6e5d7aab-075f-4ae2-bd1c-31cc9cd66b6b,fort-myers-beach,-81.951864,26.453607,,8,7.5,False,0.225,low
1c091519-bce7-4416-b28f-b9b3b99d7a9b,fort-myers-beach,-81.95189,26.453746,5.071657657623291,7,6.5,False,0.195,low
e5cd4555-66a7-483d-a4d9-c68a692c7fc3,fort-myers-beach,-81.951892,26.453884,6.018682956695557,7,6.5,False,0.195,low
eaf852c5-3ab7-430e-b1e2-704910443c93,fort-myers-beach,-81.951958,26.453318,,8,7.5,False,0.225,low
588c8704-8f5c-491c-9c04-05e7c2b5beb8,fort-myers-beach,-81.951945,26.452723,4.575813293457031,8,7.5,False,0.225,low
89f80447-c43b-42de-b3d9-144ad760f1ac,fort-myers-beach,-81.952071,26.452555,3.4144601821899414,8,7.5,False,0.225,low
5b2c857a-d84e-48fa-91e0-3c8e4e7543b0,fort-myers-beach,-81.952202,26.452493,3.6644608974456787,9,8.5,False,0.255,moderate
ac3920c0-3f98-4626-9ae3-ce8fcb66abe0,fort-myers-beach,-81.952076,26.451566,4.466164588928223,5,4.5,False,0.135,low
10fd38b4-e70a-427e-b5fc-4f0a7c749fcb,fort-myers-beach,-81.951997,26.452084,4.480283260345459,7,6.5,False,0.195,low
2c4c4d69-8aba-4851-9924-7dae937a67e2,fort-myers-beach,-81.952339,26.451717,3.4610612392425537,6,5.5,False,0.165,low
3115fee9-b23a-4ee6-910e-00baa7ee0a6b,fort-myers-beach,-81.95247,26.455965,3.148637056350708,0,0.0,False,0.0,none
7a850348-0599-487c-81c4-80baa5caa448,fort-myers-beach,-81.952436,26.46087,,9,8.5,False,0.255,moderate
bdf3a037-7afd-4ea3-9063-8c3a1a99ad79,fort-myers-beach,-81.952428,26.460401,,9,8.5,False,0.255,moderate
d387193d-aafd-487e-be59-db121ec27c06,fort-myers-beach,-81.952433,26.460207,,8,7.5,False,0.225,low
0d3b081a-f2fd-47b3-af14-2d57c6acf3d8,fort-myers-beach,-81.952419,26.460499,,9,8.5,False,0.255,moderate
678ff664-afde-4080-9209-e268573a5fc2,fort-myers-beach,-81.952406,26.460771,,9,8.5,False,0.255,moderate
be268d6e-33f1-4e10-b327-8129db09ef5b,fort-myers-beach,-81.952283,26.460288,,8,7.5,False,0.225,low
4f97aec9-9f5f-47d3-8907-58ac99178087,fort-myers-beach,-81.952247,26.460226,,8,7.5,False,0.225,low
2ab4ee10-b05a-4a1c-8b41-d3608e0e7596,fort-myers-beach,-81.952244,26.460505,,9,8.5,False,0.255,moderate
ce2de6e1-9a3a-462a-9186-d77850f28997,fort-myers-beach,-81.952215,26.460387,,8,7.5,False,0.225,low
7773f2bf-42b2-4160-920e-74ad37519b83,fort-myers-beach,-81.95221,26.460007,,8,7.5,False,0.225,low
b4f990f7-b847-4079-b2c0-260911581bc6,fort-myers-beach,-81.952249,26.458993,6.485499858856201,9,8.5,False,0.255,moderate
39204d46-793d-4215-8548-1be829f1063c,fort-myers-beach,-81.95229,26.458466,6.956840991973877,0,0.0,False,0.0,none
f8fcd477-ad83-4944-baa6-b6448b70831b,fort-myers-beach,-81.952176,26.459802,,8,7.5,False,0.225,low
67b34524-f979-46e6-9652-1d363a0e5cc7,fort-myers-beach,-81.952206,26.460707,,9,8.5,False,0.255,moderate
089ff0f0-97a2-4192-8647-c3bc5a06c2c0,fort-myers-beach,-81.952117,26.46027,,8,7.5,False,0.225,low
89c12929-a558-4b84-9aec-a53ca3b2baf2,fort-myers-beach,-81.952133,26.460476,,9,8.5,False,0.255,moderate
7ea67bb5-7ca5-4ad8-abd6-23ebd247e3de,fort-myers-beach,-81.952118,26.460566,,9,8.5,False,0.255,moderate
a89210a8-5a9b-4baf-ae05-9cbf094ad20a,fort-myers-beach,-81.95201,26.460038,,9,8.5,False,0.255,moderate
0e7101f5-0ed9-4f40-9637-b87fc9598116,fort-myers-beach,-81.952018,26.459936,,9,8.5,False,0.255,moderate
20c0420b-514e-43aa-9357-a599b08393cb,fort-myers-beach,-81.952041,26.459788,,9,8.5,False,0.255,moderate
ab445dba-4626-4476-81f5-b342b98f5977,fort-myers-beach,-81.951977,26.460296,,9,8.5,False,0.255,moderate
eb8e0e0d-2edc-4af5-b2f1-99d726336ae1,fort-myers-beach,-81.951956,26.460447,,8,7.5,False,0.225,low
1e18f785-6fa0-418e-87c0-170669e0d783,fort-myers-beach,-81.951934,26.460673,,0,0.0,False,0.0,none
d2d0a763-88a9-41f4-bbc1-a1968d96dd3d,fort-myers-beach,-81.951941,26.460555,,8,7.5,False,0.225,low
fae18cc2-3849-462a-9d1e-15c2e9d8f5d3,fort-myers-beach,-81.952033,26.455732,4.284898281097412,7,6.5,False,0.195,low
d4db5a10-93ce-4ed8-a331-5c22b746bb0b,fort-myers-beach,-81.951942,26.455392,5.168517112731934,8,7.5,False,0.225,low
002da213-3536-4f53-abb9-626a50c3dab7,fort-myers-beach,-81.951907,26.454984,5.796926498413086,7,6.5,False,0.195,low
96c836a1-c924-4c84-b6a2-590da776c0f3,fort-myers-beach,-81.951903,26.454721,3.562790632247925,8,7.5,False,0.225,low
88a2ee7f-ebc3-4fd8-8677-733dbf21cd7a,fort-myers-beach,-81.951872,26.454554,,8,7.5,False,0.225,low
195f69ac-2c4c-4f09-b942-3730c1b82d73,fort-myers-beach,-81.951872,26.454313,,8,7.5,False,0.225,low
43b09126-be45-433a-a8fe-dbbcbe2c859e,fort-myers-beach,-81.951829,26.45444,,8,7.5,False,0.225,low
e5b39c82-6595-470a-b06b-4ebd0e0a9e9d,fort-myers-beach,-81.951895,26.455676,5.612948894500732,8,7.5,False,0.225,low
3f1c2c58-380f-4c01-a5d2-857770dcd3e7,fort-myers-beach,-81.951919,26.455125,5.797421932220459,7,6.5,False,0.195,low
b475968d-1cf3-4b77-a33e-e1b7f4cd595a,fort-myers-beach,-81.951915,26.455271,6.440863132476807,7,6.5,False,0.195,low
ce837f0b-ee2d-49d0-bce5-6df4e6be284f,fort-myers-beach,-81.951747,26.455643,3.9212963581085205,9,8.5,False,0.255,moderate
7bca98bd-a295-4969-82e4-1bf566c6c1a7,fort-myers-beach,-81.951607,26.455569,3.9134199619293213,7,6.5,False,0.195,low
369de808-b985-48b6-b288-2c77241437e3,fort-myers-beach,-81.951502,26.455029,5.372527599334717,7,6.5,False,0.195,low
6fff4b00-0d08-4b1d-8602-ca1a23aa93f3,fort-myers-beach,-81.951452,26.454741,4.491384029388428,7,6.5,False,0.195,low
ef58e44b-a078-43fe-8547-e057e7766ed8,fort-myers-beach,-81.95141,26.45458,3.169992208480835,7,6.5,False,0.195,low
c43bd130-4ec7-4b02-8948-53909845a624,fort-myers-beach,-81.951451,26.455495,,7,6.5,False,0.195,low
441fd67b-8418-435e-8871-600433759352,fort-myers-beach,-81.951447,26.460597,,8,7.5,False,0.225,low
82ecbaac-339d-4b7e-ae68-3327db18d406,fort-myers-beach,-81.951911,26.460792,,9,8.5,False,0.255,moderate
a529a5ba-3d67-43af-8034-7cadc3fe6cf9,fort-myers-beach,-81.951896,26.460948,,9,8.5,False,0.255,moderate
02b0a91b-099f-41b1-b516-62ba5c8c6293,fort-myers-beach,-81.951898,26.46171,,8,7.5,False,0.225,low
81864344-41c2-4acb-939a-f07d47c30a03,fort-myers-beach,-81.951885,26.461175,,9,8.5,False,0.255,moderate
e8837cd8-5f3a-488c-9b9d-9bcc6b85fc7e,fort-myers-beach,-81.951793,26.461141,,9,8.5,False,0.255,moderate
128ad0a4-8a03-49f4-ac42-1f309b66f26d,fort-myers-beach,-81.9518,26.461687,,8,7.5,False,0.225,low
5a11c24c-3f0b-4b38-bc39-c956598a5ccd,fort-myers-beach,-81.95185,26.462116,,6,5.5,False,0.165,low
29a8d652-ae11-45fc-9b0e-5c14982a63e7,fort-myers-beach,-81.95183,26.461945,,7,6.5,False,0.195,low
d410ad01-ce06-464a-ac01-9100f1a5b1d9,fort-myers-beach,-81.951813,26.462104,,6,5.5,False,0.165,low
2f7ddee0-5e93-4ce3-9838-39b8b2cd4f52,fort-myers-beach,-81.951827,26.462328,4.442817687988281,6,5.5,False,0.165,low
1dc3a990-a3db-4455-9300-eeef08f758cf,fort-myers-beach,-81.951873,26.461855,,8,7.5,False,0.225,low
88b51a24-46af-4eee-bb41-1a5a8b5f1059,fort-myers-beach,-81.951912,26.461982,,8,7.5,False,0.225,low
68be13dd-191d-4218-8de4-9f0bb59634e9,fort-myers-beach,-81.95185,26.462654,3.849928855895996,7,6.5,False,0.195,low
0cfaf3f0-d70e-4c8b-9499-ff160532bfcb,fort-myers-beach,-81.951735,26.463118,,6,5.5,False,0.165,low
d5739b5e-8b9e-493d-8c2f-5f8f36bae190,fort-myers-beach,-81.951662,26.461917,,6,5.5,False,0.165,low
7d197ab2-928c-47a3-89ac-d73de57bbac4,fort-myers-beach,-81.9517,26.461804,,8,7.5,False,0.225,low
adc5f0ed-5e8d-4f2c-b18f-08df3deec2be,fort-myers-beach,-81.95178,26.461844,,8,7.5,False,0.225,low
7781eb2d-e4ff-4896-adbb-de381eee0299,fort-myers-beach,-81.95175,26.461964,,7,6.5,False,0.195,low
661f3079-89ce-4638-bcf9-da319e75e7e4,fort-myers-beach,-81.951717,26.462085,4.149178981781006,6,5.5,False,0.165,low
1b57f4f5-b9e5-4bbd-af0e-0b560553a24d,fort-myers-beach,-81.951732,26.461654,,8,7.5,False,0.225,low
f9d2c946-ca42-4fda-ae4c-ba5ac2bb2cb7,fort-myers-beach,-81.951635,26.461151,,9,8.5,False,0.255,moderate
342bce62-3cc6-41e5-af4c-c3ce1cd91f31,fort-myers-beach,-81.951645,26.461638,,8,7.5,False,0.225,low
19632a9b-d593-451d-bea2-17145ca0fcca,fort-myers-beach,-81.951596,26.461785,,7,6.5,False,0.195,low
77f02aa3-e6e2-4761-b9f5-32328277c35a,fort-myers-beach,-81.95159,26.461918,,6,5.5,False,0.165,low
4607f0ed-bbc2-40df-8f97-359dd96a618d,fort-myers-beach,-81.951561,26.462082,,6,5.5,False,0.165,low
60204042-a667-4e54-a8b8-5b2a21889ae1,fort-myers-beach,-81.951538,26.461343,,8,7.5,False,0.225,low
7f6ef17e-a859-4d5c-901b-f1e8bfe7bfef,fort-myers-beach,-81.951497,26.461151,3.1332359313964844,8,7.5,False,0.225,low
d14305c3-bd3f-488e-924a-f16bd3f15a5e,fort-myers-beach,-81.951396,26.462041,,6,5.5,False,0.165,low
bd05a8a6-b0e2-4399-bad8-2a0a01b91d9f,fort-myers-beach,-81.951494,26.462065,,6,5.5,False,0.165,low
1c3fdcf5-e9c1-4428-9e5d-4483871ecdc9,fort-myers-beach,-81.95149,26.461892,,6,5.5,False,0.165,low
0d90e0a7-8be7-42a4-8a2f-059fba928792,fort-myers-beach,-81.951495,26.461765,,6,5.5,False,0.165,low
ee13fd53-45ae-44ee-8a06-2764b66569a0,fort-myers-beach,-81.951471,26.462202,3.086738348007202,6,5.5,False,0.165,low
4e803610-6b7a-4d00-97c2-89e31d5d8120,fort-myers-beach,-81.951378,26.462747,4.932989597320557,7,6.5,False,0.195,low
93898b85-5104-4e02-848a-53a7162980b7,fort-myers-beach,-81.951502,26.463652,3.541144847869873,5,4.5,False,0.135,low
22b97f7e-0785-4f40-baab-42d3474b3517,fort-myers-beach,-81.952021,26.464472,,8,7.5,False,0.225,low
0e93e8f0-33d5-40b0-a01e-6a9f150b1d83,fort-myers-beach,-81.952007,26.462693,,7,6.5,False,0.195,low
2f4c661b-f000-4702-824f-3fcd7ddc1eaa,fort-myers-beach,-81.951939,26.462156,,7,6.5,False,0.195,low
09044290-2eaa-4d29-9acc-fdcbfc2cfd3a,fort-myers-beach,-81.951977,26.461409,,9,8.5,False,0.255,moderate
6a7f636d-06d6-44d5-ae7a-67092832ede9,fort-myers-beach,-81.951966,26.461488,,9,8.5,False,0.255,moderate
88daff5b-1be3-41f6-b89e-677b22627083,fort-myers-beach,-81.951981,26.461728,,8,7.5,False,0.225,low
54aff84f-fc15-4755-a42c-25ecf2e4073b,fort-myers-beach,-81.95201,26.461321,,9,8.5,False,0.255,moderate
d5478f89-edac-4acd-b3e2-23e8f9b2d7f5,fort-myers-beach,-81.952033,26.461248,,9,8.5,False,0.255,moderate
5babf7e4-53a6-4340-95eb-ab72628c90e5,fort-myers-beach,-81.952051,26.461158,,9,8.5,False,0.255,moderate
d067823c-c7b7-480f-9730-da1e9300f6d6,fort-myers-beach,-81.952035,26.462193,,7,6.5,False,0.195,low
d365c3d7-f222-467e-98fb-e8698b052e1e,fort-myers-beach,-81.952132,26.46222,,8,7.5,False,0.225,low
bf0a71e0-0fa1-4075-a756-175559f6bb39,fort-myers-beach,-81.952084,26.46203,,8,7.5,False,0.225,low
b110c0dd-1510-4f1f-bd9c-455b8474d6ad,fort-myers-beach,-81.952073,26.46099,,9,8.5,False,0.255,moderate
89df8b94-236e-4d90-95ff-3fb509f8622d,fort-myers-beach,-81.95211,26.461489,,9,8.5,False,0.255,moderate
c03c23f5-1f3a-4164-bbee-bda974d34d58,fort-myers-beach,-81.952144,26.461344,,9,8.5,False,0.255,moderate
7ae362fd-10e1-464b-8dac-a7042a493ad2,fort-myers-beach,-81.952179,26.461169,,9,8.5,False,0.255,moderate
1feb6cdb-79d9-4ea7-a31e-3e732d1f22e4,fort-myers-beach,-81.952309,26.46418,3.128288507461548,7,6.5,False,0.195,low
bb1228b0-4154-4977-98e6-ec044a0eab31,fort-myers-beach,-81.952349,26.463652,3.541102647781372,6,5.5,False,0.165,low
d8eeb076-e3ee-4297-a846-111ebd58792d,fort-myers-beach,-81.952262,26.461031,,9,8.5,False,0.255,moderate
34634610-b909-45fd-ae86-12c6d9367922,fort-myers-beach,-81.952301,26.461272,,9,8.5,False,0.255,moderate
9edbd955-6726-45c2-8ba2-c8a6110fe601,fort-myers-beach,-81.952482,26.463007,,6,5.5,False,0.165,low
af922a10-63c6-43aa-9b11-b64f89b215c1,fort-myers-beach,-81.952461,26.463336,,7,6.5,False,0.195,low
e2e2ab9e-5468-4266-8263-26deb15fe3c1,fort-myers-beach,-81.952448,26.463141,,6,5.5,False,0.165,low
9f28bf2a-448d-4fec-87a9-9f49e8ea504e,fort-myers-beach,-81.952354,26.46388,3.2204151153564453,6,5.5,False,0.165,low
54d4b380-dbe1-4b37-9709-d0f1fc0e3cf6,fort-myers-beach,-81.952458,26.464426,,8,7.5,False,0.225,low
2c070c8c-a305-4f22-ad91-9d713df026c9,fort-myers-beach,-81.952259,26.464338,,8,7.5,False,0.225,low
7210d89f-2838-414f-942b-d4241a157848,fort-myers-beach,-81.952647,26.464274,3.5091192722320557,7,6.5,False,0.195,low
26f3914c-3e13-4b24-9804-20bdb8eba335,fort-myers-beach,-81.952646,26.464439,4.839784145355225,8,7.5,False,0.225,low
ee7d5310-4399-422e-99c0-133ab69caa3c,fort-myers-beach,-81.95283,26.463597,,7,6.5,False,0.195,low
ea38ec4d-e176-44de-862f-1271aee38941,fort-myers-beach,-81.952911,26.46343,4.5740742683410645,5,4.5,False,0.135,low
8157e132-df4a-49fe-88ff-ef9fc45fe76d,fort-myers-beach,-81.952958,26.463281,4.467062473297119,5,4.5,False,0.135,low
61e6da06-b5f9-47bf-96e3-b2a60254cc16,fort-myers-beach,-81.952999,26.461171,,8,7.5,False,0.225,low
9c251b0d-4748-47b3-83d4-aa396a223400,fort-myers-beach,-81.952934,26.46134,3.9966442584991455,8,7.5,False,0.225,low
767b97c4-d4b0-4491-a03e-f6abadba0178,fort-myers-beach,-81.952855,26.462002,3.506704807281494,7,6.5,False,0.195,low
1aebf3a7-e09a-40da-bd3a-b8578ef0ec9a,fort-myers-beach,-81.952634,26.462282,3.107586145401001,7,6.5,False,0.195,low
7d6fe13c-c280-4489-a553-2dff9bdffe87,fort-myers-beach,-81.95272,26.462502,4.384276866912842,6,5.5,False,0.165,low
03987c9a-641a-4f68-a16b-3fdf3b2f4562,fort-myers-beach,-81.952526,26.462825,,6,5.5,False,0.165,low
317ff3ec-18e6-41f8-98bf-63db5a4cb9f4,fort-myers-beach,-81.952496,26.460087,,8,7.5,False,0.225,low
ab5d3009-205c-452c-ad19-e0e16cc20ac0,fort-myers-beach,-81.952571,26.4596,8.745148658752441,8,7.5,False,0.225,low
fe5ab579-e9ac-4941-bc91-5182fc2d9b8a,fort-myers-beach,-81.952575,26.460479,3.756870985031128,8,7.5,False,0.225,low
2cf6df49-a9aa-4c9a-aa06-0592129c719e,fort-myers-beach,-81.952578,26.460634,3.56480073928833,8,7.5,False,0.225,low
8a2fcbb0-69de-44dd-9dbe-c6e0a5f54cea,fort-myers-beach,-81.952685,26.460006,3.511669635772705,8,7.5,False,0.225,low
a43cc5f8-c593-4d17-ae11-1953e2d6d74a,fort-myers-beach,-81.952645,26.45857,,7,6.5,False,0.195,low
479dad51-5e58-4889-b5c2-95befe90c750,fort-myers-beach,-81.952603,26.456034,4.863777160644531,8,7.5,False,0.225,low
e978b464-77f0-41e2-aafe-ac6eb153f517,fort-myers-beach,-81.952524,26.455537,3.9933464527130127,9,8.5,False,0.255,moderate
5317e79f-cef5-4cd6-871b-1b8b72d2b48d,fort-myers-beach,-81.952519,26.455657,4.555332660675049,8,7.5,False,0.225,low
738022dd-50bf-4d92-950e-ba0d41bb6ee7,fort-myers-beach,-81.952551,26.455396,5.503589630126953,8,7.5,False,0.225,low
eb5e23f0-7b9b-4be4-a4b5-912b2c4c6682,fort-myers-beach,-81.952538,26.45512,3.5540030002593994,7,6.5,False,0.195,low
067cdd79-e213-4e76-8a9d-b2b488034fc1,fort-myers-beach,-81.952525,26.454292,3.24664568901062,7,6.5,False,0.195,low
5919af07-07c7-441c-b989-77048b718dab,fort-myers-beach,-81.952538,26.454437,3.4438116550445557,7,6.5,False,0.195,low
3330c06e-65e8-4d5d-992d-973eb197d796,fort-myers-beach,-81.952541,26.45457,3.23252534866333,8,7.5,False,0.225,low
7d1b5fc2-9aa7-48b1-a63b-89c4c8b87034,fort-myers-beach,-81.95256,26.454851,4.9443840980529785,8,7.5,False,0.225,low
55ebabad-ea0d-44ba-8d16-af4697962c11,fort-myers-beach,-81.95256,26.454708,3.311842441558838,8,7.5,False,0.225,low
55c22bee-0ff5-44a9-ac2d-2e76874fa41d,fort-myers-beach,-81.952561,26.455258,3.4050991535186768,8,7.5,False,0.225,low
17528ddb-7c7c-443b-998e-a59fa35d4345,fort-myers-beach,-81.952733,26.45607,6.2242279052734375,8,7.5,False,0.225,low
f9154eb1-1948-4545-b528-fdbb4794372d,fort-myers-beach,-81.952961,26.454821,4.99267578125,8,7.5,False,0.225,low
c5871bde-27a4-4150-a872-e51239899bdc,fort-myers-beach,-81.952974,26.455023,3.7539761066436768,9,8.5,False,0.255,moderate
e08c74cd-e071-4a84-9ff4-bf7b69e0396a,fort-myers-beach,-81.952982,26.454684,4.7711920738220215,8,7.5,False,0.225,low
600e0c34-8259-4603-93d8-5077f83d3e07,fort-myers-beach,-81.952977,26.454547,3.4980721473693848,8,7.5,False,0.225,low
0b789a66-d658-4e79-ba60-2488d5c3dad5,fort-myers-beach,-81.953035,26.454262,4.816337585449219,8,7.5,False,0.225,low
1d7c99f2-9d69-4cc4-8ca8-1b82dfd0f409,fort-myers-beach,-81.952993,26.455235,,9,8.5,False,0.255,moderate
f8b2455b-96a2-4809-8230-19aaf8a1a375,fort-myers-beach,-81.95298,26.455361,,8,7.5,False,0.225,low
ac3981b7-1bcc-4cc1-984f-87974bed3fcd,fort-myers-beach,-81.952976,26.455513,3.326775550842285,7,6.5,False,0.195,low
0459916b-18fc-4f86-ba98-1f1e04baabf2,fort-myers-beach,-81.953006,26.455675,3.4787662029266357,7,6.5,False,0.195,low
b4e2bda4-6298-43fc-9ff5-9abc244cdec4,fort-myers-beach,-81.952937,26.455998,6.967692852020264,6,5.5,False,0.165,low
b9f2a3f1-d27c-4e2d-9524-3e529ba4d774,fort-myers-beach,-81.952799,26.458249,,0,0.0,False,0.0,none
ff700693-a4d8-439c-8ad2-0386e33a85c9,fort-myers-beach,-81.952777,26.459981,3.9910542964935303,7,6.5,False,0.195,low
b1e95f54-b710-44e9-9a11-afe9b0201aec,fort-myers-beach,-81.952962,26.460796,,8,7.5,False,0.225,low
c3e3bfeb-717d-4d22-9910-276618b51173,fort-myers-beach,-81.953049,26.460478,4.173537731170654,8,7.5,False,0.225,low
99d74128-0304-4711-85f9-a908d4000f09,fort-myers-beach,-81.953042,26.460813,,8,7.5,False,0.225,low
9c8f8513-68fe-4464-8dba-51f7fbafc046,fort-myers-beach,-81.953126,26.460496,4.5957255363464355,8,7.5,False,0.225,low
4b9e7ff2-bc98-4645-aac8-3de5551799ca,fort-myers-beach,-81.953121,26.460825,,8,7.5,False,0.225,low
50cee349-ba42-4e9a-b89c-a645754afb07,fort-myers-beach,-81.953201,26.46084,,8,7.5,False,0.225,low
5c313c89-d246-47bb-86ac-3c7692e9c027,fort-myers-beach,-81.953211,26.46051,4.200181007385254,8,7.5,False,0.225,low
1ae63b9d-9f9c-45fd-93ee-15ecd9006182,fort-myers-beach,-81.953269,26.460688,3.3607373237609863,8,7.5,False,0.225,low
e0329350-9f56-4613-9144-045f696b35a7,fort-myers-beach,-81.953285,26.460856,,8,7.5,False,0.225,low
69ee288b-74e5-4e46-9b57-ad95f99dae21,fort-myers-beach,-81.953297,26.460531,3.5803656578063965,8,7.5,False,0.225,low
b4d1db59-fa82-4cfb-b44d-080544e24774,fort-myers-beach,-81.953157,26.45822,,0,0.0,False,0.0,none
06bc0707-1371-4a14-9d8d-16738b8f9e48,fort-myers-beach,-81.953075,26.458724,6.557083606719971,7,6.5,False,0.195,low
e112cc35-6714-45b9-a873-d9f28614b382,fort-myers-beach,-81.953499,26.455697,3.0567448139190674,8,7.5,False,0.225,low
af3bd579-8848-4ce0-a3c5-9144918e5b5c,fort-myers-beach,-81.953485,26.454494,,9,8.5,False,0.255,moderate
e25ddfbc-9fdf-4f33-91f3-df21866e6ced,fort-myers-beach,-81.95352,26.454879,4.346041202545166,8,7.5,False,0.225,low
9be62825-e5cb-4304-98ce-b8149a3353c4,fort-myers-beach,-81.953529,26.455033,,8,7.5,False,0.225,low
5dc2f436-5de7-4b24-a681-fabbcb5e4992,fort-myers-beach,-81.953572,26.454676,4.97116231918335,9,8.5,False,0.255,moderate
1e980bec-af91-4f09-976d-444dd803c2df,fort-myers-beach,-81.953571,26.455242,4.037764549255371,7,6.5,False,0.195,low
03be5c94-fd32-4022-966f-606afb99f3fd,fort-myers-beach,-81.953567,26.455925,4.67756462097168,8,7.5,False,0.225,low
04ce3780-1794-43af-b554-8b0300a93965,fort-myers-beach,-81.953539,26.456242,3.9087460041046143,9,8.5,False,0.255,moderate
e86d1b40-6aef-4173-b0ab-44ad533b2c41,fort-myers-beach,-81.953471,26.459846,17.85751724243164,7,6.5,False,0.195,low
69429412-9b1b-4091-b5b3-2210425ad9df,fort-myers-beach,-81.953365,26.460871,,8,7.5,False,0.225,low
4d9801f0-d967-4a53-83dc-e1490fe52fce,fort-myers-beach,-81.953383,26.460554,3.71366024017334,8,7.5,False,0.225,low
19c9b42d-03cc-467d-811c-e7fd3ea7ec02,fort-myers-beach,-81.953457,26.460884,,8,7.5,False,0.225,low
971bdb95-6bcd-4a2f-bf4e-9e7d507567af,fort-myers-beach,-81.953469,26.460562,4.764504909515381,8,7.5,False,0.225,low
a376bfc7-9306-4b47-a666-8f7fc5c04418,fort-myers-beach,-81.953501,26.460731,,8,7.5,False,0.225,low
75b392e1-c3bc-49f2-834d-c6f05825d641,fort-myers-beach,-81.953527,26.46043,7.363193988800049,7,6.5,False,0.195,low
02c6e2cb-c166-4ef5-bc39-0f87b19c1714,fort-myers-beach,-81.953555,26.460588,4.221807956695557,8,7.5,False,0.225,low
d49b561d-6349-40df-b89b-3a81538a4502,fort-myers-beach,-81.953541,26.460904,,8,7.5,False,0.225,low
b1824b32-437c-4ae2-a47a-3ed4584ce124,fort-myers-beach,-81.953573,26.461474,4.1584086418151855,8,7.5,False,0.225,low
c00a6b29-0828-4cd0-8c9a-cfc82efa3e20,fort-myers-beach,-81.953549,26.461275,3.222283124923706,7,6.5,False,0.195,low
1f532524-4096-4fad-bdb3-5e94664240ba,fort-myers-beach,-81.953584,26.463308,3.53025484085083,6,5.5,False,0.165,low
81091b77-6359-42f7-8c7f-e892a313ae18,fort-myers-beach,-81.953409,26.463303,4.049009799957275,6,5.5,False,0.165,low
9d418341-e91f-44e1-9c81-a918c0767033,fort-myers-beach,-81.953424,26.463423,3.3087735176086426,6,5.5,False,0.165,low
5129c49e-f354-424c-9b72-26deebe662c9,fort-myers-beach,-81.953451,26.464251,3.7539985179901123,5,4.5,False,0.135,low
2d673842-3945-4bac-9ab1-856afaf735a6,fort-myers-beach,-81.953367,26.463622,3.6541945934295654,7,6.5,False,0.195,low
38a7a6db-1660-48a5-83ed-1aa2855cdc68,fort-myers-beach,-81.953366,26.46378,,6,5.5,False,0.165,low
b5093123-1ccc-4624-a2bf-8130d672d1ec,fort-myers-beach,-81.953332,26.463974,3.103614568710327,6,5.5,False,0.165,low
d87a2fed-3eb7-4dc9-9790-efcaf66111ff,fort-myers-beach,-81.953454,26.461299,,7,6.5,False,0.195,low
1d843a7e-b339-4d97-a89a-bf621785aff8,fort-myers-beach,-81.9534,26.46125,3.512568235397339,7,6.5,False,0.195,low
220f2bf4-b7a3-4b91-8992-77b3dedd6de6,fort-myers-beach,-81.95327,26.461217,3.287588357925415,8,7.5,False,0.225,low
c44eb192-9c77-43fd-b8ce-6f7c1f56c773,fort-myers-beach,-81.953288,26.461416,3.165048599243164,8,7.5,False,0.225,low
69b48627-7c7f-4e13-80e2-8477dfa9942e,fort-myers-beach,-81.953262,26.462095,4.007877349853516,7,6.5,False,0.195,low
34709d62-c835-444c-95b4-8e9721671842,fort-myers-beach,-81.953178,26.462274,4.662207126617432,7,6.5,False,0.195,low
ca8746c5-35c1-458c-8619-35a4042f608d,fort-myers-beach,-81.953103,26.462579,,7,6.5,False,0.195,low
ad4fae31-144d-4f3b-aa76-14748c42a8f9,fort-myers-beach,-81.953211,26.464153,4.689764499664307,6,5.5,False,0.165,low
9f86d51d-a566-459c-bd2a-d53d3989f0dd,fort-myers-beach,-81.953175,26.4644,3.350686550140381,6,5.5,False,0.165,low
e3415c3a-0176-41b6-9b08-600889e31a88,fort-myers-beach,-81.953351,26.464816,,6,5.5,False,0.165,low
23e8095b-68dc-47b9-98b1-5c082db2e828,fort-myers-beach,-81.951372,26.469288,,8,7.5,False,0.225,low
8bc521ef-5896-40e7-a420-383180290bdc,fort-myers-beach,-81.95136,26.468513,,0,0.0,False,0.0,none
c61384e5-30c9-4fae-b5f6-9f51dcd773cf,fort-myers-beach,-81.951344,26.46862,,0,0.0,False,0.0,none
56379b22-05ee-4355-8bad-1f3015bd0ce8,fort-myers-beach,-81.951344,26.469085,,8,7.5,False,0.225,low
02024981-3f37-4bb3-9cb0-fd56ac66b869,fort-myers-beach,-81.951344,26.468916,,0,0.0,False,0.0,none
884df49c-5f9a-4174-a109-ce899866440d,fort-myers-beach,-81.95125,26.468129,,0,0.0,False,0.0,none
1a3766de-2b32-456e-b70f-484f333943d5,fort-myers-beach,-81.951258,26.468311,3.2810256481170654,8,7.5,False,0.225,low
32673589-6d39-416d-992a-f393a90ccc8b,fort-myers-beach,-81.951203,26.46784,,8,7.5,False,0.225,low
a5758452-088f-425e-a880-b80ad6d23d90,fort-myers-beach,-81.951274,26.469376,,8,7.5,False,0.225,low
0ae314a9-28f9-4427-a4c4-fabe53a23030,fort-myers-beach,-81.950748,26.467767,,9,8.5,False,0.255,moderate
b1078fbe-2836-4683-9fd7-011055e752b3,fort-myers-beach,-81.950738,26.467932,,9,8.5,False,0.255,moderate
e3687afe-1e0a-4676-a89d-94e5bd291407,fort-myers-beach,-81.950764,26.468447,,9,8.5,False,0.255,moderate
c7151bfb-ab15-4066-8503-3310b3ad5569,fort-myers-beach,-81.950657,26.468138,,9,8.5,False,0.255,moderate
77c88a9b-48f4-4224-bbff-777ea677c641,fort-myers-beach,-81.95054,26.467716,,10,9.5,False,0.285,moderate
3451d004-ddd2-4e96-bd7d-0b4edd5701bd,fort-myers-beach,-81.949676,26.461317,3.886408805847168,8,7.5,False,0.225,low
2c0b0bac-5425-4a9f-b976-63aafa78974e,fort-myers-beach,-81.949279,26.458897,5.006766319274902,9,8.5,False,0.255,moderate
37f0db6b-f622-47bd-b6c3-c418bc2a50c7,fort-myers-beach,-81.949381,26.454543,4.421736717224121,7,6.5,False,0.195,low
def18cc4-6fc9-446b-b97d-cb16514d29f0,fort-myers-beach,-81.949549,26.454597,4.2767486572265625,7,6.5,False,0.195,low
194ae8c1-9b25-4b7b-9636-6dd560e203da,fort-myers-beach,-81.94961,26.460485,,5,4.5,False,0.135,low
ee1b2e4f-7811-44f2-9ef3-d37e12a48db5,fort-myers-beach,-81.949681,26.460094,4.346383571624756,7,6.5,False,0.195,low
f55d5599-ed88-4b2d-ac0f-b9e20a95028a,fort-myers-beach,-81.949619,26.460375,4.071225166320801,6,5.5,False,0.165,low
7e518fe2-f79c-4f79-b4d0-1ba304db6c5d,fort-myers-beach,-81.949685,26.460846,,8,7.5,False,0.225,low
4e7f7bd5-138b-4627-8c16-cb2f872415f2,fort-myers-beach,-81.949745,26.460677,3.309859037399292,6,5.5,False,0.165,low
90ca97fc-e58f-4393-b139-2118753eec9f,fort-myers-beach,-81.949753,26.460491,3.68324613571167,5,4.5,False,0.135,low
da571eee-337d-4fe6-8a3f-8c07eda49883,fort-myers-beach,-81.949839,26.454656,,8,7.5,False,0.225,low
f1ee6bf1-24c2-4650-a186-0312316dbdbe,fort-myers-beach,-81.949858,26.454262,6.063385486602783,8,7.5,False,0.225,low
0c6cc959-35e4-467b-b66a-95b9f2f86ee0,fort-myers-beach,-81.949868,26.454386,6.325259685516357,8,7.5,False,0.225,low
26a58434-ab54-466d-924d-b150170eafee,fort-myers-beach,-81.950027,26.459663,,5,4.5,False,0.135,low
60a48ccc-6e00-4940-9c47-141a46be0ab1,fort-myers-beach,-81.950239,26.459759,,7,6.5,False,0.195,low
4e004513-8051-4a0f-ad81-78a2689160c7,fort-myers-beach,-81.950254,26.460603,,7,6.5,False,0.195,low
52e300ba-d714-4acf-a137-935ac3420bcc,fort-myers-beach,-81.949969,26.463072,,5,4.5,False,0.135,low
3d3f3a95-1518-4c17-b825-ce94504456f9,fort-myers-beach,-81.949734,26.464398,3.9219188690185547,7,6.5,False,0.195,low
85ab0a3e-3797-436e-b803-c76866ecfd8b,fort-myers-beach,-81.949935,26.467332,,9,8.5,False,0.255,moderate
a829fea5-0416-4fed-ac1d-dfcf5c363ca4,fort-myers-beach,-81.949966,26.464729,,7,6.5,False,0.195,low
7700f2dd-7f26-441f-a89d-fbfe2db5d8f5,fort-myers-beach,-81.950485,26.465,6.539027690887451,7,6.5,False,0.195,low
c70e871f-244b-494f-a545-c60b566be096,fort-myers-beach,-81.950433,26.461817,4.123728275299072,1,0.5,False,0.015,low
0c4e9e58-c4f3-4191-b0c4-3a2de5da412d,fort-myers-beach,-81.950553,26.463636,5.343725681304932,6,5.5,False,0.165,low
c11228df-6fbb-4448-81ff-c3819059c94f,fort-myers-beach,-81.950635,26.46377,,6,5.5,False,0.165,low
63917035-68ad-43b9-9fea-a26943c8f968,fort-myers-beach,-81.950648,26.462576,,5,4.5,False,0.135,low
c0f0ec4b-f3f7-471c-822e-70a69d4af09f,fort-myers-beach,-81.9508,26.462775,,6,5.5,False,0.165,low
4cb2c4f4-b8fc-4f14-9ddf-95663d7371ac,fort-myers-beach,-81.950753,26.462946,,5,4.5,False,0.135,low
da25d46e-1869-4ba6-a6dd-b5edaa6bdba2,fort-myers-beach,-81.950705,26.463117,,5,4.5,False,0.135,low
a63f0ae8-a8f2-4d6d-b0e7-909429f09514,fort-myers-beach,-81.950654,26.467054,4.3165130615234375,7,6.5,False,0.195,low
175ebc74-9f7f-40e8-82c0-35d03b448089,fort-myers-beach,-81.950933,26.465961,,11,10.5,False,0.315,moderate
dec7c9bc-4a0b-4a53-bd8f-4f2622aae043,fort-myers-beach,-81.950916,26.464432,4.5185136795043945,7,6.5,False,0.195,low
7d6630c1-cab6-4aea-982d-c02ec0b1fe1c,fort-myers-beach,-81.9509,26.465353,6.340920448303223,7,6.5,False,0.195,low
d5a99adf-2ecf-45d4-9a91-9c97dec6182e,fort-myers-beach,-81.951242,26.467012,,8,7.5,False,0.225,low
fd45dc97-0fec-4d2e-90b3-9a366ce67e69,fort-myers-beach,-81.951299,26.464376,3.7192461490631104,5,4.5,False,0.135,low
79d07b01-07f7-46b0-8503-724577c97fb2,fort-myers-beach,-81.95123,26.464925,3.2407073974609375,7,6.5,False,0.195,low
5292cae5-e2cf-4545-87b9-42787f7ac1fb,fort-myers-beach,-81.951233,26.464721,3.4515504837036133,8,7.5,False,0.225,low
d5c745ba-ea3f-4f0c-9be0-8534ea802887,fort-myers-beach,-81.951163,26.461016,,8,7.5,False,0.225,low
051f979f-4239-4eb3-a413-e2ab766b10eb,fort-myers-beach,-81.951166,26.461095,,8,7.5,False,0.225,low
07255162-9cee-4d61-be05-605cf9c9d287,fort-myers-beach,-81.951135,26.461931,,6,5.5,False,0.165,low
8445b1ec-6220-4ee6-9a5d-7fad0babab80,fort-myers-beach,-81.951148,26.461177,,8,7.5,False,0.225,low
5c7883f9-fded-4474-bdad-baf8215b8a85,fort-myers-beach,-81.951095,26.461071,,8,7.5,False,0.225,low
d33452ea-ebd0-4e99-b082-bea785547cf5,fort-myers-beach,-81.950902,26.462326,3.2083547115325928,5,4.5,False,0.135,low
e454be81-b1f7-4d20-be85-447c2a273e73,fort-myers-beach,-81.95087,26.460121,3.2709059715270996,9,8.5,False,0.255,moderate
d81b793e-dc20-4299-bbe0-563b396470c9,fort-myers-beach,-81.95094,26.460822,4.881661415100098,8,7.5,False,0.225,low
0651df75-7097-497e-a28e-f563a4caf188,fort-myers-beach,-81.950897,26.460309,,8,7.5,False,0.225,low
4f35e5b5-2896-4830-b305-821d456c04c8,fort-myers-beach,-81.950983,26.460314,,8,7.5,False,0.225,low
8ba0ecb1-c93e-4d3b-87e6-6d4bac0c04c9,fort-myers-beach,-81.951065,26.460301,,8,7.5,False,0.225,low
9f2b03a7-58f4-400e-8bc0-5a0d422cc40d,fort-myers-beach,-81.951166,26.460529,,7,6.5,False,0.195,low
6e930eba-664d-4d98-8552-18315d57bddf,fort-myers-beach,-81.951169,26.460842,,8,7.5,False,0.225,low
b3f40603-a583-478b-a0d2-93a23e55a9ce,fort-myers-beach,-81.951302,26.455445,4.3913726806640625,0,0.0,False,0.0,none
1de3fee9-36b3-4c3d-96ee-fa92633b0c06,fort-myers-beach,-81.951355,26.454389,,8,7.5,False,0.225,low
83e8529b-f130-413a-8a63-ca735d51ad1a,fort-myers-beach,-81.951285,26.45497,4.149101257324219,7,6.5,False,0.195,low
045ba520-0d84-4e3f-977f-c0aed354ea1b,fort-myers-beach,-81.951044,26.454436,4.526090145111084,7,6.5,False,0.195,low
19c027b1-699a-4e20-91e1-6f5a27dd4670,fort-myers-beach,-81.95101,26.454304,4.930939197540283,6,5.5,False,0.165,low
a2e80b15-0c58-4d41-9027-4b127f1ec60e,fort-myers-beach,-81.951016,26.454588,5.891191482543945,8,7.5,False,0.225,low
4ec27814-b810-4672-8b23-7f7b55690ed0,fort-myers-beach,-81.950889,26.45525,3.986842155456543,7,6.5,False,0.195,low
d2d18b98-e34b-4a07-b876-8ea12ba494ec,fort-myers-beach,-81.950941,26.454844,3.966726541519165,8,7.5,False,0.225,low
d9e6295e-b97b-4caf-a6ea-501c2088c59d,fort-myers-beach,-81.950545,26.454404,6.288863182067871,7,6.5,False,0.195,low
d90689f7-c9c3-4806-9937-4e542b0cc2e5,fort-myers-beach,-81.950538,26.454542,5.044074535369873,7,6.5,False,0.195,low
ebd7802b-1e21-4510-a15a-87872666407f,fort-myers-beach,-81.95055,26.454692,5.573323726654053,7,6.5,False,0.195,low
6118b7a6-2b38-47cb-9ab4-00b4a2c926e6,fort-myers-beach,-81.950523,26.454863,5.339265823364258,7,6.5,False,0.195,low
279ccbf2-ef86-4b09-9fdd-bbdf95bd60b6,fort-myers-beach,-81.95062,26.455148,5.710443496704102,7,6.5,False,0.195,low
12be0d9f-1cdc-4987-a6ca-1d09770155ec,fort-myers-beach,-81.950748,26.460191,,7,6.5,False,0.195,low
08cc707d-d0d9-4e15-b07e-d26c5789ff88,fort-myers-beach,-81.950644,26.460583,3.343094825744629,7,6.5,False,0.195,low
ef5536d2-a10a-4182-9a19-4adbd7bf7daf,fort-myers-beach,-81.950505,26.459628,,0,0.0,False,0.0,none
01530bc9-7913-492f-a4ba-e508b5a38b42,fort-myers-beach,-81.950296,26.460759,,7,6.5,False,0.195,low
f2eb6abd-f12e-4c7f-bacd-c2d55bf657c9,fort-myers-beach,-81.950529,26.454265,5.73862886428833,7,6.5,False,0.195,low
a61be744-e4b2-499b-8965-72aa729dd4bc,fort-myers-beach,-81.950505,26.453304,5.58601188659668,8,7.5,False,0.225,low
fbbf5203-b5b3-4c98-9118-539c5ac5e754,fort-myers-beach,-81.950463,26.45268,4.854885101318359,8,7.5,False,0.225,low
4d4d84de-bd04-4532-9f26-a0dc186e802a,fort-myers-beach,-81.950374,26.45087,4.270400047302246,5,4.5,False,0.135,low
427a5aeb-e66a-4ac7-a04a-21ec7284befc,fort-myers-beach,-81.95054,26.450702,,6,5.5,False,0.165,low
fc3dfb16-90bb-4cd1-8f70-b7a0be5ff365,fort-myers-beach,-81.950735,26.450779,6.623956680297852,6,5.5,False,0.165,low
aa291d9d-6b3d-4afe-9261-8f8708614247,fort-myers-beach,-81.950716,26.452163,,8,7.5,False,0.225,low
681e8892-1572-44ba-9f54-65c7b43c9e8e,fort-myers-beach,-81.950535,26.451891,7.859142303466797,6,5.5,False,0.165,low
fe4dbe14-047c-495e-9d05-e4c53b8d9637,fort-myers-beach,-81.950571,26.453155,5.534482955932617,8,7.5,False,0.225,low
35061ef1-b135-4322-9560-525105575acc,fort-myers-beach,-81.950568,26.453722,3.0608479976654053,8,7.5,False,0.225,low
99f50716-4dd1-47a4-bd26-dc83ec57ce50,fort-myers-beach,-81.950585,26.453458,3.939789056777954,8,7.5,False,0.225,low
c2944646-d169-47b4-a7c9-4d4d4a740010,fort-myers-beach,-81.950536,26.453858,4.17202615737915,8,7.5,False,0.225,low
3adabfc1-b249-47b6-9146-eac38415d9cf,fort-myers-beach,-81.950526,26.454126,5.275215148925781,8,7.5,False,0.225,low
253fc2c3-6418-4990-80f4-1e19b0a6c01d,fort-myers-beach,-81.950928,26.453504,5.310077667236328,7,6.5,False,0.195,low
512db82d-b2e6-4a80-b7cf-d512ece9875a,fort-myers-beach,-81.950906,26.453235,3.25036883354187,7,6.5,False,0.195,low
9ce957bb-702f-4420-8091-123a4e29ad5f,fort-myers-beach,-81.950935,26.453353,,7,6.5,False,0.195,low
9ea6ca8f-a61a-40ca-9ab5-ccbb584cb144,fort-myers-beach,-81.950945,26.451035,,6,5.5,False,0.165,low
88c5393a-9c88-4708-9027-648b0c215022,fort-myers-beach,-81.951054,26.451332,4.897915363311768,6,5.5,False,0.165,low
490b8c54-8b6b-42ce-89d5-bd720286193f,fort-myers-beach,-81.951039,26.452183,,8,7.5,False,0.225,low
c57d4b63-7846-4c08-b264-8eb609666d67,fort-myers-beach,-81.951062,26.453258,4.05757999420166,7,6.5,False,0.195,low
dd5f57fa-07de-44c7-b790-82de3709d708,fort-myers-beach,-81.95101,26.452771,5.69553279876709,7,6.5,False,0.195,low
5d59b7dd-6036-4c0f-90dc-a1108a9e029e,fort-myers-beach,-81.951001,26.453609,5.492774963378906,8,7.5,False,0.225,low
fe923a9f-613a-4c16-b50b-41f704192be7,fort-myers-beach,-81.950961,26.453755,3.788004159927368,8,7.5,False,0.225,low
acb16da0-efa7-4261-9127-ce37a8a51463,fort-myers-beach,-81.950973,26.454027,5.150684833526611,8,7.5,False,0.225,low
bac3b4b3-353b-4a61-8db3-7c37e63c901d,fort-myers-beach,-81.950962,26.453892,3.8976213932037354,8,7.5,False,0.225,low
7ee125e8-085d-4ec2-a992-a47d0a968f90,fort-myers-beach,-81.950992,26.454174,4.928513050079346,7,6.5,False,0.195,low
b4d7e5b8-cd39-4b2f-8813-11b6f9b8e4bc,fort-myers-beach,-81.951159,26.452807,5.287588596343994,8,7.5,False,0.225,low
0346426e-8fba-4196-bbcc-8027155e55a0,fort-myers-beach,-81.951198,26.453279,5.025935173034668,7,6.5,False,0.195,low
07e0169f-812a-460a-bea5-8101c0efa226,fort-myers-beach,-81.951326,26.45347,,7,6.5,False,0.195,low
da5e86a1-1c3f-4a84-976d-76e1b3b7bf29,fort-myers-beach,-81.951346,26.453312,3.4096498489379883,7,6.5,False,0.195,low
84278f52-35b6-443f-a0b3-2808e206380f,fort-myers-beach,-81.951299,26.452873,4.797468185424805,7,6.5,False,0.195,low
c3011b38-55a2-4603-a778-1a8b62a1b43b,fort-myers-beach,-81.951325,26.452279,4.758751392364502,8,7.5,False,0.225,low
c818afb9-e468-4c9f-a103-16d72c58d5cd,fort-myers-beach,-81.951352,26.451919,,7,6.5,False,0.195,low
41f44dc6-be35-405e-a62b-75e7b1dae231,fort-myers-beach,-81.951189,26.452272,4.888059616088867,8,7.5,False,0.225,low
e8dd8ac7-f226-49b7-abe4-2a034959c211,fort-myers-beach,-81.951122,26.450904,4.164067268371582,6,5.5,False,0.165,low
06bb8fc1-ad38-4cb0-92c6-0b18a793ddcc,fort-myers-beach,-81.950041,26.450594,6.631386756896973,6,5.5,False,0.165,low
81e91523-36aa-4b54-a807-223c0fa0a690,fort-myers-beach,-81.950172,26.450805,5.621033191680908,6,5.5,False,0.165,low
60ac1f93-5599-420d-b2fb-a9b2df331f5b,fort-myers-beach,-81.950209,26.450597,9.274069786071777,6,5.5,False,0.165,low
1dac5f93-a556-48b6-84e4-7e7551b7a976,fort-myers-beach,-81.950027,26.453313,,8,7.5,False,0.225,low
8400a4d6-c78c-4103-a3ac-ff7dab0c959d,fort-myers-beach,-81.950038,26.451706,15.913670539855957,7,6.5,False,0.195,low
6728e378-ca7a-4422-be23-0dfdf874c186,fort-myers-beach,-81.949842,26.452184,4.326476573944092,8,7.5,False,0.225,low
7c647802-faef-415f-b0fc-44ef4e2d5caf,fort-myers-beach,-81.949883,26.454127,5.418125629425049,7,6.5,False,0.195,low
6a1b8978-935a-446d-a192-ce5116752e76,fort-myers-beach,-81.949878,26.453985,4.631439208984375,7,6.5,False,0.195,low
688e14d8-7885-45d1-a7a3-c76d24370002,fort-myers-beach,-81.949842,26.453512,4.6703338623046875,7,6.5,False,0.195,low
fd11c4c3-d885-4b8d-abbd-487f8a3ed669,fort-myers-beach,-81.949839,26.453026,4.3798627853393555,7,6.5,False,0.195,low
256d2c00-1e89-4fd7-b17b-876614fccc2b,fort-myers-beach,-81.949855,26.453176,3.3256771564483643,7,6.5,False,0.195,low
19e90543-580c-4e5b-a920-1bb13110b78d,fort-myers-beach,-81.949867,26.452878,5.680154323577881,8,7.5,False,0.225,low
40b4fe53-cc89-4d48-a072-2315f5b4b76a,fort-myers-beach,-81.949835,26.452604,3.8483715057373047,8,7.5,False,0.225,low
caf33b8b-2092-4efd-bc52-3cf004775889,fort-myers-beach,-81.949815,26.452753,4.559233665466309,8,7.5,False,0.225,low
ec51825d-5eeb-4413-ab42-8deace3afc42,fort-myers-beach,-81.949804,26.453313,,7,6.5,False,0.195,low
8f2498a4-b6a7-4bbd-a32a-39cc46597d3b,fort-myers-beach,-81.949823,26.453784,3.6155645847320557,7,6.5,False,0.195,low
8e66083e-89b4-4813-82b7-1ae72480ad3f,fort-myers-beach,-81.949814,26.452334,,9,8.5,False,0.255,moderate
8e7fc9f0-8658-4fb0-8cd3-0f567a2e8a4a,fort-myers-beach,-81.949758,26.450961,3.426503896713257,7,6.5,False,0.195,low
11a6b5a9-717d-4af4-9942-3ad0337705d1,fort-myers-beach,-81.949887,26.450503,7.54452657699585,6,5.5,False,0.165,low
5b1bcc64-ce45-4e9b-8675-11ac5251f7fe,fort-myers-beach,-81.949458,26.45082,,6,5.5,False,0.165,low
56f58786-6e2c-4ce3-bff4-2044f577396a,fort-myers-beach,-81.949575,26.450611,,6,5.5,False,0.165,low
30c5621f-5e15-42e6-96c3-4e77292754b9,fort-myers-beach,-81.949489,26.454215,5.678725242614746,8,7.5,False,0.225,low
d0464b37-d9c5-4b23-b5ab-3175657c2877,fort-myers-beach,-81.949481,26.453794,4.404237270355225,7,6.5,False,0.195,low
c2e709fa-ed66-4e91-b7fa-e158d3756d10,fort-myers-beach,-81.949471,26.453523,3.4592134952545166,7,6.5,False,0.195,low
ac299181-ed25-485e-a9c9-f877012a8cb1,fort-myers-beach,-81.94948,26.45365,4.908236980438232,7,6.5,False,0.195,low
25e562f7-5830-4c0f-ad95-5f2454efc657,fort-myers-beach,-81.949471,26.453935,4.407459259033203,7,6.5,False,0.195,low
ecac6c1a-5871-43d0-8d42-43726020e2a1,fort-myers-beach,-81.949481,26.454062,4.920829772949219,7,6.5,False,0.195,low
49314d2b-f2d7-4859-a1dc-3ca0e7e44643,fort-myers-beach,-81.949452,26.453244,,7,6.5,False,0.195,low
b8d5f665-ad10-4f80-b58d-58987fb16ac9,fort-myers-beach,-81.949463,26.453375,3.4515631198883057,8,7.5,False,0.225,low
8e4cfb1a-d6d8-42e7-8626-945317b0bc02,fort-myers-beach,-81.949474,26.453107,,8,7.5,False,0.225,low
2fc7d17e-2ae4-454a-b60c-a8816df6fccb,fort-myers-beach,-81.949225,26.452693,,6,5.5,False,0.165,low
4d6e82cd-df49-4b62-9767-b9ac4914913d,fort-myers-beach,-81.94923,26.452477,5.217439651489258,5,4.5,False,0.135,low
d08b9ac0-dd1d-4b16-8965-815bc8bd87b8,fort-myers-beach,-81.949224,26.450347,,6,5.5,False,0.165,low
827dca96-a61f-49a6-9e7f-d011d9818684,fort-myers-beach,-81.949304,26.450732,3.526923179626465,6,5.5,False,0.165,low
ebf1104a-7d44-46f4-a347-932dd502b26a,fort-myers-beach,-81.949413,26.450354,,6,5.5,False,0.165,low
fddc2dc9-72ed-47bf-9446-b3d7f137d2e5,fort-myers-beach,-81.929933,26.443765,4.18280029296875,7,6.5,False,0.195,low
57b57df8-a433-49b9-8cb4-01bb912e65e5,fort-myers-beach,-81.930013,26.443149,4.4997172355651855,8,7.5,False,0.225,low
3fcb37b5-ef0c-44e6-9323-5bf9516f340a,fort-myers-beach,-81.930091,26.443657,3.30489182472229,7,6.5,False,0.195,low
2a9d82d1-29af-48e9-9e4c-3c08ec254eee,fort-myers-beach,-81.930217,26.443968,,7,6.5,False,0.195,low
9a8b9d63-0b4b-4fb7-87cb-e4e241d7cb92,fort-myers-beach,-81.930349,26.443847,3.866666555404663,7,6.5,False,0.195,low
2886ebe8-5f31-4dee-bb00-fb85943a4120,fort-myers-beach,-81.930661,26.443581,,7,6.5,False,0.195,low
6ac74daf-cba8-4fc0-909f-f72c3d625fb9,fort-myers-beach,-81.930497,26.443699,,8,7.5,False,0.225,low
fb1a04ec-d4d2-417f-9062-d77a471f09bd,fort-myers-beach,-81.930638,26.443215,3.8027901649475098,7,6.5,False,0.195,low
95c25d1e-0278-4f00-b68e-1e380e677ab5,fort-myers-beach,-81.930459,26.443368,4.586004734039307,7,6.5,False,0.195,low
db82de97-03f9-4400-9ebe-2d5b17ac579f,fort-myers-beach,-81.930274,26.443505,4.316722869873047,8,7.5,False,0.225,low
e35bd1c3-0c34-488f-8488-a06050067748,fort-myers-beach,-81.930695,26.442025,5.265710830688477,6,5.5,False,0.165,low
b7fcc88d-df8a-4818-aef1-a0228afae711,fort-myers-beach,-81.930558,26.441901,3.284043788909912,6,5.5,False,0.165,low
e04ee12b-95f8-465b-8513-88560f4f6507,fort-myers-beach,-81.929977,26.442298,4.93363094329834,7,6.5,False,0.195,low
0958e3d8-6516-4ac0-9c09-f4f96a0d534a,fort-myers-beach,-81.930155,26.442742,7.0121941566467285,7,6.5,False,0.195,low
2c8bfb36-aabd-464b-be05-2c197ea20f0f,fort-myers-beach,-81.930031,26.441715,5.4439897537231445,7,6.5,False,0.195,low
c72efc5f-bf6a-4799-8d5d-e426c2368212,fort-myers-beach,-81.930022,26.441828,3.972677707672119,6,5.5,False,0.165,low
d8e75322-64b6-4285-8774-57887b654f44,fort-myers-beach,-81.931616,26.442793,3.1143884658813477,7,6.5,False,0.195,low
c13f48e6-eabb-445b-a4f7-84a023a50e77,fort-myers-beach,-81.931585,26.442651,,6,5.5,False,0.165,low
78b2cd6a-0950-4c30-8bdb-e86077e3c3bb,fort-myers-beach,-81.931468,26.442528,4.616540431976318,7,6.5,False,0.195,low
6b3d5ffc-2f77-4d55-b8e1-a855a59b932f,fort-myers-beach,-81.931116,26.442347,3.7521157264709473,6,5.5,False,0.165,low
385e3d59-5c1e-4c72-95b2-0f91da57b4ff,fort-myers-beach,-81.930998,26.442262,4.170699596405029,6,5.5,False,0.165,low
5901cdf1-2c8b-4215-b7c0-b2b54874e609,fort-myers-beach,-81.930845,26.442176,5.285831451416016,6,5.5,False,0.165,low
eef8ccff-9412-452e-aad7-168120ee526e,fort-myers-beach,-81.931036,26.442929,3.5512425899505615,6,5.5,False,0.165,low
c6f897a4-9bf8-4670-a3e0-ae95f9eb6844,fort-myers-beach,-81.931239,26.443026,3.5468671321868896,7,6.5,False,0.195,low
b78c5e89-b7e6-4db3-ba62-ceb4fdda8642,fort-myers-beach,-81.931131,26.443224,3.110607862472534,7,6.5,False,0.195,low
0fc1ffde-dac4-4386-84ca-d557ffcf827a,fort-myers-beach,-81.930796,26.4431,3.2777583599090576,6,5.5,False,0.165,low
bff98457-4ab1-4735-a566-6bb446411822,fort-myers-beach,-81.930829,26.443456,3.482536792755127,7,6.5,False,0.195,low
6a08ca5c-8162-40bc-8ddf-9cc0189dcb70,fort-myers-beach,-81.930988,26.443331,3.0916922092437744,7,6.5,False,0.195,low
30c53c9d-e9b8-46d2-a8b9-faad065846ee,fort-myers-beach,-81.930762,26.444073,,8,7.5,False,0.225,low
3209e42a-b919-4c0d-bd5f-9d8660a246f6,fort-myers-beach,-81.930907,26.443924,,7,6.5,False,0.195,low
effca66b-6fce-4da2-a74c-17b85ed96bf9,fort-myers-beach,-81.931062,26.443793,,7,6.5,False,0.195,low
a937e604-ac14-448b-bf6b-6807c73fe908,fort-myers-beach,-81.931212,26.443678,,8,7.5,False,0.225,low
f27d522c-9029-4027-8ed7-a8d547e1bfd3,fort-myers-beach,-81.931186,26.444082,,8,7.5,False,0.225,low
a272f383-ea20-4df8-873e-ae4e061cec5a,fort-myers-beach,-81.931333,26.443955,,8,7.5,False,0.225,low
84624147-eb38-4a06-a5a8-9d3b74835324,fort-myers-beach,-81.931497,26.443836,,7,6.5,False,0.195,low
eb6dd71a-4237-409b-ae95-dbd5945d1976,fort-myers-beach,-81.93136,26.443535,,7,6.5,False,0.195,low
20121f37-d28d-44cd-a069-97362d83717c,fort-myers-beach,-81.931681,26.443262,3.5797407627105713,7,6.5,False,0.195,low
54a79ad9-2773-42be-bfcf-38690408ae6e,fort-myers-beach,-81.931759,26.443577,,6,5.5,False,0.165,low
b56dc98c-543b-4b0c-ba70-23b5e0a148f5,fort-myers-beach,-81.931631,26.443694,,7,6.5,False,0.195,low
7ad50496-f1d7-46c2-b1ae-0f4525165bd5,fort-myers-beach,-81.931901,26.443922,,8,7.5,False,0.225,low
5a1c8d35-acb5-4f5c-b70f-772653aaaf9a,fort-myers-beach,-81.93202,26.44385,4.9372148513793945,8,7.5,False,0.225,low
b7efbfac-1577-419b-9587-868a0186ae91,fort-myers-beach,-81.932201,26.444064,3.3128597736358643,7,6.5,False,0.195,low
fe304e31-a7f9-4880-af4c-cb4db09e6604,fort-myers-beach,-81.932251,26.443594,3.8262107372283936,7,6.5,False,0.195,low
b7146c36-3902-4bfa-bce5-1d5053877345,fort-myers-beach,-81.932111,26.443054,,7,6.5,False,0.195,low
9c6aa916-2d89-40aa-a758-afa25923d349,fort-myers-beach,-81.931859,26.442741,6.043344974517822,6,5.5,False,0.165,low
ed8301f0-6c3d-411a-b0ec-4cffcd876a58,fort-myers-beach,-81.932071,26.442829,3.436020612716675,6,5.5,False,0.165,low
5b90aa63-3351-482f-b0e8-b1c3649a40e2,fort-myers-beach,-81.932273,26.442926,4.0319108963012695,6,5.5,False,0.165,low
36ab35b5-a506-4280-854f-9948e1dbd550,fort-myers-beach,-81.93266,26.443181,,6,5.5,False,0.165,low
4bd65d88-2389-4d8e-afce-130e94f72d7a,fort-myers-beach,-81.932415,26.443213,,7,6.5,False,0.195,low
3cb2859c-aeb5-44cd-87f2-14c6af0c8369,fort-myers-beach,-81.932384,26.443084,,6,5.5,False,0.165,low
65d03ac5-ab3f-4d21-8531-9c57dc1a061d,fort-myers-beach,-81.932503,26.443792,4.121059417724609,6,5.5,False,0.165,low
b96abe51-2993-48af-81d3-35b72b80be4d,fort-myers-beach,-81.932376,26.443682,5.00897216796875,6,5.5,False,0.165,low
ba2a01aa-0195-4150-aedc-121e66532b2a,fort-myers-beach,-81.932306,26.443975,5.1677045822143555,7,6.5,False,0.195,low
aaeb4642-f3a1-4174-9b41-dcb62fc6bba7,fort-myers-beach,-81.932673,26.444011,,7,6.5,False,0.195,low
98aa6caa-0a6c-48b2-a768-7826ca1c4e39,fort-myers-beach,-81.932669,26.444163,5.2791218757629395,7,6.5,False,0.195,low
585cd7ac-d945-4f99-a047-91be9a3f2af0,fort-myers-beach,-81.932554,26.444617,,7,6.5,False,0.195,low
79362744-0bd3-4e20-b93b-ff9b640dd91b,fort-myers-beach,-81.932709,26.444498,,7,6.5,False,0.195,low
25c03bdd-dd8a-4e14-ba1b-d90f9bd95d11,fort-myers-beach,-81.932685,26.445015,4.169020652770996,8,7.5,False,0.225,low
40101185-91d3-4dd5-811d-ec3607949697,fort-myers-beach,-81.932573,26.445104,4.030142784118652,8,7.5,False,0.225,low
ceb0d990-1827-4705-a19f-3af8dc99c9b2,fort-myers-beach,-81.932486,26.445175,3.6596784591674805,7,6.5,False,0.195,low
890a724c-c553-4c8b-918d-aa6dfc05ed03,fort-myers-beach,-81.932273,26.444893,,7,6.5,False,0.195,low
f222fbab-15a0-4c7d-836b-6d2591443002,fort-myers-beach,-81.932385,26.444787,,7,6.5,False,0.195,low
101de77f-dc6c-4723-be7c-f6ba4da5e64f,fort-myers-beach,-81.932313,26.444479,4.739789009094238,7,6.5,False,0.195,low
fb424c05-4099-468f-b4e3-8b9442a9ea21,fort-myers-beach,-81.93241,26.444389,3.3938591480255127,8,7.5,False,0.225,low
edf4f959-5e58-46a3-9779-ae8f591533cf,fort-myers-beach,-81.932521,26.444287,,8,7.5,False,0.225,low
1b88dcf8-ab98-4bb4-b5c8-c91195ebf6de,fort-myers-beach,-81.932214,26.444583,,7,6.5,False,0.195,low
187a47ff-b8e5-48d8-a20e-36e5e9498d90,fort-myers-beach,-81.932089,26.444163,3.539510726928711,7,6.5,False,0.195,low
9e99e21a-b138-4991-bde5-de312d7e6d35,fort-myers-beach,-81.931964,26.444257,4.035872459411621,8,7.5,False,0.225,low
e2af592c-3855-44b8-a62d-91f795660354,fort-myers-beach,-81.93185,26.444089,,7,6.5,False,0.195,low
6955ad14-eea7-40a0-881d-f18bdc1251b0,fort-myers-beach,-81.931851,26.444346,,8,7.5,False,0.225,low
5514f119-95de-4cbe-997b-1c791096a7e0,fort-myers-beach,-81.931989,26.444759,4.330249309539795,7,6.5,False,0.195,low
dd9856c9-c40e-410d-8928-02a4c068b138,fort-myers-beach,-81.931857,26.444838,3.8248515129089355,7,6.5,False,0.195,low
1c990571-7179-4203-8a45-6a156e600b59,fort-myers-beach,-81.931768,26.444945,4.2795257568359375,7,6.5,False,0.195,low
ee26e477-14b5-46c2-880a-ad73e0ab06a7,fort-myers-beach,-81.931946,26.445164,3.6934783458709717,6,5.5,False,0.165,low
886ead04-af08-4b26-a933-34ab30286b30,fort-myers-beach,-81.932085,26.445003,3.795132637023926,7,6.5,False,0.195,low
8bd7257d-ebe3-4d4a-9ac0-d766dd8c81a0,fort-myers-beach,-81.932097,26.444675,3.671083450317383,7,6.5,False,0.195,low
1bb69999-7340-49a4-8169-121e615a254c,fort-myers-beach,-81.932227,26.445403,3.9757797718048096,6,5.5,False,0.165,low
c4baf20b-af4f-4310-9f3c-db0906285a4e,fort-myers-beach,-81.932258,26.445703,,8,7.5,False,0.225,low
bacc8e81-cea8-4836-8fb8-4b7904b86480,fort-myers-beach,-81.932089,26.445527,4.549450397491455,7,6.5,False,0.195,low
6b58bec2-51f9-47c0-a450-67047a29bf59,fort-myers-beach,-81.931849,26.445268,3.0126724243164062,7,6.5,False,0.195,low
1edd5d0d-525c-4717-bc48-f1cad938c547,fort-myers-beach,-81.931985,26.445594,4.630618095397949,7,6.5,False,0.195,low
6472cc4c-434e-4ee4-82ab-059aba72bbe1,fort-myers-beach,-81.932215,26.446167,5.291916370391846,7,6.5,False,0.195,low
f629b691-4bc5-4090-a600-2cd7a5161797,fort-myers-beach,-81.932422,26.446273,4.251149654388428,7,6.5,False,0.195,low
945d6dbc-eaa8-44ed-a357-ca8f8bc4f0b5,fort-myers-beach,-81.932392,26.445626,4.200356483459473,7,6.5,False,0.195,low
96857600-96a0-4207-9c46-44aba6351d63,fort-myers-beach,-81.932426,26.44527,,7,6.5,False,0.195,low
9411677e-10d7-4025-b670-9ddf03f858c7,fort-myers-beach,-81.9325,26.445526,4.331658363342285,7,6.5,False,0.195,low
ae68f0a8-68e5-43ff-b5d0-43e2f03049d6,fort-myers-beach,-81.932607,26.445427,4.061095237731934,7,6.5,False,0.195,low
c6532d9f-cba0-4f25-9658-22bd7be33793,fort-myers-beach,-81.93273,26.445337,3.448806047439575,7,6.5,False,0.195,low
6d5df38e-2010-4ff3-b52f-b672e0785af9,fort-myers-beach,-81.932632,26.445928,4.09279727935791,8,7.5,False,0.225,low
0d393488-ab92-48d5-90c0-656746e5d86d,fort-myers-beach,-81.932647,26.446379,4.342962265014648,7,6.5,False,0.195,low
3c168669-50ff-46c3-9f84-a8f870b16764,fort-myers-beach,-81.932461,26.446827,3.4751532077789307,7,6.5,False,0.195,low
1c996003-ba20-48da-b8b1-8548c054b4fc,fort-myers-beach,-81.932397,26.447274,5.511676788330078,8,7.5,False,0.225,low
ac02e544-ea79-46d0-89da-3ca85cd3581d,fort-myers-beach,-81.93265,26.447334,,8,7.5,False,0.225,low
93f9da68-72c0-4259-b2ce-f0ed65355a1b,fort-myers-beach,-81.932656,26.446896,3.35732364654541,7,6.5,False,0.195,low
8b086a22-db05-4b86-8731-91657ad7ba9e,fort-myers-beach,-81.931764,26.447067,5.665107727050781,7,6.5,False,0.195,low
b3f327a8-d586-414e-99a6-1b1c34cb4c4e,fort-myers-beach,-81.931941,26.447022,4.139945983886719,7,6.5,False,0.195,low
db076d01-a19e-48c3-8ca9-1106d95e04ae,fort-myers-beach,-81.932003,26.447394,5.691413879394531,8,7.5,False,0.225,low
f8f54ff3-20d2-4354-8a88-4380d60cfbc5,fort-myers-beach,-81.932224,26.447164,3.2132067680358887,7,6.5,False,0.195,low
5b7f6718-0ec9-4e41-8797-13d345f18c3c,fort-myers-beach,-81.932075,26.446624,4.292482852935791,6,5.5,False,0.165,low
dd2ff93f-f9bf-4475-82a6-84ac57359304,fort-myers-beach,-81.932266,26.446722,5.241449356079102,7,6.5,False,0.195,low
6cacf27f-97e1-4694-a400-4975398ddd2d,fort-myers-beach,-81.931806,26.446519,5.79815673828125,6,5.5,False,0.165,low
e104088b-512f-44b2-b5b8-20ee4eddf008,fort-myers-beach,-81.931651,26.446632,5.681416034698486,6,5.5,False,0.165,low
e82be345-1b21-4c63-b18a-28a4cab026f7,fort-myers-beach,-81.931466,26.446769,3.758610725402832,6,5.5,False,0.165,low
522b00b9-57f8-4cf8-aa93-f4a75d0abab1,fort-myers-beach,-81.931297,26.446935,4.759940147399902,7,6.5,False,0.195,low
74005414-7cc6-4f1c-b423-affaf8081863,fort-myers-beach,-81.931368,26.447414,5.853030204772949,6,5.5,False,0.165,low
6041b39c-c717-4547-89f8-0a488e5e5e55,fort-myers-beach,-81.931509,26.447304,4.3264546394348145,6,5.5,False,0.165,low
f8a21b6d-1e44-42c0-a761-d2af4d4fa38d,fort-myers-beach,-81.931647,26.447196,5.704578876495361,6,5.5,False,0.165,low
0f15f87f-e6c5-45bc-8c79-12743f07c333,fort-myers-beach,-81.931261,26.447541,3.044616460800171,7,6.5,False,0.195,low
857fd131-b9fa-4fd7-bed3-b4b7eddf61cc,fort-myers-beach,-81.931115,26.447652,5.8311357498168945,7,6.5,False,0.195,low
53bf2e21-f8b0-4667-b07a-f8de5553b8c6,fort-myers-beach,-81.93074,26.448009,3.4267139434814453,7,6.5,False,0.195,low
fd603fee-2253-42cc-ac45-f5b169b40c45,fort-myers-beach,-81.930839,26.447868,4.454223155975342,7,6.5,False,0.195,low
595e5c2e-47fa-4474-8fc6-7af8f752d16a,fort-myers-beach,-81.930976,26.447756,5.015959739685059,7,6.5,False,0.195,low
3f66e549-d72d-499e-84bb-355be83d5c06,fort-myers-beach,-81.930747,26.447372,,6,5.5,False,0.165,low
ac4d4bcd-3aed-486e-8b1a-ebfdc8d4afd9,fort-myers-beach,-81.930947,26.44722,5.205813407897949,7,6.5,False,0.195,low
0dd7a377-878f-4984-8e79-6558a6ac4557,fort-myers-beach,-81.931123,26.447061,5.42423152923584,7,6.5,False,0.195,low
2a8fdbdf-c35c-4773-880a-242725339165,fort-myers-beach,-81.93108,26.44645,6.339159965515137,7,6.5,False,0.195,low
e7024570-1378-4dca-923a-244379bdbf02,fort-myers-beach,-81.930911,26.446579,5.09547758102417,7,6.5,False,0.195,low
fc2ae6ba-13ce-4f6c-918c-a8fcbb1da63e,fort-myers-beach,-81.930758,26.446768,4.684572219848633,0,0.0,False,0.0,none
ad7916ec-7734-4043-b070-a884cd237637,fort-myers-beach,-81.930786,26.446135,5.48658561706543,7,6.5,False,0.195,low
60a15455-d1d2-41de-8b17-55d2d94095dc,fort-myers-beach,-81.930954,26.44598,4.38358211517334,7,6.5,False,0.195,low
621d0b5c-afd8-4640-965f-661e46c3df10,fort-myers-beach,-81.930964,26.445215,3.7449209690093994,8,7.5,False,0.225,low
7f2fe0d1-9ed2-48a2-bdde-9575fd581cbd,fort-myers-beach,-81.931219,26.445393,3.55403733253479,8,7.5,False,0.225,low
fcdfda11-07f7-48e2-af75-16f4414237d6,fort-myers-beach,-81.931132,26.445841,3.6690211296081543,7,6.5,False,0.195,low
306ba519-7646-41cf-9599-5c097e5e9a28,fort-myers-beach,-81.931248,26.446304,6.031396389007568,6,5.5,False,0.165,low
3c867888-327a-43cb-92be-414ea3ff828b,fort-myers-beach,-81.931422,26.446167,6.054811000823975,7,6.5,False,0.195,low
911a150c-bd29-4784-bdcc-fb99dc1d159c,fort-myers-beach,-81.931742,26.445912,3.7309772968292236,7,6.5,False,0.195,low
d10ab3f8-762c-4147-bf37-ba61f2986748,fort-myers-beach,-81.931589,26.446023,4.2296342849731445,7,6.5,False,0.195,low
718b10d0-e080-46c5-b626-b1a70279c9f3,fort-myers-beach,-81.931568,26.445513,3.2760214805603027,7,6.5,False,0.195,low
352aaf51-9b7a-4e69-89c2-9479d50c4ade,fort-myers-beach,-81.931673,26.445325,3.6557881832122803,7,6.5,False,0.195,low
22695799-7a4b-49c1-af62-3e70658c7a61,fort-myers-beach,-81.931442,26.445239,,7,6.5,False,0.195,low
ff0d3892-4f3d-422c-80b8-8ebbb57907bf,fort-myers-beach,-81.931355,26.445461,3.692410945892334,8,7.5,False,0.225,low
3c1382e4-6c39-4794-81ef-81d56d7a97cf,fort-myers-beach,-81.931314,26.444819,5.047059059143066,8,7.5,False,0.225,low
a59693f2-bc20-48c4-8f01-573a8e3a7d2e,fort-myers-beach,-81.931399,26.444704,,7,6.5,False,0.195,low
d7a0e0d9-b43e-4b49-9343-b218deb7e816,fort-myers-beach,-81.931616,26.445132,3.8825249671936035,7,6.5,False,0.195,low
12a08e31-da4f-4555-947a-eaffe4e342de,fort-myers-beach,-81.931533,26.444636,,7,6.5,False,0.195,low
bfd3b170-8b84-4ff7-a6ba-a3fef837ca73,fort-myers-beach,-81.931637,26.444529,,8,7.5,False,0.225,low
1369a090-cdda-4a6e-be5b-592ef8f057b7,fort-myers-beach,-81.931746,26.44443,,8,7.5,False,0.225,low
3906495b-4f36-451e-ba30-9da0286a43bf,fort-myers-beach,-81.931657,26.444126,,7,6.5,False,0.195,low
9c680904-79c9-4c6d-b71e-47bed6862607,fort-myers-beach,-81.93163,26.444304,,7,6.5,False,0.195,low
370ea46b-4704-464c-9e1c-c691262f3d17,fort-myers-beach,-81.931548,26.444221,,7,6.5,False,0.195,low
a0d89e8b-cac2-4a7f-ab3a-52611edac57c,fort-myers-beach,-81.931472,26.444334,,8,7.5,False,0.225,low
282bcff9-1d2f-4da4-88dd-f65a2fff3d1a,fort-myers-beach,-81.93134,26.444387,,8,7.5,False,0.225,low
40acfc42-3df8-4276-ba41-1e4612f1df60,fort-myers-beach,-81.931042,26.44422,,8,7.5,False,0.225,low
c8dce679-93ba-4175-b117-3ded2e868f2d,fort-myers-beach,-81.931128,26.444609,3.3799822330474854,7,6.5,False,0.195,low
c80a69f4-36dc-492f-8c63-13090e0ccf50,fort-myers-beach,-81.931245,26.444512,,8,7.5,False,0.225,low
90f6a670-6479-4456-b1b4-e0bc48dbfc88,fort-myers-beach,-81.931199,26.444901,3.788395881652832,7,6.5,False,0.195,low
56aa009a-0d8d-4df8-8a06-accfadf37509,fort-myers-beach,-81.931046,26.445007,,7,6.5,False,0.195,low
400e431e-d09e-469e-a79b-b3112f3edd86,fort-myers-beach,-81.931013,26.444713,,7,6.5,False,0.195,low
5fd327bb-d43d-4b8e-8d26-24978363d665,fort-myers-beach,-81.930834,26.445153,3.810847520828247,8,7.5,False,0.225,low
6ff01c64-9f60-443e-a520-69cba344e406,fort-myers-beach,-81.930827,26.444853,3.7584187984466553,7,6.5,False,0.195,low
9cb60070-0e11-44bf-92ec-ecb3ca25547c,fort-myers-beach,-81.930885,26.444335,3.3679606914520264,7,6.5,False,0.195,low
ec9a4fa5-1918-4e73-91b5-5bc224eecf1b,fort-myers-beach,-81.930618,26.444198,4.303465843200684,7,6.5,False,0.195,low
ce388849-06e3-45fb-bccb-1b53206ce21e,fort-myers-beach,-81.930714,26.444464,,8,7.5,False,0.225,low
885d75af-66de-4ba6-a671-f78351600347,fort-myers-beach,-81.930564,26.444588,,7,6.5,False,0.195,low
9b90b5c6-bd8c-4602-b565-dedcd6cea049,fort-myers-beach,-81.930498,26.444264,,7,6.5,False,0.195,low
62bdaad2-f24b-486d-8513-c96583a3e288,fort-myers-beach,-81.930433,26.444317,,7,6.5,False,0.195,low
f56b1f1f-caf3-4385-be5a-6ace69630ebf,fort-myers-beach,-81.930285,26.444449,3.1369946002960205,7,6.5,False,0.195,low
beb60a3e-5b95-4538-8429-f418118cf525,fort-myers-beach,-81.930428,26.444698,3.3000476360321045,6,5.5,False,0.165,low
a27cd8af-70a9-4e65-87ca-832bccdf4cab,french-quarter-nola,-90.074109,29.957779,,99,0.0,False,0.0,none
8b2c4479-640b-4b24-b6d7-1ce3fcd74d47,french-quarter-nola,-90.07467,29.957477,16.101436614990234,99,0.0,False,0.0,none
7d661389-be24-419c-b6d6-0cb12a03b61d,french-quarter-nola,-90.074046,29.956976,,99,0.0,False,0.0,none
d55410ce-bef8-4563-b9ff-e973998bcce9,french-quarter-nola,-90.074436,29.956279,,99,0.0,False,0.0,none
7af1c27b-b110-4438-bd50-e8a9dfdf2276,french-quarter-nola,-90.072114,29.956905,,99,0.0,False,0.0,none
3d537b0f-66f4-4023-b26d-9d1e43ca426e,french-quarter-nola,-90.072559,29.95641,14.494657516479492,99,0.0,False,0.0,none
0fef29cf-f0ac-43e4-b428-67a2fbd3c40b,french-quarter-nola,-90.071336,29.956479,,99,0.0,False,0.0,none
2939514d-11eb-4a0e-b38f-59b7b16cd229,french-quarter-nola,-90.070982,29.956591,,99,0.0,False,0.0,none
3d12846f-05b0-4c92-ae80-a96bfb25db59,french-quarter-nola,-90.070317,29.956452,,99,0.0,False,0.0,none
73bee2d8-6d9d-4bf5-b9df-8b28dfd3f444,french-quarter-nola,-90.070366,29.956299,,99,0.0,False,0.0,none
26b72f65-756c-432f-91fb-420b4226f608,french-quarter-nola,-90.070142,29.956297,,99,0.0,False,0.0,none
2d49be82-a030-4b89-b93d-cd5322165aff,french-quarter-nola,-90.069998,29.956361,,99,0.0,False,0.0,none
9d95bf06-5eee-454c-870b-4d15eba20e63,french-quarter-nola,-90.069926,29.956422,,99,0.0,False,0.0,none
91c7b89a-9cac-461a-8dae-0b7ba092808a,french-quarter-nola,-90.070216,29.956566,,99,0.0,False,0.0,none
a7f3710c-6122-49b3-893b-3d1bc58a6077,french-quarter-nola,-90.070102,29.956481,,99,0.0,False,0.0,none
f2ac4405-3182-4e5c-a22c-bc477b20f5ce,french-quarter-nola,-90.069776,29.956539,,99,0.0,False,0.0,none
8eda30b0-6fb4-4202-9138-4dd35fd84585,french-quarter-nola,-90.069831,29.956626,,99,0.0,False,0.0,none
ea94cb9a-6302-4d5d-a9e0-66194bc75ccd,french-quarter-nola,-90.070051,29.956661,,99,0.0,False,0.0,none
751b53a1-7c66-4122-a444-4aab648f4c2d,french-quarter-nola,-90.070271,29.956611,,99,0.0,False,0.0,none
fa88a3d2-27b4-4d18-a6d2-51a1f1516337,french-quarter-nola,-90.070401,29.956656,,99,0.0,False,0.0,none
d5c5f156-5bc3-4018-9a7e-84c109abcc91,french-quarter-nola,-90.07045,29.956688,,99,0.0,False,0.0,none
d12a31d4-12d5-4058-9ac9-27bae97dff21,french-quarter-nola,-90.070312,29.956565,,99,0.0,False,0.0,none
da516480-904d-496b-ae1d-a5acd614fbff,french-quarter-nola,-90.0704,29.956466,,99,0.0,False,0.0,none
fa745e70-747c-44f7-a4c3-5a3e4a18e07a,french-quarter-nola,-90.07054,29.956554,,99,0.0,False,0.0,none
158d60cd-9082-4d86-b40b-2ae4b839f7c1,french-quarter-nola,-90.070582,29.956774,,99,0.0,False,0.0,none
8bfc853a-d6ad-4213-bf16-1460f3d902f6,french-quarter-nola,-90.070753,29.956755,,99,0.0,False,0.0,none
81aa4ab3-9df5-4fcd-85d9-92ac4e0d8fdf,french-quarter-nola,-90.070416,29.956754,,99,0.0,False,0.0,none
318030a9-f1cd-4616-b597-50d20495f537,french-quarter-nola,-90.070505,29.956724,,99,0.0,False,0.0,none
670576bc-9c20-4c26-bfe3-7f3dc872cd5d,french-quarter-nola,-90.070112,29.956724,14.191853523254395,99,0.0,False,0.0,none
58ff5245-ba6e-459f-b31c-99c638a07bbc,french-quarter-nola,-90.069893,29.956804,,99,0.0,False,0.0,none
87fbd92a-f7e5-4252-86af-167c7cbce8f8,french-quarter-nola,-90.070906,29.956842,,99,0.0,False,0.0,none
869090df-3ce6-4410-8114-b6f679ceae29,french-quarter-nola,-90.070832,29.956797,,99,0.0,False,0.0,none
5ebcec17-f0a8-4585-9e2c-cf508a5c7658,french-quarter-nola,-90.071757,29.957311,7.672909259796143,99,0.0,False,0.0,none
0dfec718-53c7-4969-9705-bf369bcc2c13,french-quarter-nola,-90.070234,29.957318,,99,0.0,False,0.0,none
db61a122-a19a-4914-bad2-8a0478e29837,french-quarter-nola,-90.069776,29.957801,,99,0.0,False,0.0,none
c06d3285-1c8a-4739-b3ec-f6f61626fc45,french-quarter-nola,-90.069866,29.957858,,99,0.0,False,0.0,none
fc2da897-91e8-4d0b-8e24-cfc19ffe12e4,french-quarter-nola,-90.071192,29.957966,15.280067443847656,99,0.0,False,0.0,none
19b54c67-7472-444f-bd1e-a1fa0635a8d9,french-quarter-nola,-90.072391,29.957928,,99,0.0,False,0.0,none
3db69035-c28c-49e1-897d-fe91b66c2cad,french-quarter-nola,-90.073025,29.957233,,99,0.0,False,0.0,none
856664cc-f66d-49ff-b647-df10a25312d0,french-quarter-nola,-90.073231,29.957785,,99,0.0,False,0.0,none
5933354a-4c0d-4920-a5b9-bcacbe11919b,french-quarter-nola,-90.073673,29.958199,13.608325958251953,99,0.0,False,0.0,none
c78a6681-229e-4d23-9450-33cfcaefbbf9,french-quarter-nola,-90.073222,29.958133,,99,0.0,False,0.0,none
afd7b31d-4713-43b5-96fc-ae15fcbf502e,french-quarter-nola,-90.073642,29.958789,,99,0.0,False,0.0,none
ab3fbd76-e214-4131-a7d1-f87b26f893ad,french-quarter-nola,-90.073006,29.958954,,99,0.0,False,0.0,none
37791fc6-9514-4491-a07f-130d83fbd8d5,french-quarter-nola,-90.07314,29.958824,,99,0.0,False,0.0,none
a983d031-2573-4b24-929e-5c059763df3b,french-quarter-nola,-90.073346,29.958593,,99,0.0,False,0.0,none
797f7d4c-01ad-4cb1-b198-17423a1d8fab,french-quarter-nola,-90.072739,29.958565,,99,0.0,False,0.0,none
f84add34-5a3a-4170-aead-fceb66d56d6b,french-quarter-nola,-90.072576,29.958797,,99,0.0,False,0.0,none
fbdf293c-9753-4a79-9628-e1a91c48bb57,french-quarter-nola,-90.072165,29.958354,11.594334602355957,99,0.0,False,0.0,none
2a5c4397-cd89-43cd-95ed-66ae29cd26bf,french-quarter-nola,-90.072854,29.958262,,99,0.0,False,0.0,none
37c634a2-2e3a-49fa-844e-277cae431a6c,french-quarter-nola,-90.07281,29.958096,,99,0.0,False,0.0,none
b46a0b2d-f9c8-45ff-960a-1d8a1bef0f75,french-quarter-nola,-90.070143,29.958112,9.238729476928711,99,0.0,False,0.0,none
dbaf2cfa-c0c6-49c8-aff0-74b42ad0cd03,french-quarter-nola,-90.070714,29.958482,,99,0.0,False,0.0,none
951817d9-95d2-490a-9df5-4f87f2f158da,french-quarter-nola,-90.070598,29.958609,,99,0.0,False,0.0,none
a74fdff3-de8f-4a8b-8f72-276444ee628a,french-quarter-nola,-90.070495,29.9587,,99,0.0,False,0.0,none
9e955288-b74e-4bb4-8e8f-edcb11ed3b3a,french-quarter-nola,-90.070364,29.958903,6.857169151306152,99,0.0,False,0.0,none
85554082-efb9-45d7-a798-2af537f65e50,french-quarter-nola,-90.071308,29.958949,,99,0.0,False,0.0,none
b1548618-dd6b-41e8-a919-013eb921853b,french-quarter-nola,-90.071662,29.958586,7.75157356262207,99,0.0,False,0.0,none
9b85ff43-d764-4e8d-9b1a-cf941415b898,french-quarter-nola,-90.071685,29.959146,,99,0.0,False,0.0,none
95f63636-2f5a-4217-aee6-ff80e518f25e,french-quarter-nola,-90.071794,29.959253,,99,0.0,False,0.0,none
b47a8388-1c88-4b26-b85d-2501690c3433,french-quarter-nola,-90.071628,29.959214,,99,0.0,False,0.0,none
df6dcf56-8ed7-4b43-86b5-85870540301d,french-quarter-nola,-90.0717,29.95937,,99,0.0,False,0.0,none
627caada-e356-4149-b991-46e2b3d8c3df,french-quarter-nola,-90.069842,29.959426,7.990675926208496,99,0.0,False,0.0,none
2d5ab84d-1706-4c9b-93d1-29c067ed4af8,french-quarter-nola,-90.07076,29.959758,11.223828315734863,99,0.0,False,0.0,none
d7c8dd84-04d9-4fca-8a4c-8a94b485aad3,french-quarter-nola,-90.071896,29.959516,,99,0.0,False,0.0,none
b21f2f63-1ea9-4c6b-a70d-62a7180ef60c,french-quarter-nola,-90.072822,29.959042,,99,0.0,False,0.0,none
8063b9ac-7b39-4d16-86e5-942e922b38c6,french-quarter-nola,-90.072732,29.959421,15.053888320922852,99,0.0,False,0.0,none
f99309af-c03a-42c7-b10e-ab564feb6351,french-quarter-nola,-90.073354,29.959381,,99,0.0,False,0.0,none
e28bab30-836b-4893-a9e7-b609000162f9,french-quarter-nola,-90.073439,29.959028,,99,0.0,False,0.0,none
24af69a1-3432-4baa-9040-c2900ad90290,french-quarter-nola,-90.073607,29.959555,8.997893333435059,99,0.0,False,0.0,none
3d6318ff-e207-439d-952d-1b31e561bfe8,french-quarter-nola,-90.073019,29.95967,,99,0.0,False,0.0,none
cd196c41-f556-4426-a32c-2de07b62ec38,french-quarter-nola,-90.074146,29.959767,,99,0.0,False,0.0,none
8861840c-af8e-4cae-9d83-667fabbbdd9a,french-quarter-nola,-90.074035,29.959525,,99,0.0,False,0.0,none
1d1d1425-b8ab-44f2-aca1-1a68ac61ac50,french-quarter-nola,-90.074271,29.959602,8.659415245056152,99,0.0,False,0.0,none
0e4037c3-8969-40b8-94de-d5342977eda8,french-quarter-nola,-90.074969,29.959489,,99,0.0,False,0.0,none
a47752f4-14bc-425f-b65f-1821d657e2cc,french-quarter-nola,-90.075163,29.959819,,99,0.0,False,0.0,none
6434f9bc-5df9-4bfc-ba77-44ecbb43e205,french-quarter-nola,-90.075068,29.959331,,99,0.0,False,0.0,none
e56a6ace-94dc-4209-9a83-883a9c4bccbd,french-quarter-nola,-90.074804,29.959138,,99,0.0,False,0.0,none
328e830e-d432-4c03-83e7-e80fc8552339,french-quarter-nola,-90.074624,29.959276,,99,0.0,False,0.0,none
4f9f2169-500e-4a7f-9c9b-23c50a1d6d8e,french-quarter-nola,-90.074476,29.959375,,99,0.0,False,0.0,none
2fe13884-9568-4427-b5ab-abd1fc028bb7,french-quarter-nola,-90.073983,29.95939,,99,0.0,False,0.0,none
08f890a6-5203-4498-b16b-1072df9d1245,french-quarter-nola,-90.074174,29.95917,,99,0.0,False,0.0,none
bf7f4fd9-9b98-45e2-b0f3-f1a90896b0e0,french-quarter-nola,-90.074195,29.958878,8.74933910369873,99,0.0,False,0.0,none
ea9be307-e806-4fbe-b4d5-dc02f6a190f7,french-quarter-nola,-90.074908,29.95886,,99,0.0,False,0.0,none
08bd9a11-8a80-4a4c-a2ef-9f556b16ff75,french-quarter-nola,-90.074509,29.958637,7.570425987243652,99,0.0,False,0.0,none
33bdb39e-66e9-4438-a586-2abfb8c7a633,french-quarter-nola,-90.073958,29.958716,8.180304527282715,99,0.0,False,0.0,none
1b688bb9-b53d-44a5-85ca-7c0b215a3467,french-quarter-nola,-90.074136,29.958393,7.348263263702393,99,0.0,False,0.0,none
ad9be5e7-68a6-4c03-bf17-969aed9e846e,french-quarter-nola,-90.073952,29.961137,5.650927543640137,99,0.0,False,0.0,none
f6ecdb62-4d21-4281-a2ea-f4aa8bfc3962,french-quarter-nola,-90.074325,29.960555,,99,0.0,False,0.0,none
61c1eea2-b152-484c-8faf-997e11a66660,french-quarter-nola,-90.074942,29.960376,,99,0.0,False,0.0,none
e819667c-1ff3-42ca-810c-de05dd0d65f6,french-quarter-nola,-90.074518,29.960685,,99,0.0,False,0.0,none
ae2db947-54d1-4c22-8354-9b6eef2b72bc,french-quarter-nola,-90.074954,29.960053,,99,0.0,False,0.0,none
d1a610d2-5359-417b-8f27-7349ce1acea2,french-quarter-nola,-90.074338,29.960162,9.281042098999023,99,0.0,False,0.0,none
efd77a4a-3e58-48b3-91ee-68a59dd215bf,french-quarter-nola,-90.073936,29.960102,8.330891609191895,99,0.0,False,0.0,none
dec175a6-2151-40f6-a6d1-5adf8f5a15ef,french-quarter-nola,-90.073441,29.959959,10.455610275268555,99,0.0,False,0.0,none
2a550d16-d58b-4a1c-86af-a4c5480ca342,french-quarter-nola,-90.073363,29.9603,10.32066822052002,99,0.0,False,0.0,none
9abcb61c-1f43-4adf-bb8a-ad082ac82f23,french-quarter-nola,-90.073606,29.960446,,99,0.0,False,0.0,none
f5ca4514-a294-4b20-9cfe-8e161489dd80,french-quarter-nola,-90.073483,29.960629,,99,0.0,False,0.0,none
7adb4fa1-4d08-4bfc-9b10-02837c3f0961,french-quarter-nola,-90.072989,29.960604,,99,0.0,False,0.0,none
e1822628-d23d-409c-b9bc-33822719d6dc,french-quarter-nola,-90.073082,29.960501,,99,0.0,False,0.0,none
0919364e-1d1b-4c4a-b1ea-5f4c45f1379a,french-quarter-nola,-90.072893,29.960711,,99,0.0,False,0.0,none
ad23f5b1-0bfc-44fc-895e-00499bf033d6,french-quarter-nola,-90.072238,29.959933,5.6566691398620605,99,0.0,False,0.0,none
1d157e37-4702-4e4c-9afa-e2de68f555d8,french-quarter-nola,-90.072467,29.9614,,99,0.0,False,0.0,none
f5b842e4-5d9f-43ad-86e7-ce3a9d7df721,french-quarter-nola,-90.072822,29.961295,,99,0.0,False,0.0,none
1740a5d8-632f-4a94-b295-b8d0877607ed,french-quarter-nola,-90.072561,29.961036,10.183609962463379,99,0.0,False,0.0,none
b6e410a8-157e-4ae4-9c1f-059f1d78f759,french-quarter-nola,-90.073408,29.96112,3.1600000858306885,99,0.0,False,0.0,none
d8292a6a-17c8-4ccf-8e75-d1c9bd56fec8,french-quarter-nola,-90.073079,29.96087,,99,0.0,False,0.0,none
c93649ca-00ab-425f-ab59-3cccb9bbded4,french-quarter-nola,-90.073331,29.9608,,99,0.0,False,0.0,none
5914bcde-d355-48f2-960f-119988264995,french-quarter-nola,-90.073863,29.961446,4.284968852996826,99,0.0,False,0.0,none
d7159050-9ee8-4598-bf1e-8d14976657fd,french-quarter-nola,-90.07395,29.961822,,99,0.0,False,0.0,none
9348776d-3e68-410b-a504-558a50cc5014,french-quarter-nola,-90.073471,29.96173,,99,0.0,False,0.0,none
9c3f5d16-95b6-42f4-a24f-e2528773b0c4,french-quarter-nola,-90.073276,29.961761,,99,0.0,False,0.0,none
2cff9e68-442e-49dd-8404-a165396db581,french-quarter-nola,-90.072186,29.962576,,99,0.0,False,0.0,none
622343d8-0e82-4c96-8bb8-98dc69dbd31a,french-quarter-nola,-90.071978,29.962524,,99,0.0,False,0.0,none
1d9f1360-4b86-42d8-85c1-240387934074,french-quarter-nola,-90.071384,29.962073,,99,0.0,False,0.0,none
e38f42a5-79e0-4d0c-acb8-024d17c3e1a7,french-quarter-nola,-90.069873,29.962339,,99,0.0,False,0.0,none
80624d65-2033-43cd-9f38-11fbf7561e1c,french-quarter-nola,-90.071593,29.962201,,99,0.0,False,0.0,none
2fbd88d7-fdc3-4c05-8fc3-5dfb216b64e3,french-quarter-nola,-90.071842,29.962354,,99,0.0,False,0.0,none
eab7c609-171d-4768-bbf1-caec47c79291,french-quarter-nola,-90.071464,29.962703,,99,0.0,False,0.0,none
dfee7b56-7fab-4a34-b540-61a0c9d202cc,french-quarter-nola,-90.070059,29.962662,10.319095611572266,99,0.0,False,0.0,none
9bbe6abf-4a62-4d31-a06b-b2c4d8431e8b,french-quarter-nola,-90.071412,29.963428,,99,0.0,False,0.0,none
a550f0f9-f258-435e-b842-ebeda02f21f6,french-quarter-nola,-90.071613,29.963536,8.011463165283203,99,0.0,False,0.0,none
7550de15-0590-4b2d-ab4f-639751b530b0,french-quarter-nola,-90.072311,29.96332,8.58853816986084,99,0.0,False,0.0,none
9517267d-b41d-44ad-b312-b7f54fa1c92e,french-quarter-nola,-90.071924,29.963093,4.625477313995361,99,0.0,False,0.0,none
c6b511a4-9c30-4bba-8d2e-9f38c38d7801,french-quarter-nola,-90.072325,29.962641,,99,0.0,False,0.0,none
04007d5d-eaa1-4b83-b8a0-c4b178035aff,french-quarter-nola,-90.072371,29.96273,,99,0.0,False,0.0,none
ed45f18d-3f1d-4e21-9f8b-abe0a9020aad,french-quarter-nola,-90.07231,29.962819,,99,0.0,False,0.0,none
a4ec5168-7a3d-4853-a64d-89100d966a8f,french-quarter-nola,-90.072618,29.962714,,99,0.0,False,0.0,none
bb87feb1-2bec-44da-962b-ef1ae1e14d22,french-quarter-nola,-90.072653,29.962866,,99,0.0,False,0.0,none
d51f8694-00dd-48d7-b287-e47961fe2638,french-quarter-nola,-90.073063,29.963105,6.0725321769714355,99,0.0,False,0.0,none
dd311fcc-88c1-480b-bfe2-5b1a4dfe204f,french-quarter-nola,-90.074134,29.962645,,99,0.0,False,0.0,none
97512027-3194-4c9b-adbe-0d656c05d5fe,french-quarter-nola,-90.07451,29.962208,,99,0.0,False,0.0,none
3b47ff30-66dd-4d3e-8c5c-5540cc9b52a2,french-quarter-nola,-90.07446,29.962302,,99,0.0,False,0.0,none
63b0b383-8fd7-43d6-8f8b-554c293d0aaa,french-quarter-nola,-90.074047,29.962331,,99,0.0,False,0.0,none
23ff26f6-ea85-4529-9f7c-0f482512e1d2,french-quarter-nola,-90.074131,29.962227,,99,0.0,False,0.0,none
d4243474-cdf8-45bc-9acb-0bc7ffcdc2c4,french-quarter-nola,-90.074061,29.962157,,99,0.0,False,0.0,none
94a98037-1a11-42c1-9915-5f675aefeb06,french-quarter-nola,-90.074419,29.962123,,99,0.0,False,0.0,none
e1e5da00-3ef2-4b2b-86a8-b827b0d3db15,french-quarter-nola,-90.074296,29.962038,,99,0.0,False,0.0,none
f437b5be-4b7a-48d7-8aaf-3a6b2e8fe95d,french-quarter-nola,-90.074207,29.961987,,99,0.0,False,0.0,none
e9c0707c-bbd6-4f40-82a1-b2b9a6ad074c,french-quarter-nola,-90.074118,29.961931,,99,0.0,False,0.0,none
278198a4-4ae7-4c07-ba2b-45c178c7d700,french-quarter-nola,-90.074039,29.961882,,99,0.0,False,0.0,none
200ad9d2-6275-4089-b3b0-8355375739d8,french-quarter-nola,-90.075058,29.967452,,99,0.0,False,0.0,none
304c554b-a2b7-4da0-921f-797fb2dbb43e,french-quarter-nola,-90.075041,29.967234,3.5859787464141846,99,0.0,False,0.0,none
58163212-b169-441f-935e-877d7a653aaa,french-quarter-nola,-90.074909,29.96735,,99,0.0,False,0.0,none
e5519837-00ff-403a-b502-b8b349220883,french-quarter-nola,-90.07468,29.967213,3.2378153800964355,99,0.0,False,0.0,none
32098d3d-916a-4eff-8d13-eeb45d02338d,french-quarter-nola,-90.074192,29.967296,,99,0.0,False,0.0,none
b52e593e-c107-4bc5-9b9f-443a00324a20,french-quarter-nola,-90.074234,29.967398,,99,0.0,False,0.0,none
2d238e8a-e9dd-4285-883a-4b6b78ab1821,french-quarter-nola,-90.074333,29.967407,2.1300675868988037,99,0.0,False,0.0,none
b7e42f71-4cf9-4aea-967b-efe93f210f56,french-quarter-nola,-90.074442,29.967496,,99,0.0,False,0.0,none
4c67d10c-b355-4d77-8857-4e3461073116,french-quarter-nola,-90.074063,29.96756,,99,0.0,False,0.0,none
6aa8fb59-d932-4c91-b090-8cea3999a089,french-quarter-nola,-90.074262,29.967659,,99,0.0,False,0.0,none
d4be6be1-e957-4715-9a50-4685c313a324,french-quarter-nola,-90.074296,29.967582,,99,0.0,False,0.0,none
0ff31080-af42-424c-b055-b82ab401adbc,french-quarter-nola,-90.074676,29.967612,2.0455360412597656,99,0.0,False,0.0,none
345020d1-b5f8-4558-81e9-4fd9ee89c240,french-quarter-nola,-90.074984,29.967432,,99,0.0,False,0.0,none
7137c7cc-c909-471e-bbbd-20c079175908,french-quarter-nola,-90.074847,29.967658,,99,0.0,False,0.0,none
b7ce5d86-5691-4a37-83e7-3872b1e7adb6,french-quarter-nola,-90.074965,29.967839,,99,0.0,False,0.0,none
543e5e16-a248-483a-a667-5c1ad0d29ca8,french-quarter-nola,-90.074877,29.967806,,99,0.0,False,0.0,none
9469f5ac-cfff-41d1-a600-41958d79b3bf,french-quarter-nola,-90.074564,29.96783,2.0837581157684326,99,0.0,False,0.0,none
1ceb00f6-834e-4a88-b81a-f4338a89929e,french-quarter-nola,-90.074624,29.967763,,99,0.0,False,0.0,none
867e22e0-d00e-4df0-836f-bd67801b5db3,french-quarter-nola,-90.074183,29.967701,,99,0.0,False,0.0,none
6e4c1deb-9412-4dd9-88dc-bcd830d1833c,french-quarter-nola,-90.074069,29.967722,,99,0.0,False,0.0,none
fdcf3547-7538-49c2-8a7c-b3e2c222e621,french-quarter-nola,-90.074036,29.967809,3.0696702003479004,99,0.0,False,0.0,none
40ea7227-0625-4695-846e-0799ba869040,french-quarter-nola,-90.074021,29.967905,,99,0.0,False,0.0,none
cac875a9-0909-4131-a0c7-1cdd73385fe7,french-quarter-nola,-90.074294,29.968074,,99,0.0,False,0.0,none
226be859-e0d7-42b5-b60c-01263171a244,french-quarter-nola,-90.074377,29.968023,,99,0.0,False,0.0,none
449c0e3b-276c-4fe5-b666-1f10453c3547,french-quarter-nola,-90.074497,29.96801,2.6121480464935303,99,0.0,False,0.0,none
1f9f1b1c-2134-418a-8488-f2ea9c4fefef,french-quarter-nola,-90.074547,29.967926,,99,0.0,False,0.0,none
cc40cdc6-fef9-411e-b4bb-6898d540fb8a,french-quarter-nola,-90.075044,29.96789,,99,0.0,False,0.0,none
efdd0404-09c3-488a-b0e6-d7ee197e9f23,french-quarter-nola,-90.075018,29.968397,3.5892131328582764,99,0.0,False,0.0,none
4d72242b-f26e-454e-879e-a227115ed0d9,french-quarter-nola,-90.075104,29.968249,,99,0.0,False,0.0,none
0ad23b9a-cae3-40bd-ab1a-07b6a68d2c60,french-quarter-nola,-90.074927,29.968117,,99,0.0,False,0.0,none
4746c271-15fc-4d22-98d3-efdf2fb273ed,french-quarter-nola,-90.074888,29.968206,,99,0.0,False,0.0,none
090d95e3-d2dd-4719-8b41-079461876930,french-quarter-nola,-90.074619,29.968216,3.5498366355895996,99,0.0,False,0.0,none
22ca4c49-ea6f-41bb-9d99-de7ce8016669,french-quarter-nola,-90.074231,29.968127,,99,0.0,False,0.0,none
e362355d-825e-41e0-b52c-60d9f37de6c2,french-quarter-nola,-90.074098,29.968246,5.190169811248779,99,0.0,False,0.0,none
688faf3c-e346-4ecb-a326-6204239e21ce,french-quarter-nola,-90.074209,29.96828,,99,0.0,False,0.0,none
2b455b23-3029-4cec-a9fd-b525036ccd54,french-quarter-nola,-90.07426,29.96833,,99,0.0,False,0.0,none
df28ac6d-ae91-4d0b-b63f-51ed8d7e8261,french-quarter-nola,-90.074436,29.968273,,99,0.0,False,0.0,none
ee177301-272f-4df3-b1a7-8141df10db0b,french-quarter-nola,-90.074442,29.968387,,99,0.0,False,0.0,none
262fb3fc-7691-4f72-a8c2-427666506c92,french-quarter-nola,-90.074326,29.968365,,99,0.0,False,0.0,none
559a39a5-0f0e-48ef-9fcd-8f9597291b1f,french-quarter-nola,-90.073967,29.968464,,99,0.0,False,0.0,none
1e999b47-514a-485f-abc8-f8f55803750e,french-quarter-nola,-90.074063,29.968526,,99,0.0,False,0.0,none
6f873fea-044f-48b7-bcf6-68a8030da8ac,french-quarter-nola,-90.074649,29.968558,4.464285850524902,99,0.0,False,0.0,none
91b2e8a3-90cf-4d53-8791-8d9c15121465,french-quarter-nola,-90.074582,29.968485,4.641047954559326,99,0.0,False,0.0,none
59e06aac-9b0c-4b09-be9a-e5e6765b389f,french-quarter-nola,-90.074487,29.968457,,99,0.0,False,0.0,none
8ce15473-f0a5-41e5-8d90-6c5529db197c,french-quarter-nola,-90.074917,29.968452,,99,0.0,False,0.0,none
ade18d2a-5e72-4977-9b2d-914f63b57cef,french-quarter-nola,-90.074919,29.968569,2.476635456085205,99,0.0,False,0.0,none
7e9eb61f-a904-49df-a989-84b31b1f2466,french-quarter-nola,-90.074782,29.968697,2.6724042892456055,99,0.0,False,0.0,none
dc9cd82f-4c05-4f68-ba64-b24c314dd8df,french-quarter-nola,-90.074729,29.968609,3.3390557765960693,99,0.0,False,0.0,none
33754942-c6cb-4720-9d26-1474f725f776,french-quarter-nola,-90.074059,29.968632,,99,0.0,False,0.0,none
d8371015-ce60-4875-afd8-78cd79cebe6f,french-quarter-nola,-90.074147,29.968696,,99,0.0,False,0.0,none
193c5b57-6910-4847-9d39-68e08d410d58,french-quarter-nola,-90.074062,29.968732,,99,0.0,False,0.0,none
63d690ed-001d-42f3-9940-b81d403c7bb2,french-quarter-nola,-90.073982,29.968782,,99,0.0,False,0.0,none
2fd91a31-d714-42b6-9fee-663aaf78fe51,french-quarter-nola,-90.074306,29.968798,3.072165012359619,99,0.0,False,0.0,none
96a4073f-673d-4690-a84b-5de84cea2ef9,french-quarter-nola,-90.074231,29.968713,,99,0.0,False,0.0,none
af292a2e-ca08-4c92-89a1-f21d6ca5c16a,french-quarter-nola,-90.074424,29.968863,4.624813079833984,99,0.0,False,0.0,none
95f7c11e-3b0e-444c-bd3c-5bc4528b1eb5,french-quarter-nola,-90.074029,29.968841,,99,0.0,False,0.0,none
9d5b6730-ff4c-4ad7-9a9c-678899964dce,french-quarter-nola,-90.073991,29.96889,,99,0.0,False,0.0,none
4e2e5b60-8886-4709-9282-ffc75225d73e,french-quarter-nola,-90.074094,29.968901,,99,0.0,False,0.0,none
28ff2e68-616c-4286-bbb7-841fba8f33e4,french-quarter-nola,-90.074109,29.968984,,99,0.0,False,0.0,none
9061d792-b005-413a-ab68-51906dbacd3a,french-quarter-nola,-90.074575,29.968924,3.567704916000366,99,0.0,False,0.0,none
5458c836-81f3-49e2-a36d-852a994a4cb5,french-quarter-nola,-90.075019,29.970028,,99,0.0,False,0.0,none
62533f50-84f1-4595-a77e-b3a19a83902d,french-quarter-nola,-90.074766,29.969579,10.54866886138916,99,0.0,False,0.0,none
f90c88ed-3fcf-47cb-9b66-881d927f9bd2,french-quarter-nola,-90.074488,29.969048,,99,0.0,False,0.0,none
eaaf457d-6e11-449f-ae6d-a9911ca66fa5,french-quarter-nola,-90.074484,29.969101,,99,0.0,False,0.0,none
1caf8573-e973-4247-b069-1907f10a5376,french-quarter-nola,-90.074829,29.969148,3.6577086448669434,99,0.0,False,0.0,none
a68e76ee-b5a7-47fc-928c-12cf6f48c6d0,french-quarter-nola,-90.074167,29.969399,5.51413106918335,99,0.0,False,0.0,none
b1df6c5b-54b0-4c61-98b5-cbf9446d1adb,french-quarter-nola,-90.074078,29.969326,,99,0.0,False,0.0,none
b5be75e2-fa31-4049-ab58-c3eed9d13c0e,french-quarter-nola,-90.074034,29.969232,,99,0.0,False,0.0,none
369a3d93-0f54-4b56-bce5-c422d7253ea7,french-quarter-nola,-90.074285,29.969246,5.909981727600098,99,0.0,False,0.0,none
3792f05b-da1f-4c1c-b896-5fa53247b2a3,french-quarter-nola,-90.074391,29.969159,,99,0.0,False,0.0,none
64f9621a-dbcc-4a86-9032-c412c12a89f9,french-quarter-nola,-90.074291,29.969042,,99,0.0,False,0.0,none
1c2cbfc8-5e99-4e7f-ab17-4189d0e3b0fb,french-quarter-nola,-90.073736,29.969115,6.354737758636475,99,0.0,False,0.0,none
08224cc9-0f3f-47f7-b180-4c93ec2f9cdf,french-quarter-nola,-90.073651,29.969041,6.9296345710754395,99,0.0,False,0.0,none
e7e67b2d-506b-4b5d-ba21-f2eb6de4b27f,french-quarter-nola,-90.073846,29.969158,5.216233253479004,99,0.0,False,0.0,none
02ef22d5-e8f4-4649-a487-17ef942be660,french-quarter-nola,-90.073932,29.969216,,99,0.0,False,0.0,none
7bfb0f3e-2d84-44b6-a0d5-7387aba404fe,french-quarter-nola,-90.073237,29.969401,,99,0.0,False,0.0,none
9be84930-e812-4ff6-a12a-4cf1ffe5885f,french-quarter-nola,-90.073149,29.969343,,99,0.0,False,0.0,none
25d726c0-c4d7-40ab-9b18-e6694a4e2141,french-quarter-nola,-90.072703,29.969146,4.40140438079834,99,0.0,False,0.0,none
868a3113-54da-48b5-9015-6249e4c2a888,french-quarter-nola,-90.072068,29.969033,4.329305171966553,99,0.0,False,0.0,none
877d7c61-1754-4418-9504-e7815662730c,french-quarter-nola,-90.072007,29.969107,5.304173946380615,99,0.0,False,0.0,none
b68320be-46a5-4af9-b03f-d9b20978aa08,french-quarter-nola,-90.071951,29.96917,5.152853012084961,99,0.0,False,0.0,none
e4b89077-1ee0-4b12-8410-f1d3a3e380f3,french-quarter-nola,-90.071904,29.969242,,99,0.0,False,0.0,none
40c34222-7087-427b-b206-f9df46a58c42,french-quarter-nola,-90.072295,29.969147,,99,0.0,False,0.0,none
00c2a6c1-c854-4200-9c41-a4c9a5a53b7d,french-quarter-nola,-90.072199,29.969363,2.50569486618042,99,0.0,False,0.0,none
00f1ee3d-8416-441f-af30-82e5ae6c539c,french-quarter-nola,-90.072055,29.969256,,99,0.0,False,0.0,none
4c3fce33-bcea-4166-820a-b67872e0281d,french-quarter-nola,-90.072104,29.969318,3.3138926029205322,99,0.0,False,0.0,none
8b120d3e-30a4-4fbd-a1de-942f5d72651c,french-quarter-nola,-90.072597,29.969478,3.8189029693603516,99,0.0,False,0.0,none
045a589d-ec6a-4f58-b1e5-46ec60522aeb,french-quarter-nola,-90.072675,29.969413,3.777777671813965,99,0.0,False,0.0,none
a011fd41-194c-465f-91ad-bcadcdccb394,french-quarter-nola,-90.072866,29.969686,3.6975691318511963,99,0.0,False,0.0,none
184c9384-3731-4cfb-85fd-b545e44b6e4b,french-quarter-nola,-90.072463,29.969612,3.582359552383423,99,0.0,False,0.0,none
3542756c-d4f6-4c28-aae6-bc5c906cab3c,french-quarter-nola,-90.072519,29.969532,3.7245490550994873,99,0.0,False,0.0,none
4ec44d9d-4dd8-4a95-9077-da0348971dc2,french-quarter-nola,-90.071926,29.969577,,99,0.0,False,0.0,none
9636b3d7-99b7-4183-806a-4f9b09c5867f,french-quarter-nola,-90.071968,29.969612,,99,0.0,False,0.0,none
afa66b17-5d04-40be-8de4-4caa619743c7,french-quarter-nola,-90.071963,29.969717,,99,0.0,False,0.0,none
a42c95d5-e1d9-4062-88c6-f13410fb52d2,french-quarter-nola,-90.07219,29.969745,,99,0.0,False,0.0,none
a75d4813-fb7f-45ba-8e16-b593dab9ee70,french-quarter-nola,-90.072077,29.969728,,99,0.0,False,0.0,none
05ab59d0-cacb-4fff-bd8f-ba5b57635d57,french-quarter-nola,-90.071892,29.969824,,99,0.0,False,0.0,none
9c431393-6b18-4f9e-aecb-9060424c4ca1,french-quarter-nola,-90.072068,29.969885,,99,0.0,False,0.0,none
66f59d73-5564-429f-a5fa-d315a646d466,french-quarter-nola,-90.071925,29.969867,,99,0.0,False,0.0,none
e315a828-79f8-431a-9b71-5fb25402dda8,french-quarter-nola,-90.072223,29.969866,,99,0.0,False,0.0,none
e2e231d9-9b97-4e08-b560-c1a22180ae91,french-quarter-nola,-90.072302,29.969903,3.800464153289795,99,0.0,False,0.0,none
a1d7eac9-a392-4cd3-89cb-7f7f4acb0d20,french-quarter-nola,-90.072825,29.969823,3.557692289352417,99,0.0,False,0.0,none
8256e8fa-078b-4d6d-91b1-622119d1fac1,french-quarter-nola,-90.073257,29.969881,,99,0.0,False,0.0,none
bc35e63b-a726-4caf-b2ea-d826bcf771df,french-quarter-nola,-90.073396,29.969827,,99,0.0,False,0.0,none
f481e387-cf89-41ec-9881-20db7f0fab3f,french-quarter-nola,-90.073078,29.969789,2.9718692302703857,99,0.0,False,0.0,none
5403ec6d-5276-44c3-bded-8753debee77d,french-quarter-nola,-90.072925,29.969624,,99,0.0,False,0.0,none
b87d26c8-a3b0-4edc-a018-84120aca5f7b,french-quarter-nola,-90.073049,29.969596,,99,0.0,False,0.0,none
e8511886-d00f-430c-bc29-c5c7daa12970,french-quarter-nola,-90.073247,29.969504,,99,0.0,False,0.0,none
d6950567-b325-4876-bffe-d0a0b68f2a50,french-quarter-nola,-90.073385,29.969478,,99,0.0,False,0.0,none
ebe9e212-e2b1-422a-b46d-8a8d43053622,french-quarter-nola,-90.07368,29.969684,4.92517614364624,99,0.0,False,0.0,none
aecc4a28-2fc2-496d-bba2-cd255fd36cbc,french-quarter-nola,-90.073525,29.969654,,99,0.0,False,0.0,none
f438521f-1cc0-41a4-b3fc-ffea8598cac5,french-quarter-nola,-90.073452,29.969553,,99,0.0,False,0.0,none
e7d97398-3737-4c09-8d7e-173c7f85feb5,french-quarter-nola,-90.073809,29.96979,6.85637092590332,99,0.0,False,0.0,none
3665e29f-c17a-41d0-a657-f49246179592,french-quarter-nola,-90.073474,29.970069,,99,0.0,False,0.0,none
5c8b2521-3a84-45c2-bb9f-acfc46fba670,french-quarter-nola,-90.073543,29.970004,3.1699507236480713,99,0.0,False,0.0,none
8392cef3-5dae-49ca-920c-621c78e9138b,french-quarter-nola,-90.073637,29.96996,3.34272837638855,99,0.0,False,0.0,none
c7406c21-7340-4f79-a57d-64a48ff23cd2,french-quarter-nola,-90.073153,29.969996,3.3138961791992188,99,0.0,False,0.0,none
6a8bc131-2250-4050-bff9-40c8da5f564f,french-quarter-nola,-90.073053,29.969949,,99,0.0,False,0.0,none
9c046496-29d2-4015-b1cd-c5232f7481b7,french-quarter-nola,-90.073225,29.970069,2.296072483062744,99,0.0,False,0.0,none
294b7c4e-3cbc-4aee-b039-dacaffa8190a,french-quarter-nola,-90.072569,29.96998,3.4993488788604736,99,0.0,False,0.0,none
9b80fc66-cc7d-450f-a109-fa8fce3f01a6,french-quarter-nola,-90.072057,29.970053,,99,0.0,False,0.0,none
ebfc8995-0a54-4df5-b974-9e8405e4dc56,french-quarter-nola,-90.072086,29.969975,,99,0.0,False,0.0,none
8ebaf161-06c8-45b8-9f05-dcaba8303e0e,french-quarter-nola,-90.071493,29.969985,5.104457378387451,99,0.0,False,0.0,none
b38eb018-cee0-4023-811b-6112d3d7f8af,french-quarter-nola,-90.07047,29.969729,,99,0.0,False,0.0,none
3716f794-02a2-437f-93a1-23c5a75634ef,french-quarter-nola,-90.071276,29.969851,5.160919666290283,99,0.0,False,0.0,none
da7b638c-f2b7-4205-ad5c-d04d0d3651d8,french-quarter-nola,-90.071362,29.969935,5.59123420715332,99,0.0,False,0.0,none
7957f643-a6ee-4141-8344-49a1b9061c7e,french-quarter-nola,-90.071477,29.969855,,99,0.0,False,0.0,none
d8402153-644a-4f46-b6a1-92013da3093f,french-quarter-nola,-90.071708,29.969885,,99,0.0,False,0.0,none
3113a72f-648d-4877-9fd1-0789f0f68f37,french-quarter-nola,-90.071819,29.969793,,99,0.0,False,0.0,none
27a452fa-c721-44f8-84d8-280db11248b3,french-quarter-nola,-90.071472,29.969723,4.024409770965576,99,0.0,False,0.0,none
98bee5d7-86c7-4fe6-8a79-dec5ceb9ecc9,french-quarter-nola,-90.071527,29.969667,,99,0.0,False,0.0,none
cdd3506a-dfea-459a-8d7e-2ce98db01345,french-quarter-nola,-90.07183,29.969709,,99,0.0,False,0.0,none
f82697b9-955f-48a2-b4ba-ca3dbb0af23c,french-quarter-nola,-90.071621,29.969567,,99,0.0,False,0.0,none
c3c222b1-9ee0-474d-80f7-51864525ee0f,french-quarter-nola,-90.071854,29.969503,3.6020162105560303,99,0.0,False,0.0,none
afb29856-b102-4619-b7ae-e5e7784d48eb,french-quarter-nola,-90.071126,29.969596,,99,0.0,False,0.0,none
41d3c87a-0390-4080-9eee-8b0a3288fe01,french-quarter-nola,-90.071005,29.969485,6.093501091003418,99,0.0,False,0.0,none
6ce758fe-5d13-4b71-a5b9-32e5c07411ad,french-quarter-nola,-90.071243,29.969395,,99,0.0,False,0.0,none
943448fd-c394-4bda-9a79-f151fae98a65,french-quarter-nola,-90.071335,29.96944,4.42391300201416,99,0.0,False,0.0,none
e0571c01-d285-4528-9f2e-21ea466a2704,french-quarter-nola,-90.071701,29.969434,3.758333444595337,99,0.0,False,0.0,none
1fccd389-5266-4700-b4e4-dcac45e36b3c,french-quarter-nola,-90.071428,29.969285,4.126923084259033,99,0.0,False,0.0,none
547db341-3079-4260-943d-cd0ccf509449,french-quarter-nola,-90.071667,29.969069,3.2814929485321045,99,0.0,False,0.0,none
8c34a360-567a-458c-87b5-8f64db8527ba,french-quarter-nola,-90.071082,29.969043,,99,0.0,False,0.0,none
17d3a57d-7fd5-4197-9912-4af80e1a42d4,french-quarter-nola,-90.07115,29.969089,,99,0.0,False,0.0,none
a952eef3-286e-4e7f-89da-744d9601de38,french-quarter-nola,-90.071214,29.969118,,99,0.0,False,0.0,none
71f622c9-06c0-43cc-a345-cd6f508c0a4c,french-quarter-nola,-90.071296,29.969137,,99,0.0,False,0.0,none
d69491d9-e355-4c7c-b02c-edd812f8926d,french-quarter-nola,-90.070594,29.969054,5.6797075271606445,99,0.0,False,0.0,none
bfa445e7-bfed-4653-9845-2f463f918476,french-quarter-nola,-90.070681,29.969158,4.508958339691162,99,0.0,False,0.0,none
5843e7a0-b1d7-4a6e-be1f-2a1ae87e800b,french-quarter-nola,-90.070763,29.969232,,99,0.0,False,0.0,none
cf6e7bac-7826-46c9-9cd4-de280822641a,french-quarter-nola,-90.069933,29.969425,5.892383575439453,99,0.0,False,0.0,none
dcc69ce0-5130-4570-9568-13e24d36ae87,french-quarter-nola,-90.070013,29.969288,3.613992214202881,99,0.0,False,0.0,none
e0e07a66-052b-4e39-82af-3e82d4b6d201,french-quarter-nola,-90.070143,29.969177,,99,0.0,False,0.0,none
25c136a8-4d6c-4826-86bb-3bcc29e9a582,french-quarter-nola,-90.069802,29.96886,,99,0.0,False,0.0,none
b1e8df42-2c57-457c-a7a9-0f482379fbac,french-quarter-nola,-90.070786,29.968821,,99,0.0,False,0.0,none
9684bbf6-9f02-4cb1-9a51-004a15c7a2e5,french-quarter-nola,-90.070385,29.968692,,99,0.0,False,0.0,none
eeb4d159-a017-4ab0-837c-ed1581242b70,french-quarter-nola,-90.070489,29.968767,,99,0.0,False,0.0,none
a7d3b89a-37bf-4b3e-80dc-8ca564ff49c7,french-quarter-nola,-90.070609,29.968631,3.4869279861450195,99,0.0,False,0.0,none
57c63fdc-b682-4c65-ae78-33a18c3d4413,french-quarter-nola,-90.070498,29.968665,,99,0.0,False,0.0,none
d60721d5-dc12-40cf-a500-997ccbc59897,french-quarter-nola,-90.070156,29.968625,6.29106330871582,99,0.0,False,0.0,none
3ad87431-33a4-4999-9fd2-314d8c441fb6,french-quarter-nola,-90.070218,29.968707,,99,0.0,False,0.0,none
73581a1f-0ddf-48c9-b0d1-4979978b50ea,french-quarter-nola,-90.070081,29.968563,4.311162948608398,99,0.0,False,0.0,none
6a4a4efa-e345-4896-bb1a-46aad3613e18,french-quarter-nola,-90.070262,29.968518,,99,0.0,False,0.0,none
aec8c852-9eb1-45fa-8206-0338b057bb50,french-quarter-nola,-90.070236,29.968408,2.223968505859375,99,0.0,False,0.0,none
1ddc92e6-7145-4b53-9588-20cd1c2e216d,french-quarter-nola,-90.07052,29.96822,2.6463212966918945,99,0.0,False,0.0,none
4c962d75-3448-48f5-a92a-ad56f2f338ac,french-quarter-nola,-90.070711,29.968267,,99,0.0,False,0.0,none
32a19bc4-c570-4286-ab6d-682e31f1c1af,french-quarter-nola,-90.070578,29.968258,,99,0.0,False,0.0,none
49346709-9b2d-4825-8cb5-4c030c1f084a,french-quarter-nola,-90.070724,29.96838,,99,0.0,False,0.0,none
cd9cce71-7665-41df-b017-93c8bf2cd40c,french-quarter-nola,-90.070644,29.968342,,99,0.0,False,0.0,none
9cd401c7-1b94-4d27-9c81-71099e89a4a4,french-quarter-nola,-90.070322,29.968468,,99,0.0,False,0.0,none
a2095d45-6d34-45d7-af2d-f5f9b3c5b543,french-quarter-nola,-90.070392,29.968517,,99,0.0,False,0.0,none
d9c8f7cd-d008-4ea4-8166-310763c597f4,french-quarter-nola,-90.070475,29.968521,,99,0.0,False,0.0,none
d8c77c62-7ac4-4453-afe6-8bbc4f6e67bf,french-quarter-nola,-90.071076,29.96857,4.841570854187012,99,0.0,False,0.0,none
3349996a-e019-41d9-8e16-89c5fc52d3c5,french-quarter-nola,-90.071129,29.968499,4.355939865112305,99,0.0,False,0.0,none
96591396-fb23-4f8b-84ef-2e6186208d2b,french-quarter-nola,-90.071165,29.968415,4.683656692504883,99,0.0,False,0.0,none
3b0dffa8-8bd5-4d38-ab07-0bafa66238c1,french-quarter-nola,-90.070827,29.968421,,99,0.0,False,0.0,none
5dad96d1-d3aa-474f-a2c3-c3f635983846,french-quarter-nola,-90.070895,29.968276,2.683333396911621,99,0.0,False,0.0,none
be0c1897-0e4c-43ea-9421-2d5447909b74,french-quarter-nola,-90.070921,29.968153,5.012719631195068,99,0.0,False,0.0,none
3cf3d361-b80d-4a23-9906-31ec1622d3ad,french-quarter-nola,-90.071267,29.968334,3.5053021907806396,99,0.0,False,0.0,none
a54e2dfd-23ec-46b5-a1d0-e685de814ee0,french-quarter-nola,-90.071509,29.968228,,99,0.0,False,0.0,none
483eb78c-bece-43ed-bbbd-a47518ac9953,french-quarter-nola,-90.071436,29.968175,,99,0.0,False,0.0,none
1319aea6-b2d3-455c-ac8e-e3931b1711c4,french-quarter-nola,-90.071604,29.968323,4.749767303466797,99,0.0,False,0.0,none
f5459a7b-c52c-42ef-87a6-413414a68511,french-quarter-nola,-90.071673,29.968426,4.375657081604004,99,0.0,False,0.0,none
79d4efc9-8a5e-4ac2-8d7f-105ec4dc975a,french-quarter-nola,-90.071542,29.968564,3.688735246658325,99,0.0,False,0.0,none
18cb81e7-39e5-4660-8731-4a6e1be31776,french-quarter-nola,-90.071794,29.968756,,99,0.0,False,0.0,none
3291d894-1049-44cd-81f6-5e19e9c39247,french-quarter-nola,-90.071508,29.96877,,99,0.0,False,0.0,none
3f6ccb69-7123-42a5-80c5-403bc757c047,french-quarter-nola,-90.071409,29.968752,,99,0.0,False,0.0,none
b35ba59a-8322-4921-8730-be36eaee1e15,french-quarter-nola,-90.071423,29.968587,,99,0.0,False,0.0,none
32760a84-1209-452c-adc8-f26d7fdd1f01,french-quarter-nola,-90.071211,29.96867,,99,0.0,False,0.0,none
bdb7b146-435a-4768-8dd6-cbf90dc14367,french-quarter-nola,-90.071011,29.968635,3.771682024002075,99,0.0,False,0.0,none
2e4d6eeb-3561-47a7-ae2f-80e884998f2f,french-quarter-nola,-90.071286,29.968739,,99,0.0,False,0.0,none
95cb9446-15c8-4160-87b7-2596d0b2c193,french-quarter-nola,-90.070861,29.968871,,99,0.0,False,0.0,none
5c43cc85-e8bd-4bd4-a8fa-c5364e2bbc72,french-quarter-nola,-90.070931,29.968931,,99,0.0,False,0.0,none
ad4766ac-dbc9-4801-aa35-251001dd7e59,french-quarter-nola,-90.070999,29.969016,,99,0.0,False,0.0,none
5a6d28d4-6fd2-4fd3-b26d-e40ab9248562,french-quarter-nola,-90.07156,29.969023,3.910919427871704,99,0.0,False,0.0,none
6abe88e9-5c8c-42a8-a3ec-7a3112d38571,french-quarter-nola,-90.071545,29.968878,5.396390438079834,99,0.0,False,0.0,none
989ba0a5-6a1d-4b6f-9151-f76c0615b969,french-quarter-nola,-90.071807,29.96886,,99,0.0,False,0.0,none
7b70da49-6e6a-4880-bc29-591ec276ea84,french-quarter-nola,-90.071758,29.968923,,99,0.0,False,0.0,none
78d8d554-4216-45ff-bf10-387194463a1c,french-quarter-nola,-90.071692,29.968978,5.198491096496582,99,0.0,False,0.0,none
69c1e933-ff99-4b0a-bf75-9b2e4cc44f8d,french-quarter-nola,-90.07239,29.968977,5.148100852966309,99,0.0,False,0.0,none
35ff0aef-9601-4595-ab18-28748aa3c9ca,french-quarter-nola,-90.07213,29.968948,,99,0.0,False,0.0,none
7d169c2a-4933-4d29-a189-df602a6e4800,french-quarter-nola,-90.072341,29.968798,4.600449562072754,99,0.0,False,0.0,none
f496b1ff-3da9-48af-a50a-a3ab48bd4cd8,french-quarter-nola,-90.071906,29.96872,4.8118391036987305,99,0.0,False,0.0,none
108dcd0c-cf56-46ca-a6a4-8cf3b49cc90d,french-quarter-nola,-90.072068,29.968609,4.594056129455566,99,0.0,False,0.0,none
5681ea2c-e41a-4f3a-9fc6-aeba04961662,french-quarter-nola,-90.072279,29.968735,3.568307638168335,99,0.0,False,0.0,none
4df29d11-dba7-4b08-acf7-3d6dbb60ddcd,french-quarter-nola,-90.073279,29.968832,5.072818756103516,99,0.0,False,0.0,none
31660e47-8fe0-490f-a453-8c94c49f960c,french-quarter-nola,-90.073579,29.968987,,99,0.0,False,0.0,none
16ce30b1-2846-4bd1-a260-3a8fce8fbaca,french-quarter-nola,-90.0737,29.968837,,99,0.0,False,0.0,none
8e9abcaf-d851-44bd-8b73-d0b50f0de05a,french-quarter-nola,-90.073844,29.968773,2.984426975250244,99,0.0,False,0.0,none
69d131a2-59b1-4ae5-98d0-57587604e55c,french-quarter-nola,-90.073875,29.968586,6.595086574554443,99,0.0,False,0.0,none
d4c22802-fc9f-4c8f-beff-be811345dc5e,french-quarter-nola,-90.07325,29.968588,,99,0.0,False,0.0,none
09e4d8e6-560e-4906-82fc-01faae69ab31,french-quarter-nola,-90.07322,29.968756,5.509212017059326,99,0.0,False,0.0,none
f3f4ee4c-dbce-4452-8e57-5cac2e1ca155,french-quarter-nola,-90.073067,29.968684,,99,0.0,False,0.0,none
ce625f17-5aed-4296-b20b-31ed255bc37e,french-quarter-nola,-90.073139,29.968715,6.088799476623535,99,0.0,False,0.0,none
67e6d710-e22d-403e-8370-26f74dc70003,french-quarter-nola,-90.073008,29.968604,,99,0.0,False,0.0,none
0cce89b0-3f61-4676-9442-8b312841cd4a,french-quarter-nola,-90.072924,29.968552,,99,0.0,False,0.0,none
dd6d2ac7-9173-4b22-84ea-e76e7baf5404,french-quarter-nola,-90.073069,29.968413,,99,0.0,False,0.0,none
67e4bfda-0f74-4b39-8262-547350e6b8cb,french-quarter-nola,-90.073316,29.968339,,99,0.0,False,0.0,none
e098e8eb-b698-4fb4-88a8-435ad0a85a3d,french-quarter-nola,-90.073474,29.96844,,99,0.0,False,0.0,none
8051dddd-10b3-4a62-86c5-174ff56a0651,french-quarter-nola,-90.073455,29.96819,,99,0.0,False,0.0,none
6676acf8-9d4b-46e0-9c43-0abc0d513a04,french-quarter-nola,-90.073226,29.968206,,99,0.0,False,0.0,none
6ed11490-4325-4433-a8bc-c8d9debfc952,french-quarter-nola,-90.07295,29.968246,,99,0.0,False,0.0,none
596b48dd-a59a-4675-ab77-cb2f1703b4d6,french-quarter-nola,-90.072856,29.968367,,99,0.0,False,0.0,none
cb11c7c0-fc3d-4bd8-ab24-b8b3efee0a54,french-quarter-nola,-90.071989,29.968532,4.583186149597168,99,0.0,False,0.0,none
87509199-814b-4adc-b290-d13c38e2c5e1,french-quarter-nola,-90.07186,29.968522,4.327190399169922,99,0.0,False,0.0,none
ed064aad-5bcc-41d8-a61c-c26032d37b4e,french-quarter-nola,-90.072143,29.968065,,99,0.0,False,0.0,none
28f2c29b-4cef-4af5-ac96-fab93f24179f,french-quarter-nola,-90.07229,29.968078,5.698062419891357,99,0.0,False,0.0,none
789b78ee-ff98-4e87-a8a9-59fb535cc974,french-quarter-nola,-90.072081,29.967981,6.002587795257568,99,0.0,False,0.0,none
3e8de075-0055-42a7-96c0-a270299e3d4a,french-quarter-nola,-90.071992,29.967903,6.228306293487549,99,0.0,False,0.0,none
f2aeb7b8-d997-4f9c-852d-67fa9e9c7a0d,french-quarter-nola,-90.072221,29.967764,,99,0.0,False,0.0,none
b33f6783-7241-4dcf-89b4-1f6adf0a9b44,french-quarter-nola,-90.07249,29.967757,,99,0.0,False,0.0,none
1798fd52-ad43-41db-b7f4-0bbb269e6351,french-quarter-nola,-90.072785,29.967705,,99,0.0,False,0.0,none
4efcfcc5-0b03-44ee-9bbc-f7e758a17bae,french-quarter-nola,-90.072841,29.967768,,99,0.0,False,0.0,none
a273d4a2-8d37-4d76-a489-66e2ab711530,french-quarter-nola,-90.072678,29.967839,,99,0.0,False,0.0,none
5c037bc7-b9e3-4b92-b31c-911ea81159ac,french-quarter-nola,-90.072571,29.967899,,99,0.0,False,0.0,none
caa0a41b-455e-45fc-864d-c1107ab9eab8,french-quarter-nola,-90.072506,29.967994,3.9133975505828857,99,0.0,False,0.0,none
be133401-7465-49ed-aa9c-f87269126092,french-quarter-nola,-90.073937,29.968091,4.779454231262207,99,0.0,False,0.0,none
10df76ee-6e60-4cdd-9bcf-c3993316adfa,french-quarter-nola,-90.07385,29.968032,4.056024551391602,99,0.0,False,0.0,none
ad548346-03ce-4101-a2a1-f8181987e382,french-quarter-nola,-90.073787,29.967954,3.6927030086517334,99,0.0,False,0.0,none
d749e48e-ee57-4853-b6a2-043a833505f3,french-quarter-nola,-90.073712,29.967889,2.264618396759033,99,0.0,False,0.0,none
5c4db4d5-5bdc-4172-be3b-5f883657733d,french-quarter-nola,-90.073665,29.967821,2.359739065170288,99,0.0,False,0.0,none
14c7a785-5760-4208-85ae-0734f39b7e32,french-quarter-nola,-90.073813,29.967732,,99,0.0,False,0.0,none
0fbea1d0-9cee-4e30-be56-f68a0ccf2a86,french-quarter-nola,-90.073585,29.967771,3.153414011001587,99,0.0,False,0.0,none
802d2c28-701b-491f-a5a8-c251da32c7e4,french-quarter-nola,-90.073483,29.967732,3.4449303150177,99,0.0,False,0.0,none
49ca0f86-8497-44fb-93ff-c68615386113,french-quarter-nola,-90.073366,29.9677,3.6781132221221924,99,0.0,False,0.0,none
9bf5af5d-a221-4249-afb3-3d1dc95159a0,french-quarter-nola,-90.073019,29.967469,3.3690185546875,99,0.0,False,0.0,none
de381870-675a-4ddc-b4cc-a769b8f79b49,french-quarter-nola,-90.073424,29.967506,3.6579749584198,99,0.0,False,0.0,none
aa36086e-bb74-492a-acf7-0d8d545a1c15,french-quarter-nola,-90.073279,29.967627,3.1027743816375732,99,0.0,False,0.0,none
69348742-abdb-47c7-bd1a-0dcd39a8dd1b,french-quarter-nola,-90.073879,29.967597,,99,0.0,False,0.0,none
69ae5c0b-564f-4c1c-80ec-c26147d9c9dc,french-quarter-nola,-90.073534,29.967469,,99,0.0,False,0.0,none
4ea3e8ff-8999-4946-908e-b332d2a3f925,french-quarter-nola,-90.073607,29.96727,,99,0.0,False,0.0,none
5c65cba2-7860-488c-88bc-ba629fee33e5,french-quarter-nola,-90.073214,29.967199,,99,0.0,False,0.0,none
90410529-f292-479d-9f99-bdee4291c304,french-quarter-nola,-90.073202,29.967319,,99,0.0,False,0.0,none
d4499e19-fc52-45ac-bac1-33a73d66f21a,french-quarter-nola,-90.07296,29.96741,3.4927942752838135,99,0.0,False,0.0,none
c37ff818-2617-4fd3-82c8-a5f1cbd22f32,french-quarter-nola,-90.072972,29.967255,3.6244213581085205,99,0.0,False,0.0,none
159e05ea-84b4-4d22-83e1-807a349765d5,french-quarter-nola,-90.07283,29.967285,,99,0.0,False,0.0,none
01a93267-9e5e-480f-a562-f314b09a67c6,french-quarter-nola,-90.07275,29.967211,,99,0.0,False,0.0,none
01698429-1c27-4151-bae9-4adcb49a7118,french-quarter-nola,-90.072399,29.967395,,99,0.0,False,0.0,none
4b711ac7-d0f0-4210-b635-0ad99aaf3fa3,french-quarter-nola,-90.072462,29.967421,,99,0.0,False,0.0,none
23a65f0f-3715-4f4a-8d8e-f4975ee4d3c6,french-quarter-nola,-90.072716,29.967633,,99,0.0,False,0.0,none
f42ccd8d-e03b-42f8-a146-afa3e0a7a957,french-quarter-nola,-90.072549,29.967554,,99,0.0,False,0.0,none
9fb5ccfd-a60c-4919-9005-d009e6d887f4,french-quarter-nola,-90.072637,29.967608,,99,0.0,False,0.0,none
77c399b7-e438-48bd-8fe7-d796fcebea22,french-quarter-nola,-90.072473,29.967526,,99,0.0,False,0.0,none
0f3096b9-7140-45a4-83f9-3868ddb5299e,french-quarter-nola,-90.072306,29.967505,,99,0.0,False,0.0,none
eeebf4dd-c951-4e7a-9bc8-40bf3964a3ac,french-quarter-nola,-90.072115,29.96758,4.995101451873779,99,0.0,False,0.0,none
edf6b83a-defc-4ee1-93b8-879c16b3577e,french-quarter-nola,-90.072006,29.967628,4.231804847717285,99,0.0,False,0.0,none
c1c3db56-2fa4-4948-908b-fbedb47f8a5b,french-quarter-nola,-90.072051,29.967397,,99,0.0,False,0.0,none
124d78ec-fd42-463c-9190-102399ebe3e8,french-quarter-nola,-90.072306,29.967381,4.66940450668335,99,0.0,False,0.0,none
412b1057-a785-4cdc-854e-6d0a71348b80,french-quarter-nola,-90.072186,29.96736,,99,0.0,False,0.0,none
6e1a5860-72ac-4809-89a2-bcd3a7dd012f,french-quarter-nola,-90.072139,29.967321,,99,0.0,False,0.0,none
b93a917a-6df1-45c2-8268-ac4af169b790,french-quarter-nola,-90.072265,29.967264,,99,0.0,False,0.0,none
4c58384f-b8d6-4c70-aafb-2146a48ee805,french-quarter-nola,-90.072195,29.967231,5.253780364990234,99,0.0,False,0.0,none
69e6c882-8124-44f3-a6a4-541ea92a4176,french-quarter-nola,-90.0719,29.967231,,99,0.0,False,0.0,none
0b3c649a-ce8f-44b1-94b0-701d8fb140b0,french-quarter-nola,-90.071773,29.967262,,99,0.0,False,0.0,none
e92dc2ff-9e16-4349-a630-36f26a305faa,french-quarter-nola,-90.07169,29.967412,2.6138932704925537,99,0.0,False,0.0,none
76fd05fd-5e72-4fd6-8aea-663d30ef4888,french-quarter-nola,-90.071036,29.967282,4.517984390258789,99,0.0,False,0.0,none
fa3d620e-43c0-4444-8d5f-9bde465bd252,french-quarter-nola,-90.071254,29.967334,4.376513481140137,99,0.0,False,0.0,none
77b97958-ea76-4c90-92ef-792a5a94092b,french-quarter-nola,-90.071324,29.967461,4.774942874908447,99,0.0,False,0.0,none
6631ab43-1bc1-4c5a-95fe-e2876e72257b,french-quarter-nola,-90.071559,29.967598,7.116816520690918,99,0.0,False,0.0,none
9279f67f-9946-4655-aa94-41eca3c4cf8e,french-quarter-nola,-90.071496,29.967562,,99,0.0,False,0.0,none
cfcb8016-e6bc-4d3d-b9e0-a62938e1a977,french-quarter-nola,-90.071481,29.967509,3.4112484455108643,99,0.0,False,0.0,none
bb2ec166-4768-492a-a512-385724df8460,french-quarter-nola,-90.071839,29.96768,4.790625095367432,99,0.0,False,0.0,none
3eca56d1-b1bb-414a-bd8b-1b7257635c42,french-quarter-nola,-90.071777,29.967732,,99,0.0,False,0.0,none
3ede532f-67d2-4227-bcb2-1abc45e1a4b1,french-quarter-nola,-90.071725,29.967798,,99,0.0,False,0.0,none
dbe1dae3-3c34-4c89-a71e-c4891c1f576f,french-quarter-nola,-90.071856,29.96785,,99,0.0,False,0.0,none
6fc1045b-5d9a-4820-b107-9940cc496737,french-quarter-nola,-90.071105,29.967935,,99,0.0,False,0.0,none
b03f49a8-3732-46bf-a332-236c8199c680,french-quarter-nola,-90.071232,29.967972,,99,0.0,False,0.0,none
afce2ecd-e13b-440a-b78d-5590d4456b93,french-quarter-nola,-90.07109,29.968109,,99,0.0,False,0.0,none
f19d7556-6c18-4e11-99fb-d5baa5b54ea9,french-quarter-nola,-90.071159,29.968053,,99,0.0,False,0.0,none
97aad620-45b0-40c5-a332-a7aaa0357ca3,french-quarter-nola,-90.071035,29.967891,,99,0.0,False,0.0,none
8a3baabc-0abc-4f62-9af3-fe1b88d3c984,french-quarter-nola,-90.070878,29.967813,,99,0.0,False,0.0,none
b0b059fc-0dec-44c2-84e2-bab51fe66146,french-quarter-nola,-90.070957,29.967836,5.401060104370117,99,0.0,False,0.0,none
ca639f2f-aa41-4817-93b1-8683d56ded87,french-quarter-nola,-90.070841,29.967751,,99,0.0,False,0.0,none
122595b0-c2ae-452d-9855-7514783a25d3,french-quarter-nola,-90.07079,29.967683,3.786395788192749,99,0.0,False,0.0,none
710c01de-b548-4aad-853a-5f290ee44734,french-quarter-nola,-90.070805,29.967991,,99,0.0,False,0.0,none
99462796-c0bf-43b6-b075-a0ceafb93c3d,french-quarter-nola,-90.070367,29.968017,4.0735249519348145,99,0.0,False,0.0,none
587cbcd9-446a-432b-be1d-0cf79a46b568,french-quarter-nola,-90.070271,29.968111,5.325095176696777,99,0.0,False,0.0,none
e24c4553-4e68-4d9a-aa3a-23d4a5ac6687,french-quarter-nola,-90.069809,29.966957,,99,0.0,False,0.0,none
94813308-4a71-41f0-bd96-429fd87a30a6,french-quarter-nola,-90.071188,29.967101,4.084029674530029,99,0.0,False,0.0,none
7d7f8bc1-9224-4a6b-af7a-2b94e53078d0,french-quarter-nola,-90.071832,29.967028,,99,0.0,False,0.0,none
ee63b5e0-c917-4125-9f77-035784a00501,french-quarter-nola,-90.071743,29.967002,,99,0.0,False,0.0,none
5ee6db3a-8134-431c-9db7-3e5b4b5ab536,french-quarter-nola,-90.07137,29.966872,,99,0.0,False,0.0,none
2bd402bc-6f45-4c21-b84c-68c5ef5b8cee,french-quarter-nola,-90.07167,29.966932,,99,0.0,False,0.0,none
bd990212-ebba-4e1f-a266-c9b38c8b2f77,french-quarter-nola,-90.071628,29.96683,,99,0.0,False,0.0,none
50464b88-ac8b-4261-9e34-fe9776daed1a,french-quarter-nola,-90.071308,29.966943,,99,0.0,False,0.0,none
6bffd7c1-6f1e-4f0c-83fd-a48a9b45b4ec,french-quarter-nola,-90.071188,29.966966,,99,0.0,False,0.0,none
50b92709-466d-4486-99c2-054b115c4565,french-quarter-nola,-90.071476,29.966723,,99,0.0,False,0.0,none
cc35a7ab-3230-43fa-80f8-1d16d644a59c,french-quarter-nola,-90.07171,29.966497,3.9966816902160645,99,0.0,False,0.0,none
c172d84d-25f5-44a6-be5b-b7ef58720966,french-quarter-nola,-90.071782,29.966428,5.7033162117004395,99,0.0,False,0.0,none
d06d3da2-ec15-4a22-b2bb-0f9cecdb450a,french-quarter-nola,-90.071851,29.966359,4.91912841796875,99,0.0,False,0.0,none
d1c5dcfb-4372-4de6-9909-d142cd4e037c,french-quarter-nola,-90.070059,29.966686,,99,0.0,False,0.0,none
644dffab-1055-40ce-8f7d-bce8556431a3,french-quarter-nola,-90.069994,29.966611,,99,0.0,False,0.0,none
de539194-b29a-4942-9f6e-20659c0b6701,french-quarter-nola,-90.069924,29.966553,,99,0.0,False,0.0,none
8101270f-a8b5-4a81-a8c0-264f66e08c0b,french-quarter-nola,-90.069818,29.966524,3.641117572784424,99,0.0,False,0.0,none
8d3daff3-f865-465d-9a7a-f36990a093d0,french-quarter-nola,-90.069773,29.966145,3.5329513549804688,99,0.0,False,0.0,none
102eaca0-cf52-43f3-9bca-225a0f794519,french-quarter-nola,-90.069836,29.966064,3.7427756786346436,99,0.0,False,0.0,none
f07960f0-0b8a-44fe-b21c-e5b9865334ab,french-quarter-nola,-90.070258,29.966094,,99,0.0,False,0.0,none
5971c20e-5a66-4dd6-aec5-7b30cb863995,french-quarter-nola,-90.070179,29.966122,,99,0.0,False,0.0,none
12f76242-4516-4c4e-8382-55b2fae24ee0,french-quarter-nola,-90.070189,29.966239,5.315789699554443,99,0.0,False,0.0,none
8bc129e7-3036-465d-8263-f6b55aee79ff,french-quarter-nola,-90.070341,29.966293,4.311685562133789,99,0.0,False,0.0,none
30a2b35b-54b2-470b-b475-343bbec46d59,french-quarter-nola,-90.070107,29.965836,4.674649238586426,99,0.0,False,0.0,none
3cdd3998-51d2-431a-86de-6fbc7cf1abdc,french-quarter-nola,-90.069871,29.965968,4.288631916046143,99,0.0,False,0.0,none
56a9ed5c-dce9-4767-b969-51f50cbce9e4,french-quarter-nola,-90.069925,29.965741,,99,0.0,False,0.0,none
0868f95b-f011-4d7c-ac6f-00d741b8bcd0,french-quarter-nola,-90.070013,29.965788,,99,0.0,False,0.0,none
798fc695-30f1-40b0-9f97-bf7923e19e34,french-quarter-nola,-90.069855,29.965676,,99,0.0,False,0.0,none
075c5e15-c484-4f46-980e-a93af1036e2a,french-quarter-nola,-90.069768,29.965612,,99,0.0,False,0.0,none
85d5fdc0-4e69-4296-bc54-6212d6b8f95e,french-quarter-nola,-90.070196,29.965463,,99,0.0,False,0.0,none
e430034e-da6d-4720-9519-1660546c83d9,french-quarter-nola,-90.070246,29.965522,,99,0.0,False,0.0,none
e08e1a17-a678-4512-8b90-99e0c2421b41,french-quarter-nola,-90.07035,29.965554,,99,0.0,False,0.0,none
5d145270-7789-47ee-a2ef-7d925c24ba41,french-quarter-nola,-90.070432,29.965406,2.935560941696167,99,0.0,False,0.0,none
a294e9d3-fd07-4cf5-a226-bc5288bae0c7,french-quarter-nola,-90.070799,29.965504,4.218139171600342,99,0.0,False,0.0,none
77247813-4099-47fa-a0a1-2aeac9094084,french-quarter-nola,-90.070616,29.965775,3.5416667461395264,99,0.0,False,0.0,none
706b9952-576f-436b-a65a-773549cb1530,french-quarter-nola,-90.070688,29.965829,,99,0.0,False,0.0,none
6219fe38-8091-419e-b52e-6eab92b32bb2,french-quarter-nola,-90.070918,29.965577,,99,0.0,False,0.0,none
49da8cc0-7571-478c-a00c-b874f54da6de,french-quarter-nola,-90.071421,29.965455,3.3047678470611572,99,0.0,False,0.0,none
67fa6f3a-1f91-4227-b662-ff1653ab2ff1,french-quarter-nola,-90.070849,29.965952,,99,0.0,False,0.0,none
6c4ceb3f-489b-422b-8e3e-98b962733121,french-quarter-nola,-90.072055,29.966236,3.649327039718628,99,0.0,False,0.0,none
2ae9f4ff-a618-45f1-80e5-2e4c24573166,french-quarter-nola,-90.072214,29.966154,4.094273567199707,99,0.0,False,0.0,none
dd8fc2d1-795b-4f97-907a-17d1741cae6b,french-quarter-nola,-90.072328,29.966242,,99,0.0,False,0.0,none
10631890-51cb-4d1b-853f-3256a4177247,french-quarter-nola,-90.072444,29.966179,,99,0.0,False,0.0,none
ee914ee4-91ed-40f2-8de4-9872de834591,french-quarter-nola,-90.072602,29.966261,,99,0.0,False,0.0,none
50a4b786-71ea-4ade-ac9f-b498c474a9d0,french-quarter-nola,-90.073398,29.965399,3.7514524459838867,99,0.0,False,0.0,none
aa27d677-e926-41f2-938c-623f5e00779d,french-quarter-nola,-90.073866,29.965752,,99,0.0,False,0.0,none
1b68e6b0-04b7-403c-a1d1-1012baa43a3d,french-quarter-nola,-90.07388,29.965833,,99,0.0,False,0.0,none
3e781fe9-6f1f-4bf5-a56c-4357294c686c,french-quarter-nola,-90.073762,29.965959,,99,0.0,False,0.0,none
8f785b49-4c7b-4d1b-ac01-b1cd24abef30,french-quarter-nola,-90.073273,29.966202,2.3526439666748047,99,0.0,False,0.0,none
5aa25921-0db5-436f-b3cf-ba3bfbc62f95,french-quarter-nola,-90.073354,29.966266,2.247131824493408,99,0.0,False,0.0,none
528e76e3-3d90-4f7a-ac85-a4318eda1a0c,french-quarter-nola,-90.073757,29.966209,,99,0.0,False,0.0,none
fc84c432-25d5-4ef2-ac87-9ef06d44125f,french-quarter-nola,-90.073956,29.966327,4.115710735321045,99,0.0,False,0.0,none
712242fc-2719-4257-b806-5b4f7d0331aa,french-quarter-nola,-90.073822,29.966337,2.854402780532837,99,0.0,False,0.0,none
de3e9331-0623-4174-9e15-7ec79bd34ce8,french-quarter-nola,-90.073551,29.966414,4.6452412605285645,99,0.0,False,0.0,none
50168360-3e33-4313-a7e8-a0d722852d7a,french-quarter-nola,-90.073948,29.966492,,99,0.0,False,0.0,none
45a6652c-259a-4024-8252-95394cf1f615,french-quarter-nola,-90.073779,29.966527,,99,0.0,False,0.0,none
9a8c66fc-613f-4480-bb62-419bd599605a,french-quarter-nola,-90.073352,29.966728,,99,0.0,False,0.0,none
80cb5d92-5bba-4acb-a503-58d8fa085c92,french-quarter-nola,-90.073242,29.96671,,99,0.0,False,0.0,none
508d72c0-ca2c-4124-b256-02404c2ad98b,french-quarter-nola,-90.073149,29.966617,,99,0.0,False,0.0,none
60efd73a-3eec-44e6-b5bf-0d890c5a66ef,french-quarter-nola,-90.073091,29.966567,,99,0.0,False,0.0,none
af8bb096-c9e1-470f-9dfd-eaab8b551579,french-quarter-nola,-90.073028,29.966519,,99,0.0,False,0.0,none
6c92a845-a591-4e36-80ee-273a793a27a9,french-quarter-nola,-90.073414,29.966339,3.2766027450561523,99,0.0,False,0.0,none
46986a6f-bc78-4824-b9f4-12b85bc94808,french-quarter-nola,-90.07271,29.966297,5.631762504577637,99,0.0,False,0.0,none
8bfb7733-c1c9-457c-bdf8-734ec74b14b0,french-quarter-nola,-90.072571,29.966446,2.5315263271331787,99,0.0,False,0.0,none
cfe4aa21-ead4-402a-aeb4-f4ed4a4bdbe5,french-quarter-nola,-90.072452,29.966468,2.9711999893188477,99,0.0,False,0.0,none
947ea9cc-f4c7-4abf-a20c-e1edef933291,french-quarter-nola,-90.071924,29.966289,4.847970008850098,99,0.0,False,0.0,none
3e5c54d1-a77c-46cf-a385-ba4e3202f0ad,french-quarter-nola,-90.072364,29.96661,3.1966469287872314,99,0.0,False,0.0,none
955a11dd-483c-4ddd-bec9-46e84bd2086f,french-quarter-nola,-90.071906,29.966651,4.195570468902588,99,0.0,False,0.0,none
58e83048-760c-4187-8fee-57a3c1c954b6,french-quarter-nola,-90.071996,29.966718,3.879925012588501,99,0.0,False,0.0,none
a41a3c46-94a1-403c-90e4-6f932171d40f,french-quarter-nola,-90.072408,29.966545,4.111710548400879,99,0.0,False,0.0,none
d8df4a0a-e683-4184-97c3-7947979438e0,french-quarter-nola,-90.072862,29.966533,2.675304889678955,99,0.0,False,0.0,none
205e2277-456b-49b5-9601-877698a0af2c,french-quarter-nola,-90.072803,29.966589,,99,0.0,False,0.0,none
103f5d54-7d8d-4171-8c95-5b90500c6d60,french-quarter-nola,-90.072831,29.966704,4.063399791717529,99,0.0,False,0.0,none
67a6f37f-a655-4e31-bc5d-08a1621489c2,french-quarter-nola,-90.072764,29.966835,3.0695950984954834,99,0.0,False,0.0,none
cb274345-8b9a-4af4-9105-87c54047c210,french-quarter-nola,-90.072544,29.966887,5.102001667022705,99,0.0,False,0.0,none
331aee1f-cb96-4afa-b2ff-f196df5ce3d7,french-quarter-nola,-90.072149,29.966825,6.021641731262207,99,0.0,False,0.0,none
00af9fea-b6c9-433a-b830-ac942c2c8e09,french-quarter-nola,-90.072112,29.966745,5.360567569732666,99,0.0,False,0.0,none
3f0ecd9a-6159-41b5-8da2-8686c2e6a50f,french-quarter-nola,-90.072212,29.966875,4.356263160705566,99,0.0,False,0.0,none
fbadc21f-f47c-4b96-9ff1-32dd5e0ccbe7,french-quarter-nola,-90.07238,29.967022,4.052732944488525,99,0.0,False,0.0,none
37ce1ab4-e00f-406d-b058-60e88d884a6b,french-quarter-nola,-90.071892,29.967067,,99,0.0,False,0.0,none
9ac11709-34df-4a4c-9763-7df1d2cee6d9,french-quarter-nola,-90.072006,29.96712,,99,0.0,False,0.0,none
792a7d74-6c8f-4aca-9c1e-0177d7da931f,french-quarter-nola,-90.072618,29.967141,4.20646333694458,99,0.0,False,0.0,none
1f0898a5-8c34-40de-864b-cab2c2178c19,french-quarter-nola,-90.072432,29.967069,,99,0.0,False,0.0,none
8a4c0494-9037-45b9-8ca2-e97fc5b016c4,french-quarter-nola,-90.072484,29.967012,,99,0.0,False,0.0,none
4e66ee4d-3cec-40e2-87ff-99da0e9f563b,french-quarter-nola,-90.072551,29.967084,5.332420825958252,99,0.0,False,0.0,none
1c80c98d-fdce-48d0-8992-852e4c31d10a,french-quarter-nola,-90.072689,29.967168,,99,0.0,False,0.0,none
4b21e2c6-22cf-49c1-b182-ab9af6deddff,french-quarter-nola,-90.073339,29.967089,4.06101131439209,99,0.0,False,0.0,none
2750a112-68c9-4366-9f16-297a5a039ae3,french-quarter-nola,-90.073258,29.967142,,99,0.0,False,0.0,none
0dcd735b-9f40-4297-8450-d7ca52927260,french-quarter-nola,-90.072932,29.966992,,99,0.0,False,0.0,none
e2aeda71-f6ec-418b-93ac-56e58a303d7d,french-quarter-nola,-90.073228,29.966869,,99,0.0,False,0.0,none
55531acf-ab0c-45cc-bbe0-2fa1fb812687,french-quarter-nola,-90.073279,29.966947,,99,0.0,False,0.0,none
4f09d0d1-4491-45f7-8228-9d2f632ac9f1,french-quarter-nola,-90.073613,29.966898,,99,0.0,False,0.0,none
42f1efbe-2f5e-4dab-a716-382babb312c0,french-quarter-nola,-90.073428,29.966789,,99,0.0,False,0.0,none
730f7091-2d60-442e-abb6-fcc708d3cc5c,french-quarter-nola,-90.073526,29.966777,,99,0.0,False,0.0,none
b50e392d-5338-4449-b827-7e999714f20b,french-quarter-nola,-90.073832,29.967028,5.276190280914307,99,0.0,False,0.0,none
c8ea0236-0e09-497c-83ac-63b6df2e29fb,french-quarter-nola,-90.07387,29.967169,2.8989827632904053,99,0.0,False,0.0,none
8fefed86-b380-4949-8912-38cf2739042d,french-quarter-nola,-90.074006,29.967161,2.4284675121307373,99,0.0,False,0.0,none
b79a9eeb-f834-41df-a9e7-8e11b7219b2d,french-quarter-nola,-90.074624,29.967123,3.4118399620056152,99,0.0,False,0.0,none
1e081d46-dcd7-4c16-b929-fca8dde461ea,french-quarter-nola,-90.074522,29.967008,2.087636947631836,99,0.0,False,0.0,none
50619f1c-2e22-47ec-b2bf-05df3973baa7,french-quarter-nola,-90.074852,29.966972,3.144136428833008,99,0.0,False,0.0,none
6014624d-cfec-469e-90ea-26ee4440b11c,french-quarter-nola,-90.074876,29.966888,,99,0.0,False,0.0,none
f89c83f7-981b-460c-907c-5afe32de1960,french-quarter-nola,-90.074905,29.966837,,99,0.0,False,0.0,none
4861f6e2-00dd-4264-a5a5-70b64141ccfd,french-quarter-nola,-90.074695,29.96677,,99,0.0,False,0.0,none
7e31cd40-e1f4-421b-be10-3a75006617d7,french-quarter-nola,-90.074388,29.966883,,99,0.0,False,0.0,none
5a1c3af7-54da-498e-9f8c-92841b3fa8bb,french-quarter-nola,-90.074456,29.966936,,99,0.0,False,0.0,none
114d5f8e-0bea-42a6-8797-09896f2870c7,french-quarter-nola,-90.074272,29.966914,,99,0.0,False,0.0,none
73c66393-7b20-4e3b-9cc2-75764cc2e4c5,french-quarter-nola,-90.074187,29.966886,2.1630632877349854,99,0.0,False,0.0,none
97d9c595-202e-4fd1-94f7-1870dd5afe83,french-quarter-nola,-90.074116,29.966822,,99,0.0,False,0.0,none
d52037a9-1ce0-4153-9e55-88688244595a,french-quarter-nola,-90.073997,29.966786,,99,0.0,False,0.0,none
32c94533-6d8b-4cb4-ad37-91e7eca877d2,french-quarter-nola,-90.074197,29.966655,,99,0.0,False,0.0,none
dfe4bc30-62ff-4b60-93c3-6312adf7389d,french-quarter-nola,-90.074264,29.966613,5.209021091461182,99,0.0,False,0.0,none
36f0c802-2077-49d3-8a0f-f65def6d41cf,french-quarter-nola,-90.074338,29.966555,5.233662128448486,99,0.0,False,0.0,none
3e8fb080-baa6-419e-a714-9761fe62bf96,french-quarter-nola,-90.074438,29.966406,3.6233716011047363,99,0.0,False,0.0,none
4a99b05d-21ec-49e9-aa62-40eac9aabef8,french-quarter-nola,-90.074389,29.966481,5.296181678771973,99,0.0,False,0.0,none
3617afd8-00ea-4528-b102-5f1304cd4de0,french-quarter-nola,-90.07478,29.966415,,99,0.0,False,0.0,none
acc4fbea-2a58-4ee6-b876-d36846c2273a,french-quarter-nola,-90.07502,29.966591,4.214390754699707,99,0.0,False,0.0,none
62f8c6c7-ad88-45c1-bacb-271459838da3,french-quarter-nola,-90.074649,29.966558,,99,0.0,False,0.0,none
bb4f5cb1-00c9-4f98-9df9-11b1191465af,french-quarter-nola,-90.074526,29.966572,,99,0.0,False,0.0,none
32b37e27-8b7f-44c6-ad6b-8b234eac7fe3,french-quarter-nola,-90.075032,29.965816,5.567183017730713,99,0.0,False,0.0,none
9ce6d82e-230e-4d80-ad6e-61704c9cbabc,french-quarter-nola,-90.075045,29.966145,,99,0.0,False,0.0,none
0f2c1b7a-27c8-4591-9e35-9963dedffbf5,french-quarter-nola,-90.074797,29.965965,,99,0.0,False,0.0,none
b484048b-7f59-41a3-86ac-a468cf0b905a,french-quarter-nola,-90.074979,29.966106,,99,0.0,False,0.0,none
113655b2-d0ad-481a-8cfc-7791e0d8e9fb,french-quarter-nola,-90.074921,29.96608,,99,0.0,False,0.0,none
b2a630f2-dab8-4a9c-9184-62f876bd1780,french-quarter-nola,-90.074318,29.966088,3.538461446762085,99,0.0,False,0.0,none
4c786627-3499-43a4-96df-a198657064af,french-quarter-nola,-90.07424,29.966196,,99,0.0,False,0.0,none
089d2f60-732d-48cf-b5cb-70c6a015af85,french-quarter-nola,-90.074129,29.966209,3.969072103500366,99,0.0,False,0.0,none
ef994120-f810-4da2-a40a-e9399733f601,french-quarter-nola,-90.074077,29.966267,3.051797389984131,99,0.0,False,0.0,none
501ed766-298e-4f55-944e-c505688927b1,french-quarter-nola,-90.074032,29.966068,,99,0.0,False,0.0,none
561cd01d-0b56-4587-81fa-c9746c0c330c,french-quarter-nola,-90.07399,29.966024,,99,0.0,False,0.0,none
26baac64-38af-4310-b5f6-8aadaace1194,french-quarter-nola,-90.07413,29.965951,,99,0.0,False,0.0,none
403ed36f-5357-4399-a647-4e969db38b2a,french-quarter-nola,-90.074187,29.965982,,99,0.0,False,0.0,none
5789b6aa-7c2c-4e0f-b982-4c257db1e448,french-quarter-nola,-90.074255,29.966006,,99,0.0,False,0.0,none
e38574c3-73f5-4a54-8ddd-f3c33a656475,french-quarter-nola,-90.074104,29.965892,,99,0.0,False,0.0,none
1b44b2d3-9832-4c9b-8911-21fb7d81b411,french-quarter-nola,-90.074002,29.965889,,99,0.0,False,0.0,none
409ba6a1-c742-491c-9310-1c8e5c44238d,french-quarter-nola,-90.074939,29.965742,4.947780609130859,99,0.0,False,0.0,none
f81a71b8-f801-4f78-8eb4-6438fccc82ab,french-quarter-nola,-90.074538,29.965675,4.362409591674805,99,0.0,False,0.0,none
36a85862-c59f-454f-ae48-39ced8d5b2fb,french-quarter-nola,-90.074967,29.965274,5.409243583679199,99,0.0,False,0.0,none
d1e51c7b-96b1-4468-b844-51076dd18eea,french-quarter-nola,-90.074867,29.965181,5.346463203430176,99,0.0,False,0.0,none
1d4b5882-8ad6-4d8d-88fd-e76fb260c190,french-quarter-nola,-90.074793,29.965132,6.56984806060791,99,0.0,False,0.0,none
e15e9c13-c25e-494c-ab16-896efad1c843,french-quarter-nola,-90.074748,29.965077,,99,0.0,False,0.0,none
2388a136-9ade-4904-b68d-0802d1eafd6a,french-quarter-nola,-90.07459,29.965006,9.062041282653809,99,0.0,False,0.0,none
c269a3f3-b1d7-40e5-a41d-8b595ce05c0b,french-quarter-nola,-90.074438,29.964853,7.883968830108643,99,0.0,False,0.0,none
cf8338f8-2b5d-45c2-a737-8652cdc3c38c,french-quarter-nola,-90.074114,29.96464,6.471531867980957,99,0.0,False,0.0,none
bfae0fdf-b8c9-4d87-9ba0-3e2de1d03dbf,french-quarter-nola,-90.074254,29.964534,7.229763507843018,99,0.0,False,0.0,none
661604eb-daea-475c-bad9-e113cdd0f31c,french-quarter-nola,-90.074609,29.964632,4.739177703857422,99,0.0,False,0.0,none
b5760987-bd8d-44b6-a3a6-88713c2ae718,french-quarter-nola,-90.074982,29.964541,5.116487503051758,99,0.0,False,0.0,none
a1940e6c-d35e-4ed7-b426-416e1d1f6617,french-quarter-nola,-90.074828,29.96467,4.602724075317383,99,0.0,False,0.0,none
f2d115e7-3b5f-4e6b-9e82-ec407f0ddc99,french-quarter-nola,-90.074906,29.964722,6.228717803955078,99,0.0,False,0.0,none
6c2dc6da-c39d-4f09-8558-da7ec3fb5e04,french-quarter-nola,-90.075011,29.964782,6.955422401428223,99,0.0,False,0.0,none
99ae2a9e-b0d9-437b-b007-f9b7415be29c,french-quarter-nola,-90.074813,29.964808,,99,0.0,False,0.0,none
9657cd79-3032-4a60-a9fb-3a8fe857e0fa,french-quarter-nola,-90.075053,29.964592,6.13160514831543,99,0.0,False,0.0,none
b4bb1554-e170-479e-ac5d-d43a525f6fdf,french-quarter-nola,-90.075201,29.964261,5.873265266418457,99,0.0,False,0.0,none
0c474f5d-eb7b-459f-82f9-c6f226f4c607,french-quarter-nola,-90.07456,29.964096,,99,0.0,False,0.0,none
9ac23243-dc0f-4bf1-90a0-1c7dac49f0b6,french-quarter-nola,-90.074822,29.964406,4.348710536956787,99,0.0,False,0.0,none
b873ef46-6477-4e8b-b545-a6521735a84d,french-quarter-nola,-90.07448,29.964284,7.030445575714111,99,0.0,False,0.0,none
9dcc252e-60a2-4a07-9553-aa5dc097ad5f,french-quarter-nola,-90.074344,29.964438,5.532843112945557,99,0.0,False,0.0,none
b0d826da-adab-43dd-9730-eeb146d5a3f6,french-quarter-nola,-90.074,29.964099,,99,0.0,False,0.0,none
5bc47b71-76fb-424f-97eb-90d711afe0e8,french-quarter-nola,-90.07406,29.964017,,99,0.0,False,0.0,none
bc20b5a4-cfaa-413b-a5c7-9925b93f0069,french-quarter-nola,-90.074153,29.96391,3.7525253295898438,99,0.0,False,0.0,none
61463429-96d5-419a-bd2b-4f32923487db,french-quarter-nola,-90.074317,29.963792,7.581634521484375,99,0.0,False,0.0,none
1e5a9881-f25e-4c4b-97a0-fa023b627c76,french-quarter-nola,-90.074484,29.963837,,99,0.0,False,0.0,none
b1ff2d21-87d4-4d3a-b8a0-61690702094f,french-quarter-nola,-90.074691,29.963989,,99,0.0,False,0.0,none
f474c92e-b7e3-4cfb-811c-55586d9d50dd,french-quarter-nola,-90.073095,29.963805,3.836310863494873,99,0.0,False,0.0,none
c049bb6e-dbce-4473-8687-3dcac4bd38ef,french-quarter-nola,-90.072687,29.963631,7.880880832672119,99,0.0,False,0.0,none
3f936df7-fb6f-48ab-b321-3212dec736e0,french-quarter-nola,-90.071861,29.963728,,99,0.0,False,0.0,none
a183628e-d57b-443b-946b-b70980eaf653,french-quarter-nola,-90.071951,29.963786,,99,0.0,False,0.0,none
9db86700-a9db-43f4-9353-ed65f6d2ecd2,french-quarter-nola,-90.072654,29.964217,,99,0.0,False,0.0,none
62fea462-8aa9-4d79-a189-f320b446eda6,french-quarter-nola,-90.072571,29.964168,,99,0.0,False,0.0,none
95f8baad-f249-438a-86df-69cac333296a,french-quarter-nola,-90.072202,29.964065,,99,0.0,False,0.0,none
0d872d81-9858-4f54-a6ad-9cc69587c4d2,french-quarter-nola,-90.07195,29.964422,,99,0.0,False,0.0,none
eba57df5-9f86-40fa-91b8-43309e193643,french-quarter-nola,-90.072482,29.964382,5.195947170257568,99,0.0,False,0.0,none
43c4f408-fe73-44ec-b641-8caabe741d9b,french-quarter-nola,-90.07273,29.964289,,99,0.0,False,0.0,none
3931963e-f002-4ec0-88e6-4c68f4b840ef,french-quarter-nola,-90.073909,29.96421,12.492783546447754,99,0.0,False,0.0,none
055392da-05d0-42b2-bc9c-5671b8d468f4,french-quarter-nola,-90.073799,29.964386,,99,0.0,False,0.0,none
71add724-57ff-488a-b560-7a6c3aa77daa,french-quarter-nola,-90.073881,29.964515,,99,0.0,False,0.0,none
ff4ef9b0-3b30-4eda-a3d8-d36de586bdf7,french-quarter-nola,-90.073392,29.964687,,99,0.0,False,0.0,none
dd99dbec-e1cd-45fd-80dc-3af46c6bf66f,french-quarter-nola,-90.073311,29.964715,,99,0.0,False,0.0,none
4461b64b-e656-4506-8f16-41c7d64ff148,french-quarter-nola,-90.07324,29.964764,,99,0.0,False,0.0,none
a67bf7db-1a51-4f3e-8b99-d97eee2abcec,french-quarter-nola,-90.07313,29.964898,,99,0.0,False,0.0,none
3ca173cd-f8fb-45d6-8049-a1cca3857495,french-quarter-nola,-90.07354,29.964811,4.5247416496276855,99,0.0,False,0.0,none
b0a4f649-5527-4cd6-bf7a-7d8b66bbd265,french-quarter-nola,-90.073454,29.96471,,99,0.0,False,0.0,none
aacb9588-98b9-40e7-95b4-6b8dd1bf8cb8,french-quarter-nola,-90.073486,29.965119,7.1417155265808105,99,0.0,False,0.0,none
095f7665-914c-4719-8c9f-fcc6149cda91,french-quarter-nola,-90.073587,29.965194,,99,0.0,False,0.0,none
affb1a96-edf2-4873-8878-096f5f2c0027,french-quarter-nola,-90.073228,29.965305,5.798006057739258,99,0.0,False,0.0,none
516fe7ad-aa2d-46ed-809d-f40b9a57bd09,french-quarter-nola,-90.073135,29.965265,4.826440811157227,99,0.0,False,0.0,none
ed640127-a74d-4b7a-b116-32749ae8674b,french-quarter-nola,-90.072989,29.965112,5.437862873077393,99,0.0,False,0.0,none
1ddcc86b-7a45-474a-9dbe-9f15f34ff002,french-quarter-nola,-90.073408,29.965072,6.399393558502197,99,0.0,False,0.0,none
8e21284a-9e1e-4507-9426-e4af95285074,french-quarter-nola,-90.07333,29.965016,4.659979820251465,99,0.0,False,0.0,none
51da7776-a3e5-4fd2-8002-3ada6cdfa097,french-quarter-nola,-90.072894,29.965198,5.421748638153076,99,0.0,False,0.0,none
a45fe27f-e10a-4956-92a9-92b33bebff7b,french-quarter-nola,-90.07285,29.965349,,99,0.0,False,0.0,none
da9b8ed7-09d2-45da-a4c5-e9cfbaa87805,french-quarter-nola,-90.071918,29.96473,,99,0.0,False,0.0,none
b63fc55b-2d3c-4d5b-b377-8d3bb594dbc9,french-quarter-nola,-90.072282,29.964726,5.524268627166748,99,0.0,False,0.0,none
221d03f0-c39f-461e-8457-e928e6b59a82,french-quarter-nola,-90.072145,29.964647,,99,0.0,False,0.0,none
bbbb496e-83e8-439d-8bd5-e3d4df1d0cf9,french-quarter-nola,-90.072058,29.964598,,99,0.0,False,0.0,none
bdf74065-4915-4e77-b90e-007dd1d95bde,french-quarter-nola,-90.071647,29.964485,,99,0.0,False,0.0,none
f7210cb7-145f-4cc8-8b52-4142f8f4c78f,french-quarter-nola,-90.071843,29.96454,,99,0.0,False,0.0,none
5ad7f784-9383-4240-9b89-d80965e9a239,french-quarter-nola,-90.071645,29.96462,3.896488666534424,99,0.0,False,0.0,none
0110db30-85a7-434a-b631-b7b223cb2358,french-quarter-nola,-90.070936,29.964608,,99,0.0,False,0.0,none
f399ad97-1424-49e2-ae43-fa33650a4d28,french-quarter-nola,-90.070824,29.964593,,99,0.0,False,0.0,none
b953a871-281d-488d-b064-af9e9de7215f,french-quarter-nola,-90.071229,29.964576,4.601734638214111,99,0.0,False,0.0,none
b64b0080-31ea-4592-ab7b-02b7bcc38e1d,french-quarter-nola,-90.071079,29.964748,,99,0.0,False,0.0,none
3f2336a3-b442-4723-859a-71a17756173b,french-quarter-nola,-90.070981,29.964709,,99,0.0,False,0.0,none
ee8aaadf-e1da-44cc-b05e-4f96b17ecb3b,french-quarter-nola,-90.071268,29.96489,6.247209548950195,99,0.0,False,0.0,none
ab841021-d314-4903-a11b-0b0e4a041494,french-quarter-nola,-90.071587,29.964692,4.093991756439209,99,0.0,False,0.0,none
01e43693-0be5-4e4b-ad1e-c6e447ea9d16,french-quarter-nola,-90.071343,29.964959,4.7893967628479,99,0.0,False,0.0,none
29cfbd26-0425-4794-b854-e1d809be5b8f,french-quarter-nola,-90.071676,29.965175,,99,0.0,False,0.0,none
4b7862ef-ed4c-401a-971e-bc7b17fbb9a2,french-quarter-nola,-90.07116,29.965213,4.619102954864502,99,0.0,False,0.0,none
78a32ee4-af69-4886-810c-7605e75a2f47,french-quarter-nola,-90.071278,29.965327,,99,0.0,False,0.0,none
0c9afc09-57b0-4d61-ba74-23b12ec6d202,french-quarter-nola,-90.071005,29.965325,3.012373447418213,99,0.0,False,0.0,none
a31d9fcb-242d-43a1-bc50-86eed64e7532,french-quarter-nola,-90.071044,29.965128,,99,0.0,False,0.0,none
6c34ae28-0c99-46d8-a928-3869df60a8be,french-quarter-nola,-90.070878,29.964973,,99,0.0,False,0.0,none
b2220b27-2a90-4114-894f-794b348bd142,french-quarter-nola,-90.070794,29.964939,,99,0.0,False,0.0,none
ea1bc3a3-3637-4d84-b52c-7bcd7281f65f,french-quarter-nola,-90.070605,29.964979,,99,0.0,False,0.0,none
19bcb10e-4410-4ebf-827e-63da13382bc8,french-quarter-nola,-90.070601,29.965124,4.556787490844727,99,0.0,False,0.0,none
2ad756cf-efee-48b2-8081-e4b5bb299df0,french-quarter-nola,-90.07068,29.965038,,99,0.0,False,0.0,none
b414b3c6-f504-4945-9f91-790fb11a7942,french-quarter-nola,-90.070762,29.965092,,99,0.0,False,0.0,none
43914f77-f9a5-4b9f-814a-046e15dfb54b,french-quarter-nola,-90.070476,29.965308,,99,0.0,False,0.0,none
1aa8043e-c7ed-41a5-9192-f3a1587994bb,french-quarter-nola,-90.070173,29.965185,,99,0.0,False,0.0,none
cf8fec2a-6bb8-4525-b021-08174b9662b9,french-quarter-nola,-90.070068,29.965322,3.9127588272094727,99,0.0,False,0.0,none
20e35bd4-7eaa-4d50-9c43-54d7984cd269,french-quarter-nola,-90.069847,29.965277,,99,0.0,False,0.0,none
c4a77730-451a-4152-a027-e80185ee26be,french-quarter-nola,-90.06977,29.965205,4.385275840759277,99,0.0,False,0.0,none
6fe50997-e66b-41dd-89fa-45d1d0f22b32,french-quarter-nola,-90.069891,29.965115,3.3982455730438232,99,0.0,False,0.0,none
33e459be-6d07-4ee7-a445-119d6ca93326,french-quarter-nola,-90.070245,29.965103,,99,0.0,False,0.0,none
719c8fe9-6199-4fe2-a85f-00fac0c66937,french-quarter-nola,-90.070075,29.964997,5.386622428894043,99,0.0,False,0.0,none
8a77fecc-9140-4118-b480-409a6b1331a3,french-quarter-nola,-90.070183,29.964846,,99,0.0,False,0.0,none
33c7a9f1-f23d-4588-8fc0-1873d482ef8a,french-quarter-nola,-90.070491,29.964817,,99,0.0,False,0.0,none
49bb5256-d426-4d14-8ee0-d1541666d68b,french-quarter-nola,-90.070558,29.964887,,99,0.0,False,0.0,none
bc315973-04c7-4279-950f-374319470b88,french-quarter-nola,-90.070695,29.964877,,99,0.0,False,0.0,none
d962d4f4-1e0f-491a-9698-9cd71be2b129,french-quarter-nola,-90.070457,29.964717,,99,0.0,False,0.0,none
858268b5-3e6b-40b1-8b72-a1fbead148ee,french-quarter-nola,-90.070378,29.964651,,99,0.0,False,0.0,none
3a63396b-1aa6-4f07-abf3-af5b6110ebf4,french-quarter-nola,-90.07029,29.964598,,99,0.0,False,0.0,none
0f394532-c03b-4f83-9497-f5d9dba2861c,french-quarter-nola,-90.070768,29.964527,,99,0.0,False,0.0,none
29f67443-2802-43a9-8228-1162f9889d43,french-quarter-nola,-90.070655,29.964493,6.6046223640441895,99,0.0,False,0.0,none
ef43dec8-efe8-4f6b-919d-54cc1acc5a06,french-quarter-nola,-90.069893,29.964409,4.236859321594238,99,0.0,False,0.0,none
fbfc100d-fad1-49ec-acc2-58d9587c0c0f,french-quarter-nola,-90.070717,29.964227,6.442408561706543,99,0.0,False,0.0,none
41bca4cf-634c-441f-aad2-c73be3129851,french-quarter-nola,-90.070803,29.964352,3.821554660797119,99,0.0,False,0.0,none
03654daf-0386-4df6-8b1b-bd8f4922185b,french-quarter-nola,-90.071001,29.964397,,99,0.0,False,0.0,none
dda007aa-b381-457a-a596-1c649628952c,french-quarter-nola,-90.071304,29.964314,6.330508708953857,99,0.0,False,0.0,none
39cbf744-2c75-42b6-a34d-6e05a846d30b,french-quarter-nola,-90.071292,29.964393,,99,0.0,False,0.0,none
c7e9a3c0-86d2-46d1-a09c-727212481676,french-quarter-nola,-90.071198,29.964428,,99,0.0,False,0.0,none
b45dd659-c48f-4528-a581-1ab7b89e654b,french-quarter-nola,-90.071832,29.964429,,99,0.0,False,0.0,none
cb984f77-a37f-4433-bc1a-a3627abc14a5,french-quarter-nola,-90.07178,29.964329,7.17896032333374,99,0.0,False,0.0,none
9989f608-c28c-48cb-b260-c185fed57d2d,french-quarter-nola,-90.071473,29.964297,,99,0.0,False,0.0,none
bdd7fb05-e123-445e-8848-303fa8347503,french-quarter-nola,-90.071475,29.964127,,99,0.0,False,0.0,none
a123cffb-f0cb-4342-9250-e3ea97b69246,french-quarter-nola,-90.071593,29.964164,6.618664264678955,99,0.0,False,0.0,none
509753f7-ab42-4c3c-b889-4b6e48162827,french-quarter-nola,-90.071399,29.96409,,99,0.0,False,0.0,none
6d98ca18-6698-4094-b559-7292a8bc8726,french-quarter-nola,-90.071303,29.964062,,99,0.0,False,0.0,none
e1a4cbba-d71a-496d-842f-efe07eb968e7,french-quarter-nola,-90.071157,29.964207,,99,0.0,False,0.0,none
7af3b16f-e866-4501-9a24-b5c34865fffe,french-quarter-nola,-90.070805,29.964169,5.9274091720581055,99,0.0,False,0.0,none
9dc24fa1-667b-4d58-8ada-59e94db455c5,french-quarter-nola,-90.070925,29.964094,6.986906051635742,99,0.0,False,0.0,none
1d429112-fa82-489f-9157-549087eaf9ff,french-quarter-nola,-90.070996,29.964017,3.5290298461914062,99,0.0,False,0.0,none
d4ddaaab-1c9f-4b76-af3e-b0a7495190e5,french-quarter-nola,-90.070946,29.963922,2.9486238956451416,99,0.0,False,0.0,none
b0bc67d3-9039-4bb2-bd6f-d62c75e41ade,french-quarter-nola,-90.071006,29.963812,,99,0.0,False,0.0,none
1afddfe9-2cc4-4816-8843-804059ea85d0,french-quarter-nola,-90.071101,29.963856,,99,0.0,False,0.0,none
17dae720-f377-4f96-88e2-0bfb02ca4bfa,french-quarter-nola,-90.071144,29.963947,,99,0.0,False,0.0,none
4b35378c-ae79-4da5-8d6c-3874f39819ab,french-quarter-nola,-90.071248,29.963985,,99,0.0,False,0.0,none
afc6a33b-1501-4876-b1cd-9f3e21bd33de,french-quarter-nola,-90.071825,29.963967,6.52518892288208,99,0.0,False,0.0,none
138fd47e-a282-4b46-b200-8f3ed30704e9,french-quarter-nola,-90.071724,29.963901,6.957807540893555,99,0.0,False,0.0,none
39123de9-9a6e-4962-9df1-59e79f3aa746,french-quarter-nola,-90.071625,29.963839,,99,0.0,False,0.0,none
be1c42bc-dc5a-42a6-ae88-36954120240f,french-quarter-nola,-90.071526,29.963809,,99,0.0,False,0.0,none
0c22d8cb-1416-4f26-83d5-52f07faa5009,french-quarter-nola,-90.071458,29.963748,,99,0.0,False,0.0,none
710829c6-3d2e-41be-b8de-a6b2bde3b494,french-quarter-nola,-90.071382,29.963683,,99,0.0,False,0.0,none
0b493178-f237-4014-9f6d-cda2e51a8855,french-quarter-nola,-90.07161,29.963716,,99,0.0,False,0.0,none
139eb507-4067-4ac8-86ab-2134c9a8dfc9,french-quarter-nola,-90.071805,29.963641,,99,0.0,False,0.0,none
f51996ff-46c3-4e92-abed-40415800556e,french-quarter-nola,-90.071536,29.963657,,99,0.0,False,0.0,none
cc1e4022-de17-4c6f-9829-053cb9f88abf,french-quarter-nola,-90.071292,29.96364,7.683760643005371,99,0.0,False,0.0,none
87afc761-72d8-4e66-8502-9b84a68bf15a,french-quarter-nola,-90.067713,29.964153,,99,0.0,False,0.0,none
e8c7ec27-4595-4211-851c-8c9f7f6c7280,french-quarter-nola,-90.067684,29.964398,2.5714285373687744,99,0.0,False,0.0,none
af8ea2d9-d1c1-46b3-b27d-4eccbbeb88c3,french-quarter-nola,-90.068033,29.964366,5.89876127243042,99,0.0,False,0.0,none
6c52cad1-dc80-4668-82f9-201a9fd1f3fa,french-quarter-nola,-90.069495,29.964578,7.031889915466309,99,0.0,False,0.0,none
624bf927-c163-43f2-9aec-38e88948561f,french-quarter-nola,-90.069026,29.965188,10.657363891601562,99,0.0,False,0.0,none
0fb9a19d-6186-48b3-8b9b-ca78fe17aa67,french-quarter-nola,-90.068257,29.964914,,99,0.0,False,0.0,none
ffdbae6b-a0f8-4c1c-8bd4-5a4639f61ae0,french-quarter-nola,-90.068373,29.964996,,99,0.0,False,0.0,none
230fd101-3251-47bb-8115-7eee457db709,french-quarter-nola,-90.068267,29.965073,,99,0.0,False,0.0,none
89fb4c14-7b5b-4c9e-b0b3-ee1936873f0b,french-quarter-nola,-90.068192,29.965137,,99,0.0,False,0.0,none
e19705aa-ca5f-432f-9a3b-453617137407,french-quarter-nola,-90.068439,29.965266,3.054762840270996,99,0.0,False,0.0,none
20d16b3e-64af-4b8d-b5dd-e778a8a568b0,french-quarter-nola,-90.068164,29.965187,,99,0.0,False,0.0,none
74af734a-b929-4341-b0c9-473708a33cc1,french-quarter-nola,-90.067975,29.965186,4.857916831970215,99,0.0,False,0.0,none
99f530d8-0581-46fb-8b60-bd9b77536c45,french-quarter-nola,-90.068079,29.965336,3.0223731994628906,99,0.0,False,0.0,none
a5457571-7743-45a2-9441-28fc87224417,french-quarter-nola,-90.068006,29.965281,,99,0.0,False,0.0,none
c215d2ed-cc56-429f-b793-d71ffbe21f5f,french-quarter-nola,-90.067843,29.965154,,99,0.0,False,0.0,none
d83f4ff1-69ee-46b4-a942-3c199a2e46ef,french-quarter-nola,-90.0678,29.965053,,99,0.0,False,0.0,none
a991e330-1a77-4d84-91ad-91f48adb00cb,french-quarter-nola,-90.068106,29.965066,,99,0.0,False,0.0,none
d2593ff2-9f71-4cf1-bb8d-671b7265bcf4,french-quarter-nola,-90.067739,29.965017,,99,0.0,False,0.0,none
704d4f0f-9ada-4de8-b003-11fc4dddab56,french-quarter-nola,-90.067731,29.964865,,99,0.0,False,0.0,none
b29eb97c-2469-4f27-960e-bcf475057397,french-quarter-nola,-90.067872,29.964889,,99,0.0,False,0.0,none
64806389-7e39-445d-8833-c70ec02311b6,french-quarter-nola,-90.067738,29.964797,3.659475564956665,99,0.0,False,0.0,none
bf17a5a3-8018-47c9-b655-396b6e174823,french-quarter-nola,-90.067784,29.96474,4.0178327560424805,99,0.0,False,0.0,none
ae646a2b-f8bd-44f0-a3a2-7211f0640621,french-quarter-nola,-90.067863,29.964693,,99,0.0,False,0.0,none
7e63aff9-4fdb-4631-be4c-d0c0d2d410a3,french-quarter-nola,-90.067999,29.964698,,99,0.0,False,0.0,none
77d9f46a-5ab6-4163-a42c-47a21579a500,french-quarter-nola,-90.06798,29.96488,,99,0.0,False,0.0,none
026e1669-8e08-4471-b79d-045a4fc7a3a3,french-quarter-nola,-90.067916,29.964907,,99,0.0,False,0.0,none
fc6cc1e4-2042-49cd-85dd-7616c766d819,french-quarter-nola,-90.068418,29.964886,,99,0.0,False,0.0,none
06a3bc1c-8f4c-40f8-adba-26ff0029334f,french-quarter-nola,-90.068584,29.964776,5.192626476287842,99,0.0,False,0.0,none
515b0a7b-d34f-4754-9625-06db52a08eb2,french-quarter-nola,-90.068514,29.964709,6.4281511306762695,99,0.0,False,0.0,none
56dbde53-5fd4-46a4-93ec-1e18fd22dedd,french-quarter-nola,-90.068283,29.964673,3.740556240081787,99,0.0,False,0.0,none
217ffdbd-0be8-4598-a484-73d6997d0b7b,french-quarter-nola,-90.068222,29.964597,4.621601581573486,99,0.0,False,0.0,none
e8b65cc4-0af2-4390-9b4c-65716d99a525,french-quarter-nola,-90.068062,29.964506,3.8881988525390625,99,0.0,False,0.0,none
6b27475d-b370-4671-9c4a-c6f72d037f61,french-quarter-nola,-90.067933,29.96449,3.7754056453704834,99,0.0,False,0.0,none
a63475d1-fb0f-4c79-8a1d-148accd55cd9,french-quarter-nola,-90.068152,29.964527,4.2093186378479,99,0.0,False,0.0,none
1e37415e-4c8f-4113-97be-99ff2e71b8a5,french-quarter-nola,-90.067862,29.964568,4.565384387969971,99,0.0,False,0.0,none
d95d0e31-d271-46e4-b841-686e229c553d,french-quarter-nola,-90.067525,29.964527,5.245736122131348,99,0.0,False,0.0,none
5d6dfa82-ab31-47bf-9e1f-545f563488bf,french-quarter-nola,-90.067453,29.96462,,99,0.0,False,0.0,none
87567beb-1062-439d-8456-98b9a8f26b6a,french-quarter-nola,-90.06721,29.964673,,99,0.0,False,0.0,none
a8a86bb5-f4cc-41d1-833c-71209ae8050f,french-quarter-nola,-90.067031,29.964565,,99,0.0,False,0.0,none
f40bb523-941e-4d0f-bcf3-7c78cc78e6ca,french-quarter-nola,-90.066892,29.964515,,99,0.0,False,0.0,none
e5984bf9-8e60-4a11-85be-a99d99623cb7,french-quarter-nola,-90.067134,29.964644,,99,0.0,False,0.0,none
ef45c977-87b1-4033-b5da-3d74e84a10cb,french-quarter-nola,-90.067027,29.964635,,99,0.0,False,0.0,none
3839f210-706a-447d-93a1-083901a901dd,french-quarter-nola,-90.066612,29.964726,4.761518478393555,99,0.0,False,0.0,none
bd118ca6-23ef-47d1-a0c0-3853305db814,french-quarter-nola,-90.066712,29.964793,4.726226806640625,99,0.0,False,0.0,none
05f00f53-4e32-4c40-943c-4982616c945b,french-quarter-nola,-90.066811,29.964862,4.715365886688232,99,0.0,False,0.0,none
d523f82a-23af-4d2a-b407-47308d0b67fb,french-quarter-nola,-90.06725,29.96474,,99,0.0,False,0.0,none
2ccc9d4d-eae7-4794-9ecb-48ae38ad7616,french-quarter-nola,-90.067334,29.964774,3.9022810459136963,99,0.0,False,0.0,none
ee9704dd-4614-423e-836c-988861eb2005,french-quarter-nola,-90.067541,29.964919,6.116920471191406,99,0.0,False,0.0,none
0b007769-7a4e-4b5f-b999-eb1ac8d307e3,french-quarter-nola,-90.067621,29.965,,99,0.0,False,0.0,none
9e6ae33e-6160-44ae-a7cb-165853286ac7,french-quarter-nola,-90.067131,29.965016,,99,0.0,False,0.0,none
da417902-589b-46fa-869c-dbb974dca986,french-quarter-nola,-90.067558,29.965348,,99,0.0,False,0.0,none
9ab3100b-2aa6-4221-a530-733561c48f34,french-quarter-nola,-90.067447,29.965318,3.2298593521118164,99,0.0,False,0.0,none
220dd9b2-4177-40d9-b4eb-114f95891d8b,french-quarter-nola,-90.067219,29.965273,,99,0.0,False,0.0,none
60d06c02-45a2-494d-aa00-50be06231026,french-quarter-nola,-90.067385,29.965238,2.9267334938049316,99,0.0,False,0.0,none
1193035a-612c-468d-ae03-1f07ac3764bd,french-quarter-nola,-90.067301,29.965179,,99,0.0,False,0.0,none
2b0042bd-bc26-491f-b15e-c841af6ba487,french-quarter-nola,-90.066987,29.965184,,99,0.0,False,0.0,none
7bcffd77-990d-43d7-acd8-d3be6e413a21,french-quarter-nola,-90.066903,29.965241,,99,0.0,False,0.0,none
2bb62fd1-982e-42f9-b714-41fa84f20596,french-quarter-nola,-90.067056,29.9651,,99,0.0,False,0.0,none
e15ad7ea-7e39-41be-a28b-0d4748880669,french-quarter-nola,-90.066957,29.964975,4.45638370513916,99,0.0,False,0.0,none
86b9a680-3328-4a26-88a7-932a8a98bc46,french-quarter-nola,-90.067041,29.964995,,99,0.0,False,0.0,none
8ac7e7b7-ab3b-4fdf-ba82-f72f03c03e99,french-quarter-nola,-90.06686,29.964958,,99,0.0,False,0.0,none
7718b770-cff2-4dbc-91f9-ec4459660ec1,french-quarter-nola,-90.065575,29.96529,,99,0.0,False,0.0,none
35dd61aa-3b94-46c9-b33d-efe090adb6a9,french-quarter-nola,-90.065804,29.965036,,99,0.0,False,0.0,none
4307c974-4b23-49b9-9e57-9ac4f93fad49,french-quarter-nola,-90.065702,29.964976,,99,0.0,False,0.0,none
4a07bf85-078e-4427-aeb3-884e3bbce322,french-quarter-nola,-90.065646,29.964907,,99,0.0,False,0.0,none
4fa8b48b-1644-48e0-a3cd-1199258422fe,french-quarter-nola,-90.065623,29.964783,,99,0.0,False,0.0,none
c53c0aaf-6af1-4d21-83b1-a7ce739ef49c,french-quarter-nola,-90.066015,29.964744,,99,0.0,False,0.0,none
73870b4b-590c-408c-b58e-b85d5020f208,french-quarter-nola,-90.065965,29.964811,4.334568500518799,99,0.0,False,0.0,none
2e196548-b4a3-43a4-ab5c-0f2cb6da8232,french-quarter-nola,-90.065908,29.964879,4.981655120849609,99,0.0,False,0.0,none
2770a5ed-0185-48c9-976d-a687e5b4893e,french-quarter-nola,-90.066079,29.96467,4.378417491912842,99,0.0,False,0.0,none
9e6f76d4-80dd-4ba8-b165-c4c706b67c94,french-quarter-nola,-90.066182,29.964583,4.63728141784668,99,0.0,False,0.0,none
fdb08f3f-2223-463c-9add-d780a4f7e25a,french-quarter-nola,-90.066514,29.964655,4.413407802581787,99,0.0,False,0.0,none
15e97b2b-0e1c-4784-9cd2-cae44af3a6a7,french-quarter-nola,-90.066207,29.96446,,99,0.0,False,0.0,none
c948fe92-033b-408e-b50f-3f23f1251531,french-quarter-nola,-90.066024,29.964519,,99,0.0,False,0.0,none
ac170bd5-c356-43f7-b8df-39b6c82a4d28,french-quarter-nola,-90.066016,29.964375,5.6574387550354,99,0.0,False,0.0,none
4fc31193-ff0d-4f50-b397-dafe18a4c6bc,french-quarter-nola,-90.065719,29.964119,,99,0.0,False,0.0,none
061957ac-b152-4e40-8c26-c8ffac49ad10,french-quarter-nola,-90.066333,29.964161,,99,0.0,False,0.0,none
7ac4ffcc-ef15-40f0-94f9-a9badd45481d,french-quarter-nola,-90.066199,29.964035,,99,0.0,False,0.0,none
d65d2dd4-a7dd-4fae-94b3-f479de7ce9cd,french-quarter-nola,-90.066258,29.964066,,99,0.0,False,0.0,none
461ace5f-5675-41bc-af66-5e4b489edbc3,french-quarter-nola,-90.066562,29.964097,,99,0.0,False,0.0,none
f984bbb3-6e7d-4e55-ba4d-12ab5336d196,french-quarter-nola,-90.066544,29.964163,5.295801639556885,99,0.0,False,0.0,none
cc11986e-5945-4771-8db4-a123ea8794ef,french-quarter-nola,-90.066462,29.964259,,99,0.0,False,0.0,none
51b23e78-cc9d-4daa-9f09-df6fe7b0c5ed,french-quarter-nola,-90.066135,29.96438,,99,0.0,False,0.0,none
c888ad2d-b5cb-4227-b8b7-f8bcc5b31856,french-quarter-nola,-90.066321,29.964416,3.829751491546631,99,0.0,False,0.0,none
eb009d97-3bdf-4e69-8e45-b0eaa12f93e5,french-quarter-nola,-90.066732,29.964429,,99,0.0,False,0.0,none
5c57a515-56eb-4f6a-bf56-c6336bf6b814,french-quarter-nola,-90.066745,29.964366,,99,0.0,False,0.0,none
812070d5-a7cc-4959-a686-d2b1983a5558,french-quarter-nola,-90.066972,29.964293,6.071722984313965,99,0.0,False,0.0,none
b51b1acb-8ceb-4956-96c5-f37f99d511d8,french-quarter-nola,-90.066978,29.964428,,99,0.0,False,0.0,none
13648df9-501c-4fba-a801-24d32ffc5ab0,french-quarter-nola,-90.067536,29.964438,,99,0.0,False,0.0,none
3dc07d2c-9954-4853-b250-a98309d0f4a8,french-quarter-nola,-90.067196,29.964162,,99,0.0,False,0.0,none
8dd6c3f6-8307-46de-b5f1-bb7a574ab940,french-quarter-nola,-90.067068,29.964029,,99,0.0,False,0.0,none
abdc3e09-b42e-4c36-bb73-2f00ec069d6b,french-quarter-nola,-90.067027,29.964112,6.910588264465332,99,0.0,False,0.0,none
dd0e79ce-9d66-484e-b88f-2eb5a57f007c,french-quarter-nola,-90.066985,29.964188,,99,0.0,False,0.0,none
9c1dc576-2f71-477b-bab7-7172a9cbbcfb,french-quarter-nola,-90.066617,29.964037,5.613569259643555,99,0.0,False,0.0,none
3cc7986d-f5b5-4ada-99c0-02cca148d5f0,french-quarter-nola,-90.066722,29.963884,4.9196271896362305,99,0.0,False,0.0,none
3f1e1f54-b66a-4d78-a7e1-0cc863c47397,french-quarter-nola,-90.066847,29.963856,4.357980728149414,99,0.0,False,0.0,none
325e3714-0248-492f-8664-30f4b97b6e96,french-quarter-nola,-90.066909,29.963785,,99,0.0,False,0.0,none
9fd82999-d7fd-4929-8a86-cdc011f926bc,french-quarter-nola,-90.067139,29.963967,,99,0.0,False,0.0,none
f88fb17d-4851-47b7-8415-6db9ccfa39af,french-quarter-nola,-90.067302,29.963879,,99,0.0,False,0.0,none
b9577504-bb5a-404b-a69c-86b4fabd3984,french-quarter-nola,-90.067228,29.963824,,99,0.0,False,0.0,none
2f7477d4-55a9-4b40-9a64-a792f8c2b3ee,french-quarter-nola,-90.066956,29.963726,,99,0.0,False,0.0,none
21add55b-0e41-4f07-b6f9-4f88acc0b813,french-quarter-nola,-90.066687,29.963615,,99,0.0,False,0.0,none
ec435c3e-aec4-4727-b720-658e846a0c22,french-quarter-nola,-90.06626,29.96362,5.925568103790283,99,0.0,False,0.0,none
250a764c-c2d3-4907-b06c-ad672028a68d,french-quarter-nola,-90.066555,29.96377,,99,0.0,False,0.0,none
cd57856e-86aa-4446-93b6-6aa858e136d4,french-quarter-nola,-90.066327,29.963895,,99,0.0,False,0.0,none
9965c020-8d5b-41c9-8386-a0d3578d39c8,french-quarter-nola,-90.066121,29.963992,,99,0.0,False,0.0,none
aefafcad-7c3a-45d1-b571-2dc6f8a67893,french-quarter-nola,-90.066185,29.963827,,99,0.0,False,0.0,none
11a65a6e-5467-41bf-a076-986a023f09de,french-quarter-nola,-90.066101,29.963804,,99,0.0,False,0.0,none
b62a3cf8-9bb7-4ed1-ac7b-70c3eadb778a,french-quarter-nola,-90.065943,29.963905,,99,0.0,False,0.0,none
db95359f-84ca-4602-baee-3e472ef5b3b6,french-quarter-nola,-90.065808,29.963819,6.242687225341797,99,0.0,False,0.0,none
dcfab3a0-2349-433b-979a-691e1060efa8,french-quarter-nola,-90.065921,29.963718,5.975644588470459,99,0.0,False,0.0,none
518a91cf-a68c-44c8-8bf9-443caaf6282f,french-quarter-nola,-90.066016,29.963616,,99,0.0,False,0.0,none
e1228453-ad5a-4107-97bb-3dd7ba70b8c7,french-quarter-nola,-90.06539,29.963559,,99,0.0,False,0.0,none
e85880cd-2c75-4376-90de-d5607c96fc76,french-quarter-nola,-90.065463,29.963611,,99,0.0,False,0.0,none
ad79da4d-9a01-4ec6-af52-c469ad0ffd77,french-quarter-nola,-90.0652,29.963673,,99,0.0,False,0.0,none
ecb5ad77-de41-40ed-a1d6-6f468dc7b3ce,french-quarter-nola,-90.065073,29.963574,,99,0.0,False,0.0,none
bae4f078-6fce-4a26-a0a8-341d37e83054,french-quarter-nola,-90.064987,29.963664,,99,0.0,False,0.0,none
8bbbe805-b16a-4dc0-97eb-25daf54f5809,french-quarter-nola,-90.064538,29.963826,,99,0.0,False,0.0,none
552e0964-4982-449d-af9b-8716e357fc7a,french-quarter-nola,-90.0646,29.963868,,99,0.0,False,0.0,none
3b954041-b484-4176-9c8b-bfee7678c579,french-quarter-nola,-90.064995,29.96395,,99,0.0,False,0.0,none
2fea703c-bcb5-4b66-a41a-54a877be916c,french-quarter-nola,-90.065069,29.963866,,99,0.0,False,0.0,none
4e268603-4ecc-4619-8afd-2d77af93df4b,french-quarter-nola,-90.065214,29.963786,,99,0.0,False,0.0,none
888a71e2-588c-4a33-a5dd-0e1d92f7c51a,french-quarter-nola,-90.065523,29.964131,,99,0.0,False,0.0,none
b5009dbf-7319-42aa-8957-d4684ff974b3,french-quarter-nola,-90.065473,29.964278,4.803013324737549,99,0.0,False,0.0,none
1cc24524-1675-45b6-b21a-680c9e68522d,french-quarter-nola,-90.065351,29.964356,4.222687721252441,99,0.0,False,0.0,none
da04b4dc-a8e3-48a6-8c14-35a5e9c2655e,french-quarter-nola,-90.064722,29.964122,,99,0.0,False,0.0,none
dd30d350-1437-4e7a-832c-387e383bcd32,french-quarter-nola,-90.064478,29.964066,,99,0.0,False,0.0,none
17a01936-46d5-4394-a2b9-86d4e9decf26,french-quarter-nola,-90.064052,29.964106,,99,0.0,False,0.0,none
827eedc0-cd6f-4993-be3d-90a50baf4f80,french-quarter-nola,-90.064095,29.964229,6.018193244934082,99,0.0,False,0.0,none
3cacaed0-0662-4054-8f41-5e100b6d320a,french-quarter-nola,-90.06424,29.964247,5.503901481628418,99,0.0,False,0.0,none
1f449623-9b2d-4c2c-b05f-401cb942e8d2,french-quarter-nola,-90.06437,29.964447,4.865516185760498,99,0.0,False,0.0,none
e0f5be7b-5974-451b-93cf-f88869af24fa,french-quarter-nola,-90.064289,29.96439,5.689197063446045,99,0.0,False,0.0,none
55b8f276-e205-404b-ac29-79f7276ff7d7,french-quarter-nola,-90.063736,29.964292,,99,0.0,False,0.0,none
f58af44f-e9b5-4eb5-9968-92a15a3e92da,french-quarter-nola,-90.063912,29.964297,,99,0.0,False,0.0,none
c4e51c86-fc9f-4309-a032-abd5c7e874ab,french-quarter-nola,-90.063958,29.964374,,99,0.0,False,0.0,none
a54217f0-5ac6-4372-9882-b0e1ba80f4fb,french-quarter-nola,-90.063597,29.96436,4.369162559509277,99,0.0,False,0.0,none
adf0e0e3-acef-40c2-9d93-efb87888bc56,french-quarter-nola,-90.063525,29.964449,,99,0.0,False,0.0,none
7666c0c5-f465-4080-9fc0-48a15b2858df,french-quarter-nola,-90.063569,29.964124,,99,0.0,False,0.0,none
411ae5f4-b2ab-4f42-9004-1dbfa58b3d52,french-quarter-nola,-90.063963,29.964214,,99,0.0,False,0.0,none
b429ddf8-7ca6-4258-af10-6087c297d27a,french-quarter-nola,-90.063734,29.964172,,99,0.0,False,0.0,none
2366fac8-b638-4c7e-a7b4-876959b816d7,french-quarter-nola,-90.063783,29.964109,,99,0.0,False,0.0,none
1715ed53-4927-43e8-be17-9ecbcd916f1e,french-quarter-nola,-90.063946,29.964059,,99,0.0,False,0.0,none
c9da3138-9cd8-44bf-a846-2c1f6133d7bb,french-quarter-nola,-90.063864,29.964007,,99,0.0,False,0.0,none
01fde8e0-4dc9-4a15-bbd7-1e46b57f60f6,french-quarter-nola,-90.063499,29.964074,,99,0.0,False,0.0,none
365a7ae4-e204-4d58-a823-c565b7a5572d,french-quarter-nola,-90.063567,29.964024,,99,0.0,False,0.0,none
69852a33-ea11-45c4-8ef1-1523f96090bb,french-quarter-nola,-90.063673,29.963919,3.9743881225585938,99,0.0,False,0.0,none
f9f189fb-bf3e-4587-ac2e-0058c40e396c,french-quarter-nola,-90.063578,29.963812,6.356695652008057,99,0.0,False,0.0,none
79ac9860-af40-4ef4-81e4-14d54445d422,french-quarter-nola,-90.064173,29.963911,6.6777777671813965,99,0.0,False,0.0,none
dc5fd7f9-54a9-4d3c-a7ff-fb10f72e0bd6,french-quarter-nola,-90.064278,29.963963,,99,0.0,False,0.0,none
c94449a0-ef64-4cca-a179-cfb81a24c681,french-quarter-nola,-90.064395,29.96398,6.833600044250488,99,0.0,False,0.0,none
76287286-52a8-4d31-bbe8-94a02289c865,french-quarter-nola,-90.064215,29.963796,,99,0.0,False,0.0,none
0906078e-b468-41da-a6ff-f3fd677fdd59,french-quarter-nola,-90.064056,29.963822,,99,0.0,False,0.0,none
e5259787-6211-4f40-a4c5-8bcb10433e80,french-quarter-nola,-90.064095,29.96373,,99,0.0,False,0.0,none
277c0cb5-48f4-464a-afd0-d51acd647d37,french-quarter-nola,-90.064217,29.963726,,99,0.0,False,0.0,none
ef0ade1f-3f26-41d6-bb5d-c1fd5e1b1445,french-quarter-nola,-90.064276,29.963676,,99,0.0,False,0.0,none
724cc249-348c-4e06-abb1-6977eaed141c,french-quarter-nola,-90.064339,29.963617,,99,0.0,False,0.0,none
84efcf8f-a73f-42e2-9186-f0a696b37a55,french-quarter-nola,-90.063748,29.963583,6.186939239501953,99,0.0,False,0.0,none
c4c8b815-7244-47cb-bc5f-f1496653db23,french-quarter-nola,-90.063869,29.96363,,99,0.0,False,0.0,none
4d480171-1823-4da5-b21f-c38865a942ab,french-quarter-nola,-90.06329,29.963634,,99,0.0,False,0.0,none
00d29f74-87bc-4784-9741-e89a34ec5ffe,french-quarter-nola,-90.063095,29.963606,,99,0.0,False,0.0,none
21645854-d8ac-46d0-b533-8e4a8084b07a,french-quarter-nola,-90.062989,29.963715,,99,0.0,False,0.0,none
20fa5cd4-5659-4a69-860c-1fa3737f9ef2,french-quarter-nola,-90.063324,29.963739,5.476495265960693,99,0.0,False,0.0,none
760c9a2a-7dd9-4d25-a028-d932179a821d,french-quarter-nola,-90.06341,29.963938,5.938086986541748,99,0.0,False,0.0,none
f3a1156a-d5e7-431c-aeb9-9f47957a7c4d,french-quarter-nola,-90.063219,29.963894,,99,0.0,False,0.0,none
47ed09c9-f4c2-4201-8bcf-b4e3acdbe3d1,french-quarter-nola,-90.063147,29.963819,,99,0.0,False,0.0,none
a2645e67-b6c6-40d3-95dd-08277d6c720d,french-quarter-nola,-90.062416,29.96367,6.030855655670166,99,0.0,False,0.0,none
31b909b3-e427-4f8b-a17d-80a8d8da4e48,french-quarter-nola,-90.062801,29.96374,3.865053415298462,99,0.0,False,0.0,none
dcb73bba-27a4-4ccc-9eac-73d777c9225d,french-quarter-nola,-90.062649,29.963545,,99,0.0,False,0.0,none
623759b5-5b78-4c04-abd4-8c3853b16d9e,french-quarter-nola,-90.062561,29.963644,,99,0.0,False,0.0,none
a67eab2c-e89e-4bff-8c07-90812c16cd24,french-quarter-nola,-90.062494,29.963575,6.899879455566406,99,0.0,False,0.0,none
6d3b9393-6621-4891-8dc3-cd81e7ea924d,french-quarter-nola,-90.062279,29.963699,6.151663303375244,99,0.0,False,0.0,none
8f5f6085-5df6-40c5-9b80-3fc7b517e2ef,french-quarter-nola,-90.062382,29.963754,,99,0.0,False,0.0,none
be692e85-ad34-48e2-b5c9-c5ccdee7881e,french-quarter-nola,-90.062136,29.963746,4.781850814819336,99,0.0,False,0.0,none
3cf96ab5-023b-4286-96fe-73d9c1858bc5,french-quarter-nola,-90.061933,29.963607,6.58344841003418,99,0.0,False,0.0,none
90dac71b-601a-4ded-92b4-15302622157f,french-quarter-nola,-90.06146,29.963574,,99,0.0,False,0.0,none
6b047540-26f3-48ae-9571-1adf5a46cd1b,french-quarter-nola,-90.061352,29.963616,,99,0.0,False,0.0,none
ab28237d-32ad-43f5-83b6-f50f310444f4,french-quarter-nola,-90.061461,29.96369,,99,0.0,False,0.0,none
f4f20d59-d824-4d7a-9a7c-302b7a72505c,french-quarter-nola,-90.061593,29.963763,,99,0.0,False,0.0,none
d88137eb-c07c-46d9-86ee-b348e631888d,french-quarter-nola,-90.061772,29.963793,,99,0.0,False,0.0,none
729c9675-ad2e-49e3-8638-a0c1ef41a732,french-quarter-nola,-90.061845,29.963847,,99,0.0,False,0.0,none
a008db06-6d53-4f02-b0db-ea4f0e6c469f,french-quarter-nola,-90.061703,29.963868,7.785366058349609,99,0.0,False,0.0,none
fd8fda1d-b7c1-467c-853d-8129fb747b85,french-quarter-nola,-90.061969,29.963949,6.117579460144043,99,0.0,False,0.0,none
32c4086f-a5e3-4af3-a5c1-f835f9e5874f,french-quarter-nola,-90.061886,29.963901,,99,0.0,False,0.0,none
19e66610-8709-4d25-8a00-889f7b09d89c,french-quarter-nola,-90.062198,29.963852,,99,0.0,False,0.0,none
6887a0e1-c9da-4218-92b2-131818fcc502,french-quarter-nola,-90.06231,29.963827,,99,0.0,False,0.0,none
faf29326-57ab-41e9-b3b4-c967c9b70b62,french-quarter-nola,-90.061918,29.964225,,99,0.0,False,0.0,none
c47d646b-be4b-4207-bc90-1f07458d59f4,french-quarter-nola,-90.061969,29.964177,,99,0.0,False,0.0,none
81e5228e-2e42-401f-b91b-ee1c5de9aac6,french-quarter-nola,-90.062083,29.964068,5.3797149658203125,99,0.0,False,0.0,none
d66d7549-3ea4-4a67-9468-a819c2c36de9,french-quarter-nola,-90.061451,29.964088,7.710411071777344,99,0.0,False,0.0,none
60d58983-b0e7-47b4-ae76-b3aac8941d3f,french-quarter-nola,-90.06135,29.964191,,99,0.0,False,0.0,none
6e0a1089-e86c-49ae-aa03-99964f02491b,french-quarter-nola,-90.06171,29.964275,9.1650390625,99,0.0,False,0.0,none
b63f0d2c-16d0-40bc-98cf-778d92512d7c,french-quarter-nola,-90.061565,29.964236,7.959910869598389,99,0.0,False,0.0,none
e272df89-12ad-4597-8b62-b9839aff3e71,french-quarter-nola,-90.061837,29.964346,,99,0.0,False,0.0,none
39c84062-260a-43b3-9d45-685b59e6da73,french-quarter-nola,-90.061764,29.964409,,99,0.0,False,0.0,none
8550728c-5bee-4aac-81f9-8c24d5cd1386,french-quarter-nola,-90.061884,29.964282,,99,0.0,False,0.0,none
ca5c49e2-3c49-4c81-bfa2-66b78bc3ebc6,french-quarter-nola,-90.062152,29.964338,,99,0.0,False,0.0,none
1d628c79-8149-4c5a-8d7c-ac024d56d8e0,french-quarter-nola,-90.062264,29.964322,,99,0.0,False,0.0,none
73f6df2a-d9b5-4890-8525-456abdffc1ed,french-quarter-nola,-90.062459,29.964455,,99,0.0,False,0.0,none
f135d99e-5320-410c-bf03-230610252db5,french-quarter-nola,-90.062409,29.964258,7.763045310974121,99,0.0,False,0.0,none
783d7841-f920-421f-825b-d76058845dc6,french-quarter-nola,-90.063246,29.964019,5.058325290679932,99,0.0,False,0.0,none
fc70e430-19f2-4cd1-b4cd-e7236edc14f4,french-quarter-nola,-90.063444,29.96414,4.426966190338135,99,0.0,False,0.0,none
50f01355-38c2-43c3-ac54-9cbf7a71c6ea,french-quarter-nola,-90.062944,29.964653,,99,0.0,False,0.0,none
aca57bbd-e881-4380-bb33-dad6411c2123,french-quarter-nola,-90.063372,29.964911,,99,0.0,False,0.0,none
03c54af7-9e19-4349-a7c6-9a7a33c93c5c,french-quarter-nola,-90.063176,29.964841,,99,0.0,False,0.0,none
dfb1ff0e-0b91-4317-8a56-a1e274b9e4d0,french-quarter-nola,-90.063003,29.964754,,99,0.0,False,0.0,none
048af38f-d5bb-4d99-9e25-5ae431e5bbde,french-quarter-nola,-90.062697,29.964688,,99,0.0,False,0.0,none
f1beb778-35d4-41ab-b16e-9f57a5484a2a,french-quarter-nola,-90.062834,29.964772,,99,0.0,False,0.0,none
3a726eaf-9cea-4c15-aa68-4cdfe3c1df01,french-quarter-nola,-90.06292,29.964761,,99,0.0,False,0.0,none
ef8b19d0-6d98-41ae-8ef3-26ee26644bb7,french-quarter-nola,-90.062568,29.96485,,99,0.0,False,0.0,none
ad53a4d6-23ac-4090-b5b6-c2753c305ea1,french-quarter-nola,-90.06253,29.96471,,99,0.0,False,0.0,none
e4b08186-5bd6-4e29-bcfd-d847f4c3ebf0,french-quarter-nola,-90.062635,29.964615,,99,0.0,False,0.0,none
4ca66c48-c1c5-4cdd-b913-5814aea05bb2,french-quarter-nola,-90.062629,29.964667,,99,0.0,False,0.0,none
9bec165f-a49d-4372-9938-9a938f1abaae,french-quarter-nola,-90.062828,29.964577,,99,0.0,False,0.0,none
06f1a1df-7626-4467-9f99-48918360147f,french-quarter-nola,-90.062743,29.96449,,99,0.0,False,0.0,none
13c4b668-e4b3-4da9-a14f-082fbd037480,french-quarter-nola,-90.062635,29.964469,,99,0.0,False,0.0,none
a31b81de-eb4a-4fac-b107-862b5f2d231d,french-quarter-nola,-90.062496,29.964554,,99,0.0,False,0.0,none
4d61d745-aff4-4457-aec9-5c475ee0af6a,french-quarter-nola,-90.062351,29.964471,,99,0.0,False,0.0,none
54fc0a78-d3b7-43b3-9b86-5457ced4f436,french-quarter-nola,-90.062137,29.964549,11.272807121276855,99,0.0,False,0.0,none
342ac155-8750-45f4-9175-1668c3bebd1a,french-quarter-nola,-90.061991,29.964492,8.47227668762207,99,0.0,False,0.0,none
7ee1efdb-6f80-4147-b054-491ff9fbee05,french-quarter-nola,-90.061469,29.964732,,99,0.0,False,0.0,none
4b7cd038-4873-4379-a57f-5859aef58874,french-quarter-nola,-90.061374,29.964832,,99,0.0,False,0.0,none
77983b78-27de-4670-a101-769b36ffc33b,french-quarter-nola,-90.062378,29.964696,,99,0.0,False,0.0,none
59154df5-a561-4060-a097-84c0815b5f26,french-quarter-nola,-90.06196,29.965132,,99,0.0,False,0.0,none
8e599de5-e47b-4fb9-9438-b2db72f45618,french-quarter-nola,-90.061664,29.964968,8.399072647094727,99,0.0,False,0.0,none
15c80771-86ff-4ecc-ae37-90e59999eb26,french-quarter-nola,-90.061512,29.96507,,99,0.0,False,0.0,none
f6c54b11-b6e6-4947-8ea4-9685fa5bc806,french-quarter-nola,-90.061847,29.965105,,99,0.0,False,0.0,none
b9b5d685-5a09-4891-983c-e2819f0ca9eb,french-quarter-nola,-90.06152,29.9652,6.5625410079956055,99,0.0,False,0.0,none
a6b02727-40e9-4903-8e41-0c86e47b9f6f,french-quarter-nola,-90.061426,29.965262,6.635191440582275,99,0.0,False,0.0,none
f2f6b0f2-b6ee-4525-88db-846221ac7ad6,french-quarter-nola,-90.061729,29.965351,,99,0.0,False,0.0,none
628fbf5f-6661-4d12-83ab-d9e9e2813315,french-quarter-nola,-90.06208,29.965249,,99,0.0,False,0.0,none
ac57f2e5-4afc-400e-979f-a624fd54a47b,french-quarter-nola,-90.062616,29.96492,,99,0.0,False,0.0,none
9d9438b7-e490-4e53-8b05-2f615e003b02,french-quarter-nola,-90.062729,29.964966,,99,0.0,False,0.0,none
b7645b43-a2a0-4995-8ce6-d123d7af9055,french-quarter-nola,-90.062906,29.965073,,99,0.0,False,0.0,none
ac4a4187-b4e0-4aec-9a4a-594d86cb7bf5,french-quarter-nola,-90.062985,29.96514,,99,0.0,False,0.0,none
71d81eb2-22f6-4518-8849-17e91224e5f3,french-quarter-nola,-90.063074,29.965005,,99,0.0,False,0.0,none
41309f4a-4b91-4163-a8b8-d713124db06e,french-quarter-nola,-90.06336,29.965243,7.929217338562012,99,0.0,False,0.0,none
6f505467-32ae-4b9a-b45b-e67207f7542c,french-quarter-nola,-90.063167,29.965199,,99,0.0,False,0.0,none
ed8bc9a6-0925-4996-a256-ba70ee0914e1,french-quarter-nola,-90.063557,29.965366,,99,0.0,False,0.0,none
c9bae288-a1c4-4eef-8f69-d01cca2dd302,french-quarter-nola,-90.063714,29.96529,,99,0.0,False,0.0,none
268e78d2-cc9f-46c7-be2f-55a07f97195e,french-quarter-nola,-90.063603,29.965159,,99,0.0,False,0.0,none
b3068657-9c51-42dd-8d6f-2d2ce92a9919,french-quarter-nola,-90.063504,29.964951,,99,0.0,False,0.0,none
8ea9ffa4-b26e-4f0b-b0d8-0f2fd7f05ea3,french-quarter-nola,-90.063864,29.964793,,99,0.0,False,0.0,none
66e54df3-4a63-468c-a696-a6b1fc1a5e0f,french-quarter-nola,-90.063926,29.964492,,99,0.0,False,0.0,none
e3a3fcad-a426-47dd-99dd-193b1fed45f9,french-quarter-nola,-90.064489,29.964572,,99,0.0,False,0.0,none
2c539470-0c0e-4da5-8c66-ca3a478da91c,french-quarter-nola,-90.064295,29.964852,,99,0.0,False,0.0,none
f56d6427-54aa-412b-bfe1-86a7fd04925b,french-quarter-nola,-90.064964,29.964914,,99,0.0,False,0.0,none
b91a9f87-989c-4b40-8558-f64411e39aed,french-quarter-nola,-90.064835,29.964834,,99,0.0,False,0.0,none
929debd3-177c-43f2-b7f1-6c4ae2c047d3,french-quarter-nola,-90.0652,29.964485,,99,0.0,False,0.0,none
c3055cab-5a12-4da7-b5d2-ffefb37ebc59,french-quarter-nola,-90.06535,29.964548,7.505860328674316,99,0.0,False,0.0,none
bca23cf8-ba65-46b3-96b5-fd38de7bd38c,french-quarter-nola,-90.065484,29.964528,,99,0.0,False,0.0,none
9ba02592-683e-4ae6-b111-94f46f7f74dc,french-quarter-nola,-90.06551,29.964558,,99,0.0,False,0.0,none
c4ed0683-4765-419f-9de7-e48d449bdf22,french-quarter-nola,-90.065141,29.964961,11.678732872009277,99,0.0,False,0.0,none
8820a85a-29f6-48fd-8967-af6c7dc75af0,french-quarter-nola,-90.064838,29.965018,,99,0.0,False,0.0,none
1e51afaf-3f48-4c05-9f11-7c99b164e085,french-quarter-nola,-90.064792,29.965165,,99,0.0,False,0.0,none
a95c399d-7c55-489e-93c8-e93a82f871e9,french-quarter-nola,-90.065287,29.965299,,99,0.0,False,0.0,none
f1ab5761-2d33-4c58-8e53-a599f4925ae8,french-quarter-nola,-90.065331,29.965152,,99,0.0,False,0.0,none
9f8966e3-74ca-4e9f-aa94-34558e5f0f11,french-quarter-nola,-90.06542,29.96517,,99,0.0,False,0.0,none
ca969f03-d62f-4ecb-bb28-69a87b4b311b,french-quarter-nola,-90.065462,29.965261,,99,0.0,False,0.0,none
40117102-8bc9-474e-86b5-dca15216ffdf,french-quarter-nola,-90.065428,29.965424,,99,0.0,False,0.0,none
5ad74024-f593-4427-86a1-b63c5c50af4a,french-quarter-nola,-90.065287,29.965507,,99,0.0,False,0.0,none
bad30d62-2bf8-4963-8438-7af55ec2cd9b,french-quarter-nola,-90.064732,29.965442,,99,0.0,False,0.0,none
b29857f5-cf5e-495b-a170-819f3806299d,french-quarter-nola,-90.064653,29.96551,,99,0.0,False,0.0,none
27b4f7a7-e559-4057-a371-3e2070631d58,french-quarter-nola,-90.064807,29.965621,,99,0.0,False,0.0,none
d291aa53-8805-4558-822e-183c6ed01c21,french-quarter-nola,-90.064983,29.96576,,99,0.0,False,0.0,none
60b92892-8e32-440f-b1d9-f2ec82722806,french-quarter-nola,-90.065128,29.965755,,99,0.0,False,0.0,none
d2eb0cb1-528c-4749-aeab-4417d21d9461,french-quarter-nola,-90.065278,29.965602,5.736599922180176,99,0.0,False,0.0,none
144d3054-4dca-4c3f-822f-d52e52f46fd1,french-quarter-nola,-90.065227,29.965658,,99,0.0,False,0.0,none
4df7a7e5-6d9a-478b-a7ef-2f198de1ef64,french-quarter-nola,-90.065181,29.965706,,99,0.0,False,0.0,none
23a5d232-76a4-41e0-aefc-10d2018feb6a,french-quarter-nola,-90.065528,29.965822,5.485848903656006,99,0.0,False,0.0,none
80e1eff3-43b5-4db3-b21c-9121dc764f6e,french-quarter-nola,-90.065366,29.965917,5.408531188964844,99,0.0,False,0.0,none
386d1acf-85f0-4b5c-bdc0-31328e619126,french-quarter-nola,-90.065119,29.965863,4.565042972564697,99,0.0,False,0.0,none
be64c4b1-15be-4ad6-a4d6-ea88ab04b763,french-quarter-nola,-90.065424,29.965991,,99,0.0,False,0.0,none
edbdb223-7c3a-4f86-8b2b-a87f693444b7,french-quarter-nola,-90.065498,29.966021,,99,0.0,False,0.0,none
7c33d7f4-4df2-4296-9253-acda6c5b7cfe,french-quarter-nola,-90.065147,29.966226,5.553962707519531,99,0.0,False,0.0,none
109415a3-5020-4b48-80c6-ded50b78820c,french-quarter-nola,-90.065188,29.966161,5.617351531982422,99,0.0,False,0.0,none
9a5c5a30-6d84-4c45-a994-30e768098a6b,french-quarter-nola,-90.064823,29.966103,5.559953212738037,99,0.0,False,0.0,none
22e63ada-bf28-4f63-8baf-a2a050846d91,french-quarter-nola,-90.064701,29.966238,,99,0.0,False,0.0,none
4226b9a6-b86f-4617-b7cb-9be4dccbf22b,french-quarter-nola,-90.064585,29.966015,,99,0.0,False,0.0,none
abcd307a-253d-4e92-8948-3b684c95598b,french-quarter-nola,-90.064929,29.966017,6.034294605255127,99,0.0,False,0.0,none
d3d53db8-c651-427c-9cbd-c5dcca7b50c6,french-quarter-nola,-90.064763,29.965884,,99,0.0,False,0.0,none
727f72a9-3d6b-487d-9a99-cb4aa2267a1f,french-quarter-nola,-90.064364,29.965654,9.464900970458984,99,0.0,False,0.0,none
d0da0922-9373-43b0-a71f-e8ea5a16ea3c,french-quarter-nola,-90.063556,29.965566,5.568423271179199,99,0.0,False,0.0,none
3719b9b2-963f-4ec5-96be-d05e6f79a14f,french-quarter-nola,-90.063605,29.965403,,99,0.0,False,0.0,none
2cd03228-20dc-4259-9e3e-73165c9ef581,french-quarter-nola,-90.063388,29.965423,,99,0.0,False,0.0,none
0ca7e159-0281-4775-8953-6aab0c45acaf,french-quarter-nola,-90.06344,29.965501,6.379136085510254,99,0.0,False,0.0,none
676434e9-010b-4976-939d-7255f5970f52,french-quarter-nola,-90.062683,29.965624,,99,0.0,False,0.0,none
343413c6-b51b-4d16-9ae5-cb59f246111a,french-quarter-nola,-90.062786,29.965671,,99,0.0,False,0.0,none
24d810a5-d03b-4efb-bb0e-24ee0b0f6c5e,french-quarter-nola,-90.062868,29.965719,,99,0.0,False,0.0,none
041cc664-f436-4c33-a255-e6ac7b6c6449,french-quarter-nola,-90.06247,29.965795,5.019807815551758,99,0.0,False,0.0,none
50d18cf2-f9ca-44d6-858f-78bf63ab9b3a,french-quarter-nola,-90.062564,29.965672,,99,0.0,False,0.0,none
2a322af3-5a3a-435a-bf4e-59c9ea3e2ca0,french-quarter-nola,-90.062463,29.965631,5.262327194213867,99,0.0,False,0.0,none
558b58f8-6e6e-4d30-b9cf-9575525929cb,french-quarter-nola,-90.062571,29.965512,7.886211395263672,99,0.0,False,0.0,none
4c53043f-5060-412f-96b4-bbfe692d1792,french-quarter-nola,-90.062243,29.965395,8.528541564941406,99,0.0,False,0.0,none
e34012d3-910b-4b44-a2f0-f2e3a07ca583,french-quarter-nola,-90.062109,29.965503,7.2639617919921875,99,0.0,False,0.0,none
26e85264-1de3-4032-a8a6-9e3987a117e1,french-quarter-nola,-90.062049,29.965548,,99,0.0,False,0.0,none
71e00580-7011-41b4-8ee2-715a55459d84,french-quarter-nola,-90.061798,29.965419,,99,0.0,False,0.0,none
5a1507a6-d92e-4831-99b4-c91b313efb50,french-quarter-nola,-90.061597,29.96538,,99,0.0,False,0.0,none
7b55327e-c14b-4c8a-aaa4-3b3d3d251c2a,french-quarter-nola,-90.061475,29.965412,,99,0.0,False,0.0,none
8a085020-5f83-4a05-8021-4a458fb5ca0c,galveston-seawall,-94.818702,29.298198,3.662588119506836,1,0.5,False,0.015,low
faac5457-8459-4b43-aff9-919fa0db8f9c,galveston-seawall,-94.818323,29.298201,,2,1.5,False,0.045,low
01416fcc-21eb-4733-86bf-99a8ee67d797,galveston-seawall,-94.817398,29.29812,,1,0.5,False,0.015,low
be6fe664-3e3c-40f0-9129-1dfb03d68497,galveston-seawall,-94.817234,29.298045,,1,0.5,False,0.015,low
961f72bf-910a-433f-a35b-b4b0f046cb7b,galveston-seawall,-94.817374,29.298597,,0,0.0,False,0.0,none
89480c32-74d4-403f-a241-11fade890a90,galveston-seawall,-94.816549,29.298098,,1,0.5,False,0.015,low
18af6df3-4276-409f-a5a1-358d1cc9fbd9,galveston-seawall,-94.816106,29.298076,,0,0.0,False,0.0,none
3c24137e-e7fe-4481-bc0d-5c11134478aa,galveston-seawall,-94.816082,29.297979,,1,0.5,False,0.015,low
cc150f3c-8e23-4e7a-8153-aff77b0faab4,galveston-seawall,-94.815989,29.29806,3.485147476196289,1,0.5,False,0.015,low
998a0862-4561-4260-9921-b3128bb8403f,galveston-seawall,-94.815884,29.298096,4.114206790924072,1,0.5,False,0.015,low
04d70210-66ac-4eeb-abfd-7ac11f4b2920,galveston-seawall,-94.815756,29.298141,,1,0.5,False,0.015,low
c103b604-eb09-48bb-a867-77c969912285,galveston-seawall,-94.815605,29.298069,,1,0.5,False,0.015,low
5b87a209-df61-4284-81a3-27cf0a714f3c,galveston-seawall,-94.815499,29.298013,,1,0.5,False,0.015,low
269a082c-b045-4694-97f8-2cc885c08e37,galveston-seawall,-94.815439,29.298054,,1,0.5,False,0.015,low
27fa181e-1c01-49e8-888a-4ad6802ca6a6,galveston-seawall,-94.815285,29.298069,5.414055347442627,0,0.0,False,0.0,none
b57998dd-5e54-4cda-b661-ae23c6f27d7e,galveston-seawall,-94.815326,29.298237,5.11566686630249,1,0.5,False,0.015,low
a299fe5a-34b5-46ac-8b16-9ed6c4536f8c,galveston-seawall,-94.815193,29.298466,4.909678936004639,1,0.5,False,0.015,low
ec02f52d-a096-4265-a436-76a59f5c642d,galveston-seawall,-94.813547,29.298187,3.9307353496551514,0,0.0,False,0.0,none
35d31efb-a6dd-4039-9dba-63a28cd47d7b,galveston-seawall,-94.813361,29.29804,4.140469551086426,0,0.0,False,0.0,none
765a4499-6b36-49dc-a4cc-e76082a285a7,galveston-seawall,-94.813073,29.298316,3.2483341693878174,0,0.0,False,0.0,none
9978501e-2efc-498e-8192-6a636c48bb57,galveston-seawall,-94.813055,29.298121,3.8360066413879395,0,0.0,False,0.0,none
ee352c4d-145a-4745-86ab-c80a02c09a24,galveston-seawall,-94.812221,29.298174,5.20451021194458,0,0.0,False,0.0,none
53dcec81-6177-4960-9959-fd5891e9ae5d,galveston-seawall,-94.812303,29.298311,4.796741485595703,0,0.0,False,0.0,none
ca84d837-b377-45c5-a91d-2bef3b7c26f4,galveston-seawall,-94.812529,29.298455,3.850935220718384,0,0.0,False,0.0,none
8d47bff9-01be-4a7a-9a8b-1f5113ca535f,galveston-seawall,-94.810953,29.298867,3.480712413787842,0,0.0,False,0.0,none
3560cd78-222a-4968-bb78-738ec600aea5,galveston-seawall,-94.811478,29.29873,3.9283175468444824,0,0.0,False,0.0,none
65639c55-b9ec-4a50-944b-5036267c6f40,galveston-seawall,-94.812003,29.298592,4.707685947418213,0,0.0,False,0.0,none
998bda11-3dfc-46ff-a22f-89c4819f92f4,galveston-seawall,-94.811763,29.298449,4.847271919250488,0,0.0,False,0.0,none
c0908f8b-b326-46a8-aede-159da4807879,galveston-seawall,-94.811937,29.298032,3.068763494491577,0,0.0,False,0.0,none
dc7cd16d-bd6e-42bd-8d73-fba1d5f6a5b4,galveston-seawall,-94.81149,29.298193,,0,0.0,False,0.0,none
0508d6f0-d4b2-4942-825f-30f6803c0130,galveston-seawall,-94.810951,29.298445,5.139487266540527,0,0.0,False,0.0,none
697f9610-2905-4adb-9a1e-bf918bbca2d4,galveston-seawall,-94.810862,29.298692,4.286558151245117,0,0.0,False,0.0,none
8fe88b70-d2a3-4f29-9e8c-c2ba589ae53a,galveston-seawall,-94.810796,29.298266,,0,0.0,False,0.0,none
e03af184-b966-40dc-a8f2-29d774cd5da9,galveston-seawall,-94.810534,29.297996,4.190149307250977,3,2.5,False,0.075,low
13aae35c-b039-4e22-9870-7eb2188bb8b9,galveston-seawall,-94.81029,29.29806,4.698558807373047,3,2.5,False,0.075,low
3f4b48d3-fea3-4673-892c-222a134874ff,galveston-seawall,-94.810089,29.298715,3.373920202255249,3,2.5,False,0.075,low
f84583e8-4dbb-4f21-a800-7457641d1237,galveston-seawall,-94.810078,29.29863,2.972266912460327,3,2.5,False,0.075,low
8c14ca98-30fb-46f2-9f67-44caef11ec9b,galveston-seawall,-94.810518,29.298768,,0,0.0,False,0.0,none
afdb82f2-7351-4446-ab49-64c5c20c353d,galveston-seawall,-94.810418,29.298499,2.915771007537842,0,0.0,False,0.0,none
b2f6016e-b304-442c-bd40-7d117651223c,galveston-seawall,-94.810237,29.299001,,3,2.5,False,0.075,low
73d4ca83-b0b8-412a-9337-2dd82e37a571,galveston-seawall,-94.809761,29.299167,3.5747745037078857,3,2.5,False,0.075,low
c9a9a8a7-0568-4c1d-8a60-2f48b7f2b36c,galveston-seawall,-94.810015,29.299097,,4,3.5,False,0.105,low
c290cd39-3190-4bef-9f7e-d165652ce7e3,galveston-seawall,-94.809413,29.299106,3.4073245525360107,4,3.5,False,0.105,low
cf196c64-b3dd-47cb-a83d-bb39427c10d7,galveston-seawall,-94.809472,29.299251,2.8849477767944336,4,3.5,False,0.105,low
6582731d-d229-41b9-b07a-69b483dc1486,galveston-seawall,-94.809659,29.299187,,3,2.5,False,0.075,low
dbfd8d09-c2a2-428c-89e6-545a694993a6,galveston-seawall,-94.809662,29.298967,,3,2.5,False,0.075,low
0442ab5f-1c92-4d56-9cf0-7c972d4de804,galveston-seawall,-94.809446,29.299021,2.8505308628082275,3,2.5,False,0.075,low
11e36855-ded4-4adb-92eb-a485f09e21c7,galveston-seawall,-94.809512,29.298649,2.9004440307617188,3,2.5,False,0.075,low
a85d77a0-66f1-49fa-9f80-b16d313f85cc,galveston-seawall,-94.809872,29.298535,,3,2.5,False,0.075,low
d6885219-f5a6-4821-9799-b15801bc18e3,galveston-seawall,-94.809851,29.298223,,3,2.5,False,0.075,low
5ee2cd17-cc64-4e1b-aba3-de966667ee7d,galveston-seawall,-94.809957,29.298195,3.2134056091308594,3,2.5,False,0.075,low
62b5aff9-6538-424a-9d5d-34d862ccf76f,galveston-seawall,-94.809905,29.298104,4.0584845542907715,3,2.5,False,0.075,low
e4fdca1e-5141-4e72-9db9-4b6cd1501c21,galveston-seawall,-94.809868,29.298008,3.773883581161499,3,2.5,False,0.075,low
2dff514a-2d23-4134-949f-7964a2c3c071,galveston-seawall,-94.809729,29.298178,5.016780853271484,2,1.5,False,0.045,low
818f26a2-c82f-4f61-b393-e9864238fb79,galveston-seawall,-94.809555,29.298092,5.535007953643799,3,2.5,False,0.075,low
8c56109f-55c3-4f6e-b6d2-891d13ae217c,galveston-seawall,-94.809474,29.298333,2.5652527809143066,3,2.5,False,0.075,low
d2d79bf6-eeb4-4e6f-9296-d835d4d67f16,galveston-seawall,-94.809443,29.298245,3.4321093559265137,3,2.5,False,0.075,low
fdf626b9-ffaa-4703-80f9-aa57a1a33244,galveston-seawall,-94.809438,29.298157,4.520637512207031,3,2.5,False,0.075,low
3a76f491-4679-4c6c-8dcf-4d33e6ed8850,galveston-seawall,-94.809401,29.298053,3.8776066303253174,2,1.5,False,0.045,low
310dfb5d-a4ba-4b57-ae2f-d279a7e5e62e,galveston-seawall,-94.809196,29.29801,3.6040103435516357,2,1.5,False,0.045,low
5865a7e2-3a8d-4727-af00-c7dca35ccdba,galveston-seawall,-94.809258,29.29798,3.338122844696045,2,1.5,False,0.045,low
7377ad5f-308a-43ae-bf81-1ec7902d941b,galveston-seawall,-94.809071,29.297981,4.3230695724487305,2,1.5,False,0.045,low
a908fbe1-5426-4954-a7a4-25ee300eba02,galveston-seawall,-94.809153,29.298163,4.763984203338623,3,2.5,False,0.075,low
b85f2aa9-16ab-4552-9944-ae44596bd823,galveston-seawall,-94.809252,29.298229,3.0700488090515137,3,2.5,False,0.075,low
37434d69-6fa5-45b1-bba6-07edc260a3b7,galveston-seawall,-94.809299,29.298377,,3,2.5,False,0.075,low
8fbf177e-3d84-4599-bca6-2e4c5d73dd4d,galveston-seawall,-94.808371,29.298344,,3,2.5,False,0.075,low
e17556fd-8b63-4916-9599-11a75bde7168,galveston-seawall,-94.808438,29.297998,2.882760524749756,3,2.5,False,0.075,low
5788a0cc-4025-4390-99e5-1caaab6f93ed,galveston-seawall,-94.808367,29.298033,3.8838515281677246,3,2.5,False,0.075,low
301a67f6-be74-42c4-897e-5418a42af8bc,galveston-seawall,-94.808257,29.298057,3.7854411602020264,2,1.5,False,0.045,low
2c44786b-2681-4ee2-90b5-5b359924c203,galveston-seawall,-94.808104,29.298087,3.771286725997925,2,1.5,False,0.045,low
2db80884-8350-4595-aa7a-df30a4813d47,galveston-seawall,-94.808258,29.298571,2.7438201904296875,3,2.5,False,0.075,low
6b5a586d-7bfe-471a-968e-c7061fb20510,galveston-seawall,-94.808175,29.298605,2.9920811653137207,3,2.5,False,0.075,low
49b67a1f-cf00-4440-b758-0c2622132084,galveston-seawall,-94.808143,29.29846,,3,2.5,False,0.075,low
30f1a0ce-19fa-419f-955c-75c756241dec,galveston-seawall,-94.808351,29.298566,,3,2.5,False,0.075,low
0b8f7e84-9238-48c8-af06-8b75da6ea556,galveston-seawall,-94.808436,29.298523,4.790781497955322,3,2.5,False,0.075,low
f1661399-0cf1-40e7-93cd-790838a4ac83,galveston-seawall,-94.808546,29.298545,4.769614219665527,4,3.5,False,0.105,low
2db6ae94-f9b9-475c-9fd3-24c0597f7489,galveston-seawall,-94.808637,29.298515,4.2415971755981445,3,2.5,False,0.075,low
af93005b-8b80-40b1-b0a7-63e20f64c324,galveston-seawall,-94.808235,29.299305,4.326019287109375,2,1.5,False,0.045,low
0adbcbe4-5438-4010-98a4-0f08e85f8e3b,galveston-seawall,-94.809316,29.298887,3.2117393016815186,3,2.5,False,0.075,low
6df534bf-7601-401e-bf46-7af999d7614e,galveston-seawall,-94.809178,29.299638,3.4801952838897705,4,3.5,False,0.105,low
af0e056d-0ba5-45d1-8576-0d2253d16c64,galveston-seawall,-94.808973,29.299856,3.887284755706787,3,2.5,False,0.075,low
ae816a27-0d61-4c04-ba51-2dcb0614aea4,galveston-seawall,-94.808548,29.29983,,4,3.5,False,0.105,low
79146352-3ce2-4777-9b36-a0325b2ee5d5,galveston-seawall,-94.80863,29.299841,,4,3.5,False,0.105,low
8f6a7630-7956-4d4c-929a-69c84c93d6c8,galveston-seawall,-94.80544,29.299901,3.9531211853027344,2,1.5,False,0.045,low
f5afb819-be36-466b-97ab-ee9cd39a8839,galveston-seawall,-94.806001,29.299694,,3,2.5,False,0.075,low
2c324d2f-2b54-4076-ba8d-7253d74f0430,galveston-seawall,-94.806846,29.298982,,3,2.5,False,0.075,low
71000744-ce60-4740-b90f-4b68c94861d3,galveston-seawall,-94.807048,29.298933,3.4945101737976074,3,2.5,False,0.075,low
7f3a76e6-c884-42e7-b285-9c4e605e3a1c,galveston-seawall,-94.807144,29.298847,4.812544345855713,3,2.5,False,0.075,low
c74c6318-17a6-41df-8cf0-ca5c69259986,galveston-seawall,-94.807341,29.298816,5.64301872253418,2,1.5,False,0.045,low
c2746e11-8293-4ad8-a3d5-d6c9a36f0f56,galveston-seawall,-94.807461,29.298775,4.502790451049805,3,2.5,False,0.075,low
2e4dff52-27a0-4619-8bf7-61e8dcd5bca3,galveston-seawall,-94.807654,29.298784,3.24301815032959,3,2.5,False,0.075,low
b32ccfd4-9be5-44b7-b1e0-a1887f24e070,galveston-seawall,-94.807977,29.29866,4.100647449493408,3,2.5,False,0.075,low
0d40e664-cb2a-4a11-adf4-9ca4e222819f,galveston-seawall,-94.807854,29.29822,4.5709614753723145,3,2.5,False,0.075,low
8ee620bd-1d10-4906-9de0-6260e265f8b4,galveston-seawall,-94.807946,29.298104,3.042158603668213,3,2.5,False,0.075,low
ce302a91-5442-4965-af3b-b80c16f87c3d,galveston-seawall,-94.807481,29.298313,,3,2.5,False,0.075,low
987decc6-b709-40c7-b79d-ac79464bb35e,galveston-seawall,-94.807322,29.29832,4.989558696746826,2,1.5,False,0.045,low
a3d3093e-344a-46bc-99d0-3d8513865b5a,galveston-seawall,-94.807014,29.298374,3.1104276180267334,2,1.5,False,0.045,low
64e9773a-dd96-433f-8a00-7d0ecc85146c,galveston-seawall,-94.807144,29.298336,3.8961570262908936,3,2.5,False,0.075,low
993cd8e5-47d3-43b9-828b-a93675b7c2ab,galveston-seawall,-94.807214,29.298491,,2,1.5,False,0.045,low
0ff256be-b47f-4d2c-b33a-a94d4ed9f90f,galveston-seawall,-94.80724,29.298829,4.932993412017822,3,2.5,False,0.075,low
c2bd61f8-d882-479e-85ab-701f7c1d8637,galveston-seawall,-94.807069,29.298549,2.5048274993896484,3,2.5,False,0.075,low
96eb94ac-93df-415e-839e-b2f197040052,galveston-seawall,-94.806745,29.298627,3.771933078765869,2,1.5,False,0.045,low
c9be638a-e05c-48fe-9544-b480ce5b5326,galveston-seawall,-94.806719,29.298525,4.9399590492248535,3,2.5,False,0.075,low
91f7a395-4f8f-4152-8edc-be90a09c1229,galveston-seawall,-94.806676,29.298413,4.832721710205078,3,2.5,False,0.075,low
43ea25d9-3a85-4f3f-85e9-892439f3d837,galveston-seawall,-94.806892,29.297984,5.089890956878662,2,1.5,False,0.045,low
0c19ed70-583b-4214-bc0c-671f516b7dae,galveston-seawall,-94.806524,29.297994,3.0675876140594482,2,1.5,False,0.045,low
8f18d660-b7bc-46b2-aae1-227afef90709,galveston-seawall,-94.805995,29.298021,,2,1.5,False,0.045,low
4feab6da-6029-43c5-a7e4-eadf79d0e523,galveston-seawall,-94.806098,29.298216,,2,1.5,False,0.045,low
510e9fe8-5166-4ba7-8d5c-b6bda34a08b8,galveston-seawall,-94.806034,29.298231,,2,1.5,False,0.045,low
e97c4f3f-22c7-4424-b967-2810841ac6d1,galveston-seawall,-94.806089,29.298634,3.519411087036133,2,1.5,False,0.045,low
e2c727a7-f964-4dcf-8dbc-d2908c82f3db,galveston-seawall,-94.80599,29.298668,3.770479202270508,2,1.5,False,0.045,low
1ae00189-5a2d-4ed2-b979-fd6390f332fb,galveston-seawall,-94.806134,29.298755,,2,1.5,False,0.045,low
f97197fe-214c-4057-99f7-95b25f139fc0,galveston-seawall,-94.806235,29.298716,4.979290962219238,2,1.5,False,0.045,low
7fd46f1d-f720-4865-a552-17bc1a0f2000,galveston-seawall,-94.806384,29.298734,3.881164789199829,2,1.5,False,0.045,low
cb628cc5-cb35-472f-85e1-81f24378e7aa,galveston-seawall,-94.806302,29.298517,4.5967793464660645,3,2.5,False,0.075,low
8e1c6008-0db2-4125-ae63-93412f5f5e0f,galveston-seawall,-94.806492,29.299035,2.6990411281585693,1,0.5,False,0.015,low
194658f6-30ce-48ad-b2b5-442bb4ab3782,galveston-seawall,-94.806365,29.298892,3.840742349624634,2,1.5,False,0.045,low
214fc5a6-8395-4034-8901-2090adcbd095,galveston-seawall,-94.806367,29.299057,3.491791248321533,1,0.5,False,0.015,low
fafe94a4-57bc-4507-94bc-cc4cb90bb7a0,galveston-seawall,-94.806482,29.299515,,3,2.5,False,0.075,low
19403690-52d2-4a47-8ee4-0b94860005be,galveston-seawall,-94.806406,29.299496,,3,2.5,False,0.075,low
c7668969-be50-43e6-aed5-e77c603155b5,galveston-seawall,-94.806394,29.299666,,3,2.5,False,0.075,low
bf4d66d5-5359-445c-a589-d7b3c9b343bb,galveston-seawall,-94.806304,29.299661,,3,2.5,False,0.075,low
1e3f0a3f-7713-4239-a369-b5f676e7c7ed,galveston-seawall,-94.806335,29.299496,2.8013477325439453,3,2.5,False,0.075,low
48f8b708-975f-4e58-bf15-30054f350428,galveston-seawall,-94.806269,29.299512,3.097238779067993,3,2.5,False,0.075,low
22c2e423-8d9d-4e0e-b2fa-47192442acaf,galveston-seawall,-94.805958,29.299558,3.8899495601654053,3,2.5,False,0.075,low
6a343cb6-c304-4f13-b56e-190271a82248,galveston-seawall,-94.806236,29.299068,,1,0.5,False,0.015,low
9f98722a-1eea-445b-9b17-be8aef5ea8d4,galveston-seawall,-94.806152,29.299091,,2,1.5,False,0.045,low
fcc22d53-b5e6-4a36-af1e-a31d9610bf0d,galveston-seawall,-94.805971,29.298854,,2,1.5,False,0.045,low
be84ce3c-c894-4116-869f-f780e2252219,galveston-seawall,-94.805844,29.299194,4.113266468048096,2,1.5,False,0.045,low
9da3d114-a1c0-41bf-b554-cee5600308f1,galveston-seawall,-94.805851,29.299619,4.345315456390381,2,1.5,False,0.045,low
f2f98314-11c9-42ae-bc1e-a435f205c161,galveston-seawall,-94.805702,29.299278,4.379205703735352,2,1.5,False,0.045,low
f98a77f4-3cb0-4091-9325-e3bc335adb73,galveston-seawall,-94.805371,29.299685,4.213992595672607,2,1.5,False,0.045,low
857c44e9-4c46-4955-b8c1-ead9bedea3fe,galveston-seawall,-94.805684,29.298704,,2,1.5,False,0.045,low
61ae9f9b-481f-4849-bd58-13b036bb79c5,galveston-seawall,-94.8058,29.298706,3.995232582092285,2,1.5,False,0.045,low
6b232c5a-f5d2-474d-9fe5-87ba3fb04660,galveston-seawall,-94.805686,29.298271,4.034292221069336,2,1.5,False,0.045,low
5e6cd7c3-82af-4f48-9c1b-297e71e91fe9,galveston-seawall,-94.805711,29.298366,,2,1.5,False,0.045,low
6a143d0d-25e6-4cb1-8dd1-aeb8c103680d,galveston-seawall,-94.805651,29.298117,,2,1.5,False,0.045,low
e38270c1-f4da-4dff-bee3-b15680267827,galveston-seawall,-94.805538,29.298312,4.84692907333374,2,1.5,False,0.045,low
74451244-70fd-4535-86f2-be2a7406c46e,galveston-seawall,-94.805343,29.298196,4.318839073181152,2,1.5,False,0.045,low
fbb1e156-c872-4e3d-9b87-660dfe4045a4,galveston-seawall,-94.804957,29.298159,4.586215019226074,2,1.5,False,0.045,low
501c826b-95a1-4c8d-83f3-70ac5b2b2598,galveston-seawall,-94.804919,29.298083,3.9893274307250977,1,0.5,False,0.015,low
5fce708e-7238-4cec-89e1-7a7e45c07609,galveston-seawall,-94.804957,29.298295,2.7868716716766357,2,1.5,False,0.045,low
724ac1cd-47c8-4236-a9cf-38663015838f,galveston-seawall,-94.804976,29.298382,3.4962430000305176,2,1.5,False,0.045,low
49bfec17-8f7f-48a8-9856-3e4d7d42eff4,galveston-seawall,-94.80502,29.298545,3.9785802364349365,2,1.5,False,0.045,low
212a44c5-b8fe-439d-aced-70f414c473e3,galveston-seawall,-94.805012,29.298467,4.809956073760986,2,1.5,False,0.045,low
e82c985c-c697-4685-bbd7-96a9584417bf,galveston-seawall,-94.804768,29.298539,4.365715026855469,2,1.5,False,0.045,low
7f56787f-a01f-426f-9e42-da8a7480ad4f,galveston-seawall,-94.804845,29.298516,4.9173903465271,2,1.5,False,0.045,low
d3b71be9-5872-4743-99c4-e4aac3832590,galveston-seawall,-94.804663,29.298543,5.0573225021362305,2,1.5,False,0.045,low
c32d4499-23fb-44ac-846e-98c1220c51e9,galveston-seawall,-94.804631,29.298405,3.8319954872131348,1,0.5,False,0.015,low
5c0a32df-07ba-4ebd-81ab-c80f0ea361df,galveston-seawall,-94.804785,29.298018,2.6843295097351074,1,0.5,False,0.015,low
795ed38b-ab16-4cad-8ff1-ce0205fc6f00,galveston-seawall,-94.804637,29.298075,2.684032678604126,1,0.5,False,0.015,low
5d7de0c3-7c5c-4cb5-9f38-d62094c4017e,galveston-seawall,-94.804505,29.298106,4.904392242431641,2,1.5,False,0.045,low
5cea5a79-15e9-406d-9d07-be13d9751eae,galveston-seawall,-94.804432,29.298273,,2,1.5,False,0.045,low
01c5eaea-6ee5-438b-b555-1b312b14f9bc,galveston-seawall,-94.804334,29.29829,2.680415153503418,2,1.5,False,0.045,low
b50c5b2f-f38a-45d5-b0c3-6e98bfeb25d3,galveston-seawall,-94.804301,29.298114,,1,0.5,False,0.015,low
a245ce3d-83d9-46d0-b599-d5482cf81e36,galveston-seawall,-94.804402,29.298111,,1,0.5,False,0.015,low
7b025d1b-2e3c-4da3-918b-280c43947001,galveston-seawall,-94.804167,29.298167,3.2165145874023438,1,0.5,False,0.015,low
85d59de1-f7c6-458f-85e3-7224fdf751a9,galveston-seawall,-94.804296,29.298721,4.008073329925537,2,1.5,False,0.045,low
91409333-9a48-48e7-9c79-2a029d7ef804,galveston-seawall,-94.804299,29.298574,5.384151935577393,2,1.5,False,0.045,low
2078b15d-3508-4323-9207-53259b66f258,galveston-seawall,-94.804513,29.298595,5.6930742263793945,1,0.5,False,0.015,low
95baf484-2745-4728-929a-538bd66571de,galveston-seawall,-94.80449,29.299074,4.603788375854492,2,1.5,False,0.045,low
3290fe7b-2961-4e0c-bed1-2cd87c8e1398,galveston-seawall,-94.804042,29.299421,4.475535869598389,2,1.5,False,0.045,low
a2852261-b4d5-4dee-83e9-791568da4198,galveston-seawall,-94.804091,29.299591,4.396113872528076,2,1.5,False,0.045,low
5d62f07b-17ab-473d-9d66-1b0607a56ae3,galveston-seawall,-94.804695,29.299575,3.801727294921875,2,1.5,False,0.045,low
b1865b9a-e960-4f71-b918-a3713f65403c,galveston-seawall,-94.804805,29.299342,,3,2.5,False,0.075,low
7e0b0081-ad53-43d6-958b-c63139e65e23,galveston-seawall,-94.804635,29.299425,5.083861827850342,2,1.5,False,0.045,low
b6e2049e-7ac5-4d50-b8eb-cf3910f207d5,galveston-seawall,-94.804667,29.299026,3.424415349960327,2,1.5,False,0.045,low
e3eb4cc8-0610-4f1a-9e98-61e13f1ca108,galveston-seawall,-94.804948,29.298935,4.427149772644043,2,1.5,False,0.045,low
37ad6462-d54c-4b24-ae61-4e411e9aa73f,galveston-seawall,-94.805137,29.299017,4.422501564025879,2,1.5,False,0.045,low
f5795b3f-5fe5-44de-8312-c422b2fff292,galveston-seawall,-94.805172,29.299259,4.001895904541016,2,1.5,False,0.045,low
e67724af-7e68-41dc-81bd-606050df19d3,galveston-seawall,-94.805255,29.299417,3.384570837020874,2,1.5,False,0.045,low
5337daa6-d14e-4aaa-b197-48a08e4301bc,galveston-seawall,-94.804771,29.299828,4.584854602813721,2,1.5,False,0.045,low
269d1743-e7ab-41bf-a549-acfb0385162e,galveston-seawall,-94.804872,29.300065,5.2043585777282715,2,1.5,False,0.045,low
f6ce9aa3-ca01-4b7e-a92f-65cc28f0f06d,galveston-seawall,-94.804141,29.299746,4.094674587249756,2,1.5,False,0.045,low
2a707ac3-e75c-4935-a068-55be6ae95ed7,galveston-seawall,-94.804217,29.299979,5.159061908721924,2,1.5,False,0.045,low
703cb188-62ce-4735-aeef-827a0e7fc469,galveston-seawall,-94.803481,29.299756,4.73447847366333,2,1.5,False,0.045,low
22fcbd06-b460-486a-9292-1e6e2beefdaf,galveston-seawall,-94.803541,29.299903,4.979978561401367,2,1.5,False,0.045,low
d09c6374-3a61-4dc5-a4e8-a6d36598cf7f,galveston-seawall,-94.802996,29.299917,4.589053630828857,2,1.5,False,0.045,low
dcc522bd-312c-4a26-93bc-f8e9b46c2a98,galveston-seawall,-94.80284,29.299959,5.067153453826904,2,1.5,False,0.045,low
9d772e14-f8e7-4d39-9948-f3cd1b7be1dd,galveston-seawall,-94.802639,29.300024,5.044091701507568,2,1.5,False,0.045,low
d3b7dff0-0b54-4bfb-9325-f421b25e2b37,galveston-seawall,-94.802847,29.299503,3.625951051712036,2,1.5,False,0.045,low
b9393518-8a23-4ed4-b00c-3cdf8df5079a,galveston-seawall,-94.802695,29.299545,3.675595283508301,1,0.5,False,0.015,low
c63d5345-c52e-4426-a434-bfa7256c3563,galveston-seawall,-94.803361,29.299357,2.828895092010498,1,0.5,False,0.015,low
886befa9-18a5-4e51-9e44-2d2bea9c4c96,galveston-seawall,-94.803507,29.299313,,1,0.5,False,0.015,low
7d5316ba-e1e6-4f18-b117-58d4a2a299af,galveston-seawall,-94.803737,29.299258,3.2321677207946777,1,0.5,False,0.015,low
90d650a7-2954-49ff-9c1c-feeb25ac9621,galveston-seawall,-94.803119,29.298059,,2,1.5,False,0.045,low
e1a81ac7-ca1b-4936-85a1-f5e07266afce,galveston-seawall,-94.802905,29.298131,4.095613956451416,1,0.5,False,0.015,low
7ace326f-8f1b-4b23-acb4-f5c40ae27d10,galveston-seawall,-94.802842,29.297982,4.3771820068359375,2,1.5,False,0.045,low
4d28a606-a1c9-4337-a75b-b1a3c90f4c6a,galveston-seawall,-94.802347,29.298035,,2,1.5,False,0.045,low
ba13747d-1640-4cdd-9f93-de3dfa313f2b,galveston-seawall,-94.802403,29.29813,3.130439519882202,2,1.5,False,0.045,low
e258f98f-6a5d-40a7-96c8-16cd10def295,galveston-seawall,-94.802474,29.298241,3.731217622756958,1,0.5,False,0.015,low
5584519f-500f-4146-bb1d-1cc232e84c35,galveston-seawall,-94.802251,29.298296,2.963327169418335,0,0.0,False,0.0,none
b0a3ca91-bf3d-465b-883d-a48882ed2011,galveston-seawall,-94.802489,29.299585,3.4390175342559814,2,1.5,False,0.045,low
9985aee9-ef40-42a7-892c-8766689c9e49,galveston-seawall,-94.802263,29.299611,3.677415370941162,2,1.5,False,0.045,low
c508ea30-baef-4702-91d1-2c3bb0a0ee27,galveston-seawall,-94.801684,29.299113,5.631423473358154,1,0.5,False,0.015,low
271cafea-e84c-4839-ad13-10f0bfa203b1,galveston-seawall,-94.801082,29.29817,7.330356121063232,0,0.0,False,0.0,none
915dea6a-57c3-4b1c-a221-e806005f04ac,galveston-seawall,-94.80057,29.298418,,0,0.0,False,0.0,none
4878ce69-d927-4de6-94db-984fbdaa53c8,galveston-seawall,-94.799955,29.298382,3.3203089237213135,0,0.0,False,0.0,none
ff4a7c1c-afdc-4f85-a1a7-4371588c17bf,galveston-seawall,-94.800267,29.299194,,2,1.5,False,0.045,low
9d0cab25-cdae-49be-9447-66f6a59030ad,galveston-seawall,-94.800055,29.298859,,0,0.0,False,0.0,none
52aa75a7-7622-4c90-bf06-62244daebbea,galveston-seawall,-94.799801,29.298893,,2,1.5,False,0.045,low
5df973eb-5c89-42b3-b2c5-a03fec1dc483,galveston-seawall,-94.800025,29.29925,,2,1.5,False,0.045,low
f7190a99-753c-472e-80c3-4ba5a38f1958,galveston-seawall,-94.799834,29.299308,,2,1.5,False,0.045,low
610141e8-e939-4df4-92bd-09f10cbbb172,galveston-seawall,-94.800045,29.299693,4.486487865447998,2,1.5,False,0.045,low
9c7ca964-5855-4583-b9d7-2e306a1369a7,galveston-seawall,-94.800547,29.300064,,2,1.5,False,0.045,low
3d0d335d-d62d-451a-8606-510d48730956,galveston-seawall,-94.800141,29.299806,3.8964717388153076,2,1.5,False,0.045,low
371dc79c-a89a-4e02-8cdb-8d5c64061c24,galveston-seawall,-94.801245,29.300009,12.332795143127441,1,0.5,False,0.015,low
8dc2778e-ae0e-4c6f-8412-77d8b87c539d,galveston-seawall,-94.801484,29.299888,3.9171090126037598,1,0.5,False,0.015,low
f11ebddb-52c2-483a-9693-3710bac632e6,galveston-seawall,-94.802308,29.299934,3.474000930786133,2,1.5,False,0.045,low
0af2c121-8d64-4ee0-bc6d-f47374f5f6d4,galveston-seawall,-94.802274,29.299808,3.9896795749664307,2,1.5,False,0.045,low
1b29b1cb-bc98-4d9d-b97b-c2e20b3a3863,galveston-seawall,-94.797333,29.299936,,2,1.5,False,0.045,low
3ea4b6f3-1f8e-491c-8729-c8f89f500932,galveston-seawall,-94.797225,29.299945,3.353642702102661,2,1.5,False,0.045,low
09c584ef-1b58-4a88-a9d6-568776f4838f,galveston-seawall,-94.797406,29.299899,4.418997764587402,2,1.5,False,0.045,low
72612db6-0d39-4abe-b0b8-4046b88c742b,galveston-seawall,-94.797519,29.299875,2.874471664428711,2,1.5,False,0.045,low
fec17bac-e345-44e1-904d-4c50dc138366,galveston-seawall,-94.797601,29.299871,,3,2.5,False,0.075,low
1e81840e-4054-4b77-8809-3162c467852d,galveston-seawall,-94.797667,29.299852,,2,1.5,False,0.045,low
ce691519-4f3c-4ceb-82b4-6c659fc6a8ab,galveston-seawall,-94.797766,29.299829,5.694080829620361,2,1.5,False,0.045,low
100ee29b-27de-4b8b-b7cb-1f6089a5c742,galveston-seawall,-94.797892,29.299789,5.049753665924072,2,1.5,False,0.045,low
5ed87bf2-206d-48c8-805e-49b444c77743,galveston-seawall,-94.798026,29.299746,5.673637390136719,2,1.5,False,0.045,low
6bf209e9-c930-40f4-aa90-8658010e5f8e,galveston-seawall,-94.799348,29.299991,3.2017195224761963,2,1.5,False,0.045,low
ca377f7c-82fd-4524-ab4f-ed09fcf58910,galveston-seawall,-94.798823,29.300097,4.870086669921875,2,1.5,False,0.045,low
00421bfa-e2ed-4b3c-ae31-80af6ec07477,galveston-seawall,-94.798914,29.300073,,2,1.5,False,0.045,low
4461ea06-bc2b-4188-b78c-b26ea61e1bdb,galveston-seawall,-94.798982,29.300055,,2,1.5,False,0.045,low
dcc0dba4-5b64-4074-b652-32cb211193db,galveston-seawall,-94.798556,29.299984,4.973306655883789,3,2.5,False,0.075,low
935399c6-7f31-4a85-af7d-d310cdfb07e7,galveston-seawall,-94.798758,29.29992,4.693958759307861,2,1.5,False,0.045,low
dc503612-127f-486b-9d11-7f81bfc7458a,galveston-seawall,-94.79851,29.299696,,0,0.0,False,0.0,none
60a44640-7778-4d1c-80ce-305ff35b6965,galveston-seawall,-94.798534,29.299168,,2,1.5,False,0.045,low
715ac4c5-6f3d-4c00-9095-2f6f0c4d518d,galveston-seawall,-94.798782,29.299168,4.624442100524902,2,1.5,False,0.045,low
c75dd44a-85a0-4a41-8eb7-46c78b7a391f,galveston-seawall,-94.799031,29.299035,3.3925750255584717,2,1.5,False,0.045,low
bf273c4e-81ba-4b55-be7e-eacad0a7c540,galveston-seawall,-94.798946,29.299558,3.485034942626953,0,0.0,False,0.0,none
f29ef97c-3ef4-40ca-bb45-aa5b9c9fee9a,galveston-seawall,-94.799606,29.29936,3.7996530532836914,2,1.5,False,0.045,low
d9d44ed8-9b42-411e-8940-8b3af7787f3c,galveston-seawall,-94.799667,29.298918,,2,1.5,False,0.045,low
c7633d19-5d83-46f6-84ed-0b8cf01f758d,galveston-seawall,-94.799536,29.298942,4.791335105895996,1,0.5,False,0.015,low
0db24852-d0b1-4281-a5f7-bea285dacf33,galveston-seawall,-94.799399,29.299028,4.887328147888184,2,1.5,False,0.045,low
9dc22af8-0a32-401a-bdc3-0f6af20099da,galveston-seawall,-94.799256,29.298543,4.419179439544678,1,0.5,False,0.015,low
094abec1-6266-42eb-a81e-56735d6794f8,galveston-seawall,-94.798696,29.298791,5.089747905731201,1,0.5,False,0.015,low
751b7f62-881b-40ef-beff-b960a7b45d79,galveston-seawall,-94.798439,29.298022,,0,0.0,False,0.0,none
653e62ab-5811-4ab2-b4e2-e88a28c2756a,galveston-seawall,-94.798016,29.298156,3.2125933170318604,0,0.0,False,0.0,none
67eb5ac6-a2f8-412f-af26-0f86004e042e,galveston-seawall,-94.798195,29.298918,3.9616305828094482,1,0.5,False,0.015,low
91e518da-bfd5-44c1-a171-529fcabd6070,galveston-seawall,-94.798228,29.299187,4.113004207611084,2,1.5,False,0.045,low
0fbe6b80-df77-472b-8837-e7af1ddefcac,galveston-seawall,-94.798306,29.299099,,2,1.5,False,0.045,low
56b08d05-41f6-4e29-82ea-aaa5631a5a12,galveston-seawall,-94.798356,29.299245,,2,1.5,False,0.045,low
323eb43e-bc42-4f9d-80fc-91b3b2e336e0,galveston-seawall,-94.798281,29.299371,4.242591381072998,2,1.5,False,0.045,low
59d98215-8e58-493a-aa09-70220d054292,galveston-seawall,-94.797839,29.299385,4.621628761291504,2,1.5,False,0.045,low
5a2f8270-6349-4568-87b5-c6d1769516b1,galveston-seawall,-94.797703,29.298842,,1,0.5,False,0.015,low
2f452c92-0fbe-43e6-854f-f8512a101399,galveston-seawall,-94.797621,29.299019,4.2759881019592285,1,0.5,False,0.015,low
9d62ac8f-703b-44b6-bef5-f3bf90b014f8,galveston-seawall,-94.797323,29.299348,3.077407121658325,1,0.5,False,0.015,low
d6687df4-58d3-459e-a3d8-cc7ee636a939,galveston-seawall,-94.797385,29.299539,2.9528303146362305,1,0.5,False,0.015,low
f533f35c-6ad8-4502-a1fd-1b17ef3c6d77,galveston-seawall,-94.797147,29.299536,5.272826671600342,2,1.5,False,0.045,low
e0a21faf-0ec5-4f15-b92f-0e037f78abb2,galveston-seawall,-94.797183,29.299627,2.6805150508880615,2,1.5,False,0.045,low
160db5f1-db1c-41a3-b530-8ab1fa9a580d,galveston-seawall,-94.79713,29.299465,5.405386447906494,2,1.5,False,0.045,low
e6330cd3-1847-44d4-92ed-ad1a31ce307c,galveston-seawall,-94.79709,29.299088,,1,0.5,False,0.015,low
7baa072c-5744-4535-9452-416bbce0e62f,galveston-seawall,-94.797232,29.29909,,1,0.5,False,0.015,low
9110bacd-80f2-4050-884e-4c6f1b6a0b05,galveston-seawall,-94.7974,29.298336,5.241690158843994,0,0.0,False,0.0,none
467c10a4-fe3a-4560-89bf-7bcbf7c3f0eb,galveston-seawall,-94.797528,29.298299,4.341513156890869,0,0.0,False,0.0,none
51311bd7-fcaa-41ea-89c1-7c24c1de4579,galveston-seawall,-94.79725,29.298344,4.763333320617676,0,0.0,False,0.0,none
248dde92-120e-43f2-bc15-4f6f644a753b,galveston-seawall,-94.797138,29.298397,4.840814113616943,0,0.0,False,0.0,none
551b3122-bb15-4ef8-baf3-2490bc139f5d,galveston-seawall,-94.79717,29.298061,5.069448471069336,0,0.0,False,0.0,none
bb5cd37e-243a-4ebb-8f78-3c7cc591915a,galveston-seawall,-94.796729,29.298002,4.96308708190918,0,0.0,False,0.0,none
b2845199-d258-4ff5-b0f4-755f12aaee48,galveston-seawall,-94.796859,29.298366,4.317453384399414,0,0.0,False,0.0,none
6f15e14a-ba58-40c9-b1bb-71d119855c68,galveston-seawall,-94.796654,29.298217,4.9438629150390625,1,0.5,False,0.015,low
655790ac-2b7b-4293-906e-49c34e2bba19,galveston-seawall,-94.796711,29.298075,3.985867500305176,0,0.0,False,0.0,none
7edf3241-0e57-4043-908a-3ea4a4b4975b,galveston-seawall,-94.79658,29.298022,8.261622428894043,0,0.0,False,0.0,none
d0b71fa2-5bd3-4aba-8982-a6f8ca743ec5,galveston-seawall,-94.796318,29.298299,,0,0.0,False,0.0,none
444f51cd-5965-4213-948e-96cdbdcbbea5,galveston-seawall,-94.796211,29.29822,4.405479431152344,0,0.0,False,0.0,none
375628d2-5a6d-4a39-8d2a-daecf9ce0f69,galveston-seawall,-94.796191,29.29814,6.32343053817749,0,0.0,False,0.0,none
ead31e3f-f887-4ac9-bbd8-cefb4002e74b,galveston-seawall,-94.795814,29.298275,5.216639518737793,0,0.0,False,0.0,none
9d9e3daa-f27a-4577-9f8f-08fc8339052b,galveston-seawall,-94.795691,29.298281,5.959726810455322,0,0.0,False,0.0,none
0c4d6be3-0bb8-4d7f-9fdf-598fa3027d7a,galveston-seawall,-94.795967,29.298257,5.916439533233643,0,0.0,False,0.0,none
cc66a847-2e47-49d5-8074-83c25dded36e,galveston-seawall,-94.795741,29.298425,5.5358428955078125,0,0.0,False,0.0,none
39c54a5f-5d92-42e2-bb60-38e8c1c23ec4,galveston-seawall,-94.795793,29.298574,2.52838397026062,0,0.0,False,0.0,none
f9df40ad-a434-49a7-904b-904cbba958bb,galveston-seawall,-94.795753,29.298796,6.215596675872803,0,0.0,False,0.0,none
a119dcff-3816-47c9-8961-8c5b6b9b84f6,galveston-seawall,-94.795868,29.298745,4.9153571128845215,0,0.0,False,0.0,none
e4ecd6f3-d1cc-40e6-b140-5cd048f236fe,galveston-seawall,-94.795996,29.298689,4.256436824798584,0,0.0,False,0.0,none
d1d90e14-41a8-4dc8-ac27-f50d9e575d19,galveston-seawall,-94.796277,29.298602,3.0139307975769043,0,0.0,False,0.0,none
0532673a-9434-4ea1-af91-e8c4bb024036,galveston-seawall,-94.796313,29.298434,,0,0.0,False,0.0,none
1bd63f67-53a3-43a1-b689-35278ca52c23,galveston-seawall,-94.796255,29.299403,9.149452209472656,0,0.0,False,0.0,none
3a1a9abb-f6c6-4759-993e-cb1dfb7c0e90,galveston-seawall,-94.796574,29.299252,5.3415303230285645,1,0.5,False,0.015,low
5f7e7485-9f87-4651-8d8c-3ee5979c87c4,galveston-seawall,-94.796135,29.299791,4.747737884521484,1,0.5,False,0.015,low
8de0ed7f-bd91-4993-8b2a-d7993675b46d,galveston-seawall,-94.795939,29.29979,3.581252098083496,0,0.0,False,0.0,none
a8cefe0d-8ca1-4221-8278-b451d0db921d,galveston-seawall,-94.795067,29.299698,3.8107311725616455,0,0.0,False,0.0,none
d6cbb6a2-1e12-4213-847a-350486ad21c0,galveston-seawall,-94.79483,29.300105,5.463871002197266,1,0.5,False,0.015,low
e5db8591-09a3-47a9-b224-e5c9c2dc9cfd,galveston-seawall,-94.794328,29.299478,,0,0.0,False,0.0,none
8ed1cba4-b3c7-442f-af90-251bd0d3f34f,galveston-seawall,-94.794589,29.29894,4.087825298309326,0,0.0,False,0.0,none
81eaae4d-cd3c-4ada-abda-e0500208c548,galveston-seawall,-94.79543,29.299661,3.1984901428222656,0,0.0,False,0.0,none
4bafe59e-4995-45d1-86b9-50fe8ce8b11a,galveston-seawall,-94.795193,29.299001,,0,0.0,False,0.0,none
9ca788ad-2946-474b-b7e0-6195338dc40a,galveston-seawall,-94.79502,29.298429,5.742467880249023,0,0.0,False,0.0,none
a1abb6ca-6c53-4024-9fd4-e96bfc77d3cd,galveston-seawall,-94.795614,29.29883,6.025084972381592,0,0.0,False,0.0,none
10f4a0d2-ae68-4a80-aa60-da15b4003643,galveston-seawall,-94.795523,29.298617,,0,0.0,False,0.0,none
177d9ae2-60cd-47ba-9062-905d8b673703,galveston-seawall,-94.795649,29.298605,,0,0.0,False,0.0,none
88085995-2a07-4527-aadb-156b8414ba7f,galveston-seawall,-94.795646,29.298469,,0,0.0,False,0.0,none
2830e8ac-69c3-43c7-aa2e-f7ccb7939520,galveston-seawall,-94.795504,29.298508,5.674306392669678,0,0.0,False,0.0,none
af3bf3a5-ddef-4eb0-864e-176d578026ff,galveston-seawall,-94.795458,29.298321,3.331817388534546,0,0.0,False,0.0,none
fdff86c6-5e23-4966-a626-747c50b205c1,galveston-seawall,-94.795579,29.298279,3.4276022911071777,0,0.0,False,0.0,none
f79d30f8-a72f-4cbb-9188-7e55a270b468,galveston-seawall,-94.794892,29.298028,4.448390007019043,0,0.0,False,0.0,none
511a587f-b109-41bb-8f59-928b82f2853c,galveston-seawall,-94.794925,29.29866,5.46781587600708,0,0.0,False,0.0,none
adab6c92-d6c2-434f-9a23-6f41a2eaa747,galveston-seawall,-94.794991,29.298813,4.731494903564453,0,0.0,False,0.0,none
879ac9ba-b9cd-4ebe-a663-a9977770de30,galveston-seawall,-94.794754,29.298503,7.086968898773193,0,0.0,False,0.0,none
26606787-8ad8-4aeb-b3cf-96a59d71a979,galveston-seawall,-94.794635,29.298565,5.898806571960449,0,0.0,False,0.0,none
22ed293b-453a-4d62-a680-a9f6832ef79f,galveston-seawall,-94.794407,29.298625,,0,0.0,False,0.0,none
6ec92552-51fa-4812-9a88-52e034bea7eb,galveston-seawall,-94.794385,29.298801,3.102755069732666,0,0.0,False,0.0,none
9ace0317-00e9-44fb-99ba-16f7e37babbf,galveston-seawall,-94.794333,29.298699,3.896127462387085,0,0.0,False,0.0,none
4e368799-2de7-4aea-a5d2-9a651a9fd140,galveston-seawall,-94.79449,29.298568,5.907953262329102,0,0.0,False,0.0,none
9ad604cb-6c2c-484a-a666-f936769fe079,galveston-seawall,-94.794636,29.298101,5.716203212738037,0,0.0,False,0.0,none
9deee299-508e-42fb-a53b-e07b052d71cb,galveston-seawall,-94.794444,29.298142,5.203503131866455,0,0.0,False,0.0,none
2b285fc9-c9e6-40a1-aa7b-bfeba30b7572,galveston-seawall,-94.794164,29.29807,5.672181606292725,0,0.0,False,0.0,none
d21ddb30-646b-4d66-b74c-964b31cc3b23,galveston-seawall,-94.794312,29.298121,,0,0.0,False,0.0,none
d3952771-a6cc-4731-9d0d-fadf93f4b9b4,galveston-seawall,-94.79425,29.298252,5.584011554718018,0,0.0,False,0.0,none
14f8305f-9341-432e-941c-91c2a403df6c,galveston-seawall,-94.793647,29.29832,5.421706199645996,0,0.0,False,0.0,none
cf6a3a26-9899-4991-a4ec-34c700ef8b05,galveston-seawall,-94.794303,29.298574,5.627766132354736,0,0.0,False,0.0,none
c2149b17-fa32-46cf-9654-4cffcbc172f5,galveston-seawall,-94.793656,29.29901,5.785126686096191,0,0.0,False,0.0,none
06f6ca6f-89ea-4eef-8d2b-e0039269d364,galveston-seawall,-94.793263,29.299374,3.9203031063079834,0,0.0,False,0.0,none
1722134f-b735-4650-ad53-ca5900fca98b,galveston-seawall,-94.793072,29.298484,5.03101921081543,0,0.0,False,0.0,none
a2b98b39-efd1-4ad4-9590-114c2c86cc2c,galveston-seawall,-94.793577,29.298064,6.696831703186035,0,0.0,False,0.0,none
be33749f-ee44-4802-96ea-6a19a0059016,galveston-seawall,-94.793445,29.298116,2.893221616744995,0,0.0,False,0.0,none
74e85122-0a54-44cd-bc3e-b2968a81056f,galveston-seawall,-94.793321,29.29815,4.541330337524414,0,0.0,False,0.0,none
844061b6-2650-4ee6-8f0b-3cfbddfe7465,galveston-seawall,-94.793131,29.298006,5.523453712463379,0,0.0,False,0.0,none
52dab64a-8e30-430c-81a9-66d9379e30e1,galveston-seawall,-94.793027,29.298224,3.630674123764038,0,0.0,False,0.0,none
b624293f-48ce-4871-801d-7a793d00be7e,galveston-seawall,-94.792934,29.298083,5.692950248718262,0,0.0,False,0.0,none
c24cef28-d5db-47af-99c5-dc7c2c09c5be,galveston-seawall,-94.792782,29.298189,,0,0.0,False,0.0,none
cb3ac8d4-18a4-466e-8d56-3a61259eadb9,galveston-seawall,-94.792454,29.298663,8.54123592376709,0,0.0,False,0.0,none
32050505-92b1-4a0c-81cb-0cb917e87785,galveston-seawall,-94.792276,29.2988,,0,0.0,False,0.0,none
f4b5aea1-df79-4294-a6a9-7aac89ec9603,galveston-seawall,-94.792273,29.298248,7.443055152893066,0,0.0,False,0.0,none
efbe4088-33a5-4a75-9fd6-a53720e8681a,galveston-seawall,-94.791893,29.298342,4.835586071014404,0,0.0,False,0.0,none
1dccab91-cee2-45be-92d5-13a19afa7e06,galveston-seawall,-94.791658,29.29843,,0,0.0,False,0.0,none
cdbee4ab-430e-48ce-8e17-973c591c9e5a,galveston-seawall,-94.791872,29.298897,6.253749370574951,0,0.0,False,0.0,none
d63c2cf0-41d8-48d0-b842-2a249ad00f1b,galveston-seawall,-94.792049,29.299284,4.655830383300781,0,0.0,False,0.0,none
85d05cab-659e-43ac-93e2-2c4298614dd8,galveston-seawall,-94.792448,29.299578,4.466559410095215,0,0.0,False,0.0,none
c125219c-8100-4e63-ab42-779b2a15e490,galveston-seawall,-94.792453,29.299302,,0,0.0,False,0.0,none
6ba6df9b-a06e-4248-b1b9-24d83a12d539,galveston-seawall,-94.79258,29.2991,4.150553226470947,0,0.0,False,0.0,none
4e6d1cbb-e292-4d20-bd90-290d0a8c34c5,galveston-seawall,-94.792686,29.299239,,0,0.0,False,0.0,none
d19f13f8-3c8f-4474-be64-af8ec9847db5,galveston-seawall,-94.791706,29.299809,,0,0.0,False,0.0,none
7580c008-b760-4b45-b51e-e47af25ccf81,galveston-seawall,-94.79164,29.299928,,0,0.0,False,0.0,none
a7e40762-c66f-4d29-b71e-eb1075811062,galveston-seawall,-94.794025,29.300042,8.415777206420898,0,0.0,False,0.0,none
7c89dca3-d35e-4e22-83f4-bec55a60e79b,galveston-seawall,-94.788867,29.300074,5.625583648681641,0,0.0,False,0.0,none
d0b9f2fd-e305-40b9-85db-7234dac49c5f,galveston-seawall,-94.788989,29.300016,5.888650894165039,0,0.0,False,0.0,none
fee3c53c-88a5-4ac8-bf48-972ce4d12a1a,galveston-seawall,-94.789126,29.299987,5.250766277313232,0,0.0,False,0.0,none
1c2e2442-8089-41e8-af49-0ce4216afd5f,galveston-seawall,-94.789253,29.299954,4.428600311279297,1,0.5,False,0.015,low
69ea393f-fc60-4544-a65d-42a8e3d293de,galveston-seawall,-94.789623,29.299894,2.954821825027466,0,0.0,False,0.0,none
d719d5e4-dbda-412f-963e-d4a8ecab455b,galveston-seawall,-94.78977,29.299868,4.151748180389404,0,0.0,False,0.0,none
ae210c28-1eb3-4c23-97be-d5bbb3e35b51,galveston-seawall,-94.789919,29.299982,,0,0.0,False,0.0,none
a2dcb281-a6c7-43c6-9ae1-9805806f757f,galveston-seawall,-94.789897,29.299796,4.6868486404418945,0,0.0,False,0.0,none
9c954e52-3294-4103-8839-f0fc104458c2,galveston-seawall,-94.790044,29.299773,6.8006978034973145,0,0.0,False,0.0,none
c948348e-56ce-4a59-8ca1-222552641a11,galveston-seawall,-94.790134,29.299703,6.570820331573486,0,0.0,False,0.0,none
66bd6653-89d7-4695-89b8-3082153ed7e6,galveston-seawall,-94.790198,29.299905,3.639054536819458,0,0.0,False,0.0,none
75f9b402-5bdd-493a-a54c-575e18e62d9d,galveston-seawall,-94.790064,29.29994,3.6509392261505127,0,0.0,False,0.0,none
55059f84-e2c8-4870-92ef-3b8a6f5308da,galveston-seawall,-94.791564,29.299785,5.968502044677734,0,0.0,False,0.0,none
a689671d-aae3-4510-ab81-82656a87a6b1,galveston-seawall,-94.791427,29.299751,,0,0.0,False,0.0,none
7a908f76-bc22-48c8-aa40-cc7848fc64aa,galveston-seawall,-94.791362,29.299897,6.671842575073242,0,0.0,False,0.0,none
2166b96c-719a-4f4c-adf6-7372de242491,galveston-seawall,-94.791255,29.29975,,0,0.0,False,0.0,none
40e26933-055e-4115-b93f-a0ee1d65be0e,galveston-seawall,-94.791155,29.299776,4.028194427490234,0,0.0,False,0.0,none
6b10d0ef-0bbc-4d3c-9e11-4f5939dbc7cf,galveston-seawall,-94.791027,29.299959,5.915331840515137,0,0.0,False,0.0,none
5dc50cc2-d52c-466f-8cae-c47497dbe20d,galveston-seawall,-94.790528,29.300085,6.462175369262695,0,0.0,False,0.0,none
725354b4-5612-4606-91e4-c1b9143c0e2d,galveston-seawall,-94.790322,29.299863,5.198167324066162,0,0.0,False,0.0,none
72902b0e-553e-4563-bba8-5e6f92dbd6d5,galveston-seawall,-94.790234,29.299688,5.4473772048950195,0,0.0,False,0.0,none
d5c6acab-0fb5-4e42-8a5e-677e59e1d2bd,galveston-seawall,-94.790402,29.29969,4.076752662658691,0,0.0,False,0.0,none
bb9886ff-2d9d-4187-8df2-4893c30a0264,galveston-seawall,-94.790297,29.299323,5.811294078826904,0,0.0,False,0.0,none
c94ac2b4-c2a8-4e06-b579-5ef8972f46fb,galveston-seawall,-94.790243,29.299219,3.978299379348755,0,0.0,False,0.0,none
67e37973-e4bb-489e-bc4d-7120eb3ad906,galveston-seawall,-94.790518,29.298846,5.636273384094238,0,0.0,False,0.0,none
44f9b82f-4284-4d75-bf3a-6fe74c50d006,galveston-seawall,-94.79069,29.299146,5.587169647216797,0,0.0,False,0.0,none
8eddd440-0aca-462f-b400-cf87c284c54e,galveston-seawall,-94.79088,29.299086,5.610358715057373,0,0.0,False,0.0,none
2b1181d7-7192-4010-8839-d368fb352e2c,galveston-seawall,-94.790842,29.299637,6.159806251525879,0,0.0,False,0.0,none
1ed1c185-b67c-4e9d-a0a7-276567f1f087,galveston-seawall,-94.791066,29.299513,6.142251491546631,0,0.0,False,0.0,none
f482617e-baa2-4583-89e8-1e4f27b80d68,galveston-seawall,-94.79091,29.299514,7.2524590492248535,0,0.0,False,0.0,none
a53ab39d-5179-440a-a4f8-44081f16c477,galveston-seawall,-94.79121,29.299455,6.470664978027344,0,0.0,False,0.0,none
9c3c497c-69a7-49b4-85f3-7228d52b544d,galveston-seawall,-94.791134,29.299658,4.126453876495361,0,0.0,False,0.0,none
9c6ebf12-cf07-4749-a34d-280b799cbf35,galveston-seawall,-94.791271,29.299628,2.932236433029175,0,0.0,False,0.0,none
07bb5dde-f338-4279-ad51-c22bf1fff617,galveston-seawall,-94.791261,29.299508,4.8808817863464355,0,0.0,False,0.0,none
bb81ebc0-8b69-40c0-bb0b-1288a201c3d6,galveston-seawall,-94.79138,29.299601,3.5592172145843506,0,0.0,False,0.0,none
737276ab-2695-48a8-977d-9ac3478f4f38,galveston-seawall,-94.791517,29.299426,4.210293769836426,0,0.0,False,0.0,none
52fb3427-08ce-4184-a2c7-390715c75b1b,galveston-seawall,-94.791314,29.29941,6.728906631469727,0,0.0,False,0.0,none
f89fc6dc-6f67-4e37-b6be-1ad37a38c880,galveston-seawall,-94.79137,29.29888,4.2840752601623535,0,0.0,False,0.0,none
0371f8c0-4e9d-4f6a-97a9-e3c6b20a57a3,galveston-seawall,-94.791269,29.299005,5.852532386779785,0,0.0,False,0.0,none
a332f9db-c654-4ca9-9389-8c94aa709529,galveston-seawall,-94.79121,29.298846,,0,0.0,False,0.0,none
531a4f9f-7602-48cd-9c8e-ad0df4938af9,galveston-seawall,-94.791142,29.299042,4.974434852600098,0,0.0,False,0.0,none
bc4d4f47-f4ae-4f10-a5bc-a105b025ab57,galveston-seawall,-94.791011,29.299065,5.471847057342529,0,0.0,False,0.0,none
e8c14585-a4e8-4c11-b2d0-df594f5fd272,galveston-seawall,-94.791062,29.298858,4.176100254058838,0,0.0,False,0.0,none
0cc2bd67-ffef-47be-9ccc-43873a78bb56,galveston-seawall,-94.791065,29.298591,5.677550315856934,0,0.0,False,0.0,none
1b86d8f3-7bc0-4661-b915-60e5c41ec427,galveston-seawall,-94.790905,29.298,4.813526153564453,0,0.0,False,0.0,none
7fde04df-4a89-4946-b70b-fd3c1de46faa,galveston-seawall,-94.790703,29.298184,6.507175445556641,0,0.0,False,0.0,none
286e9d90-1239-4f21-a12d-fd87dd338a38,galveston-seawall,-94.790736,29.298669,5.356926441192627,0,0.0,False,0.0,none
1997b1d9-0bce-47df-bb0a-536a09412963,galveston-seawall,-94.790459,29.298702,6.403436660766602,0,0.0,False,0.0,none
2017f911-be58-4637-a2d2-dfe35e58a004,galveston-seawall,-94.79042,29.298223,7.5999345779418945,0,0.0,False,0.0,none
879b5c8a-4f59-4357-a343-8aaafe3acced,galveston-seawall,-94.789725,29.29837,2.851370096206665,0,0.0,False,0.0,none
b6dfd128-f007-4494-8645-6069aa157bf2,galveston-seawall,-94.789915,29.298822,6.39078950881958,0,0.0,False,0.0,none
a951c24f-b783-4b75-afb8-0f6fc8aa65da,galveston-seawall,-94.790067,29.298788,6.981905937194824,1,0.5,False,0.015,low
50c9c026-672c-462e-a003-7e9c2ec577c9,galveston-seawall,-94.790064,29.299112,,0,0.0,False,0.0,none
91166ab6-0edb-4252-b851-3ce6b6190f58,galveston-seawall,-94.790203,29.299108,,0,0.0,False,0.0,none
4693da35-df01-4368-b897-c5a5c7fb9144,galveston-seawall,-94.790151,29.299281,6.108723163604736,0,0.0,False,0.0,none
e3100150-4ddc-448e-a10b-05adc3bcd080,galveston-seawall,-94.790055,29.299306,6.431251049041748,0,0.0,False,0.0,none
aac56f0f-3d67-4de6-ac9b-5a5fbff72a1e,galveston-seawall,-94.789749,29.299408,4.496570110321045,0,0.0,False,0.0,none
db4c138e-b4b5-4091-818a-6bca386ba1b5,galveston-seawall,-94.78986,29.299385,4.7538557052612305,0,0.0,False,0.0,none
6577dbfa-c24e-4f1f-bbeb-a5b734a24c16,galveston-seawall,-94.789757,29.299068,2.64774227142334,0,0.0,False,0.0,none
5d908e5b-3a2b-4864-ae5f-1642d80bf8d2,galveston-seawall,-94.789817,29.298876,,0,0.0,False,0.0,none
18276c81-8712-4d21-b4b5-85fc014f552a,galveston-seawall,-94.789689,29.298885,5.271305084228516,0,0.0,False,0.0,none
dda1d0db-f05a-450b-9f5d-7fcdaa25e0db,galveston-seawall,-94.78956,29.298915,4.912315368652344,0,0.0,False,0.0,none
a942a772-9f69-464f-af9f-dacbbacad76b,galveston-seawall,-94.789473,29.299021,4.6478962898254395,0,0.0,False,0.0,none
be67000c-106b-4f03-94af-d813531b1941,galveston-seawall,-94.789284,29.298935,6.231445789337158,1,0.5,False,0.015,low
5feff9c7-52b7-4edc-a1eb-cd84be5a54f0,galveston-seawall,-94.789338,29.299055,6.321649074554443,0,0.0,False,0.0,none
71b29478-5d69-4e18-b614-332ca05bde9d,galveston-seawall,-94.789354,29.299172,5.3996806144714355,0,0.0,False,0.0,none
29c2701c-7af1-459c-9bd0-3ce2a9c12341,galveston-seawall,-94.789401,29.299292,4.069542407989502,0,0.0,False,0.0,none
5784ff04-025e-4c07-8069-7d42c834b3e2,galveston-seawall,-94.78948,29.299464,4.0578083992004395,0,0.0,False,0.0,none
61f09ece-e723-497c-82a4-7f4ee4e70a56,galveston-seawall,-94.789458,29.298302,14.35507583618164,0,0.0,False,0.0,none
1af05de7-57d1-47e0-b709-ef38f49e8c17,galveston-seawall,-94.789483,29.298185,,0,0.0,False,0.0,none
c26b6a58-212e-4975-9339-c2a8cd7768b0,galveston-seawall,-94.788671,29.298203,3.4153542518615723,0,0.0,False,0.0,none
23a80c40-492a-4c1a-94e8-7411114e6cb0,galveston-seawall,-94.788536,29.298271,5.796158790588379,0,0.0,False,0.0,none
df4b2be5-1157-4eb2-921a-0aaaf9cf4868,galveston-seawall,-94.788695,29.298366,4.882768630981445,0,0.0,False,0.0,none
16e15bd9-605d-4265-838b-02e74dac7a47,galveston-seawall,-94.788774,29.298736,6.089179039001465,0,0.0,False,0.0,none
fe81941a-f5d4-49a7-9629-204f29b060ec,galveston-seawall,-94.788612,29.298729,4.823897361755371,0,0.0,False,0.0,none
0b7c5670-8526-4385-b36c-bb59f440f68b,galveston-seawall,-94.788582,29.298571,3.4555394649505615,0,0.0,False,0.0,none
f02f0879-04d6-434b-9229-01cc853a75e3,galveston-seawall,-94.78859,29.298437,,0,0.0,False,0.0,none
d8df2717-13d0-457b-b185-cd330a9a97ad,galveston-seawall,-94.788462,29.298453,3.7367241382598877,0,0.0,False,0.0,none
6427fd57-7dc6-48db-8a61-7e7b14bf0ceb,galveston-seawall,-94.788431,29.29881,5.6590256690979,0,0.0,False,0.0,none
9fe7206d-c614-4d78-ab01-dc8c16462c6b,galveston-seawall,-94.788379,29.298623,4.210474491119385,0,0.0,False,0.0,none
5cc49b67-d2d4-4b0c-bfce-19ab4908371b,galveston-seawall,-94.78829,29.298799,6.577864646911621,0,0.0,False,0.0,none
fbcd8162-ac88-4145-8c23-ea5134627c4e,galveston-seawall,-94.788215,29.298519,2.701155424118042,0,0.0,False,0.0,none
90a21205-14cd-4df2-b98a-56df14343859,galveston-seawall,-94.78825,29.298323,5.446739196777344,0,0.0,False,0.0,none
a3aef0d0-2b11-48e1-b0b1-b3483db29a43,galveston-seawall,-94.788395,29.298291,5.804196357727051,0,0.0,False,0.0,none
dbf3ce9e-f297-48ff-bb65-c9f1bc97209e,galveston-seawall,-94.788143,29.298357,5.118336200714111,0,0.0,False,0.0,none
84b918ed-dce8-44ae-a646-8a96c428414b,galveston-seawall,-94.787995,29.298352,6.472782611846924,0,0.0,False,0.0,none
70e0a64a-ab49-4403-966f-554e22c73791,galveston-seawall,-94.787862,29.298364,3.281342029571533,0,0.0,False,0.0,none
8bb1a09c-fd72-4af1-8016-f2fea2f15bf0,galveston-seawall,-94.787741,29.298018,4.565099716186523,0,0.0,False,0.0,none
61de24dd-b4fa-4dbf-a72b-2339bc6a7a00,galveston-seawall,-94.787516,29.298526,6.562507629394531,0,0.0,False,0.0,none
29890eb8-13ba-4b84-a606-8146adf01a71,galveston-seawall,-94.787497,29.298708,7.595339298248291,0,0.0,False,0.0,none
c0677181-b823-4731-8e6c-1f9f75d446d3,galveston-seawall,-94.787604,29.298827,6.359565258026123,0,0.0,False,0.0,none
6a54d2fe-0960-4eb2-b70c-e3e1fee7efda,galveston-seawall,-94.787897,29.298495,7.2837042808532715,0,0.0,False,0.0,none
a40ad9b8-00ad-4cf8-b964-54521fd33445,galveston-seawall,-94.788082,29.298569,2.590615749359131,0,0.0,False,0.0,none
a54e875d-363c-414a-b62c-effe3099975e,galveston-seawall,-94.788053,29.298902,7.822432518005371,0,0.0,False,0.0,none
180d0892-dbe8-4729-934a-3618b3054121,galveston-seawall,-94.78762,29.298995,7.550811290740967,0,0.0,False,0.0,none
a1691b92-1d69-4659-8d41-df0e3acc2196,galveston-seawall,-94.788168,29.298851,7.92011833190918,0,0.0,False,0.0,none
2242dca7-0f05-477a-90b4-256d272fc3c5,galveston-seawall,-94.788589,29.299473,4.788427352905273,0,0.0,False,0.0,none
a4abfff8-3e2e-4caf-befa-5134e8cc509f,galveston-seawall,-94.787172,29.299991,,0,0.0,False,0.0,none
51a33240-909c-41ad-8f4e-f6314c2ea462,galveston-seawall,-94.78708,29.299764,,0,0.0,False,0.0,none
80f864a4-5dd4-42f0-be14-30835f0f7e6d,galveston-seawall,-94.786634,29.30002,,0,0.0,False,0.0,none
8d872829-a4ac-43c2-8fc9-a30a7ff6d4bb,galveston-seawall,-94.786793,29.300015,6.213461875915527,0,0.0,False,0.0,none
c91388d7-a83d-4264-aa35-431afd762110,galveston-seawall,-94.786709,29.299862,4.972358226776123,0,0.0,False,0.0,none
eda3d4e2-e214-40b4-a963-e7382d211dee,galveston-seawall,-94.786588,29.299888,2.80863881111145,0,0.0,False,0.0,none
4be906b7-190a-4b0a-a914-c2adf50744e5,galveston-seawall,-94.786532,29.299703,6.066922664642334,0,0.0,False,0.0,none
568d0804-5a2b-45d5-a93c-df7dc2cfe4d8,galveston-seawall,-94.786283,29.299816,6.144257068634033,0,0.0,False,0.0,none
c1250af8-97c6-46a8-bc42-5cd6f728e7c4,galveston-seawall,-94.786159,29.299869,6.855706691741943,0,0.0,False,0.0,none
838b0035-2f69-4c3c-b3b5-158e305441a3,galveston-seawall,-94.786408,29.299306,6.463231563568115,0,0.0,False,0.0,none
d4905a3e-e3a1-4f60-b37c-177641218d41,galveston-seawall,-94.786297,29.299349,6.046453475952148,0,0.0,False,0.0,none
c23ef4db-6afc-4162-a559-7c6e0f3f8b9f,galveston-seawall,-94.786197,29.299377,6.353304386138916,0,0.0,False,0.0,none
cd10c98a-1d7e-44b2-bac7-c2e14d1619ac,galveston-seawall,-94.786131,29.298866,5.6532206535339355,0,0.0,False,0.0,none
c773cab3-28e9-4753-9ff9-c1648684cdaa,galveston-seawall,-94.786268,29.298845,5.485743045806885,0,0.0,False,0.0,none
91ec66c7-1556-4f82-b049-5cf99ec379bb,galveston-seawall,-94.786382,29.298844,4.297402858734131,1,0.5,False,0.015,low
5188fe2b-5b08-414d-87e3-3df7b4e31491,galveston-seawall,-94.786401,29.299017,2.631934881210327,0,0.0,False,0.0,none
624a4c65-981f-4632-898d-2f186cfbe0d2,galveston-seawall,-94.786484,29.299124,5.071102619171143,0,0.0,False,0.0,none
cd91c893-eb4d-4b66-a1ed-c01958ee61fd,galveston-seawall,-94.786538,29.299306,6.210850238800049,0,0.0,False,0.0,none
3d04066f-25bd-476d-bcda-6d73aa7e6474,galveston-seawall,-94.786653,29.299637,6.138578414916992,0,0.0,False,0.0,none
feec66e1-240b-48c0-9d1e-77accdce18ce,galveston-seawall,-94.787081,29.299646,,0,0.0,False,0.0,none
1a7c8b66-db04-44c8-b8b8-6ff94debe5d9,galveston-seawall,-94.787222,29.299118,5.184372901916504,0,0.0,False,0.0,none
ef607aaa-0257-450f-9731-5949ac3ef4c1,galveston-seawall,-94.787319,29.299099,5.680859088897705,0,0.0,False,0.0,none
a187d69a-cc64-4492-9b4c-1d134f7c75e5,galveston-seawall,-94.787423,29.299025,5.988503456115723,0,0.0,False,0.0,none
a18665b4-68b4-4ec1-814f-12e7909fc5fa,galveston-seawall,-94.787071,29.298833,4.8753509521484375,0,0.0,False,0.0,none
41b8ec82-f3e7-443d-979a-e3a272fa2087,galveston-seawall,-94.787113,29.299129,5.98581075668335,0,0.0,False,0.0,none
2a0e21d3-65f8-4ab4-a629-ce80f87dd472,galveston-seawall,-94.787013,29.299158,5.928393363952637,0,0.0,False,0.0,none
058d1bb7-3d67-439d-8ac0-e6816e755cf1,galveston-seawall,-94.786919,29.29918,5.183061122894287,0,0.0,False,0.0,none
601ccce2-34d5-4526-a744-fecd3a13fdfc,galveston-seawall,-94.78684,29.299017,4.869455337524414,0,0.0,False,0.0,none
43f1e0eb-7528-46d9-a665-83886c500172,galveston-seawall,-94.78692,29.298881,5.095026016235352,0,0.0,False,0.0,none
b29e60d6-49d5-426d-96d1-2fc5fa6d66d1,galveston-seawall,-94.7868,29.298917,5.365786075592041,0,0.0,False,0.0,none
b525ef2a-8835-4ff5-b2a6-454a3c7464ef,galveston-seawall,-94.78687,29.298704,7.7093939781188965,0,0.0,False,0.0,none
524ca376-1c2c-4716-bbfb-82b2eb642489,galveston-seawall,-94.787065,29.298651,6.371692657470703,0,0.0,False,0.0,none
9a7af274-b2a2-46fe-86f2-2c4de4c11cba,galveston-seawall,-94.787138,29.298756,4.00711727142334,0,0.0,False,0.0,none
8567fde3-006d-4a34-8715-2042e7de0281,galveston-seawall,-94.787243,29.29862,5.594738483428955,0,0.0,False,0.0,none
3ee3ac47-b736-4577-8de8-f1c9e176d536,galveston-seawall,-94.787381,29.298566,6.870841026306152,0,0.0,False,0.0,none
79a9f084-c342-454e-acc3-3bbeed071f4f,galveston-seawall,-94.787372,29.298134,7.151438236236572,0,0.0,False,0.0,none
02133aa2-01c4-4d65-9981-ab87d1c345e1,galveston-seawall,-94.787197,29.298135,5.946805000305176,0,0.0,False,0.0,none
b88ec2d9-3061-40a2-924b-1942b91bebd8,galveston-seawall,-94.786993,29.298187,5.409949779510498,0,0.0,False,0.0,none
97bd1e21-8d9f-4a3a-89f6-ecda2aaaad71,galveston-seawall,-94.786872,29.298261,3.9131522178649902,0,0.0,False,0.0,none
96b585f5-efa5-4a27-a44d-75d147a7e547,galveston-seawall,-94.786816,29.29809,2.576573133468628,0,0.0,False,0.0,none
90b303a7-2d50-4076-97dd-c4d4e87638f5,galveston-seawall,-94.786531,29.298018,5.039769649505615,0,0.0,False,0.0,none
b703c6a9-cbd4-44dd-97f9-db93e0fecb0e,galveston-seawall,-94.786604,29.298268,4.621511459350586,0,0.0,False,0.0,none
f23236b1-1f68-4fd4-b4cb-a7624d7c056e,galveston-seawall,-94.786612,29.298389,4.250059127807617,1,0.5,False,0.015,low
6ac84677-5ae8-42da-8dbc-dfd38087aed1,galveston-seawall,-94.786639,29.298338,,0,0.0,False,0.0,none
5bbbeeff-801d-4cae-9e25-c8ffb41adbbc,galveston-seawall,-94.786685,29.298323,3.1525485515594482,0,0.0,False,0.0,none
b0bf15e0-9f72-4ce2-926d-de106d7acd19,galveston-seawall,-94.786755,29.298281,5.137328624725342,0,0.0,False,0.0,none
9298433d-31b0-465c-93f4-7b69462180e4,galveston-seawall,-94.786743,29.298755,6.663381576538086,0,0.0,False,0.0,none
85eeb339-946f-467c-817e-3a26f2473e36,galveston-seawall,-94.786269,29.298479,5.0465006828308105,0,0.0,False,0.0,none
5a16cd51-1e23-49e0-83e3-20370ccd457a,galveston-seawall,-94.786196,29.298251,4.542364120483398,0,0.0,False,0.0,none
cacaa2d1-d40f-45b9-a28e-0182400c5022,galveston-seawall,-94.786211,29.298345,4.982478618621826,0,0.0,False,0.0,none
05b8e785-2b73-49f1-a616-8a12d29b3d3c,galveston-seawall,-94.785962,29.29804,6.033082008361816,0,0.0,False,0.0,none
0f89a602-fe6f-4f4e-92d3-629f9f2a4f59,galveston-seawall,-94.785944,29.298311,4.84252405166626,0,0.0,False,0.0,none
c2b8d82b-5077-4442-b987-fc9b602d2602,galveston-seawall,-94.785873,29.298207,2.90281081199646,0,0.0,False,0.0,none
2abffc35-ab8a-42d9-9f69-2106da85fdc0,galveston-seawall,-94.785838,29.298068,4.813307762145996,0,0.0,False,0.0,none
cfc5f2f4-f22d-440e-9258-af62d04518d6,galveston-seawall,-94.785702,29.298065,5.573429584503174,0,0.0,False,0.0,none
27b57e7c-0e91-4dc2-847d-d08ecbefc928,galveston-seawall,-94.785574,29.298095,5.870739936828613,0,0.0,False,0.0,none
508e95d0-a860-4fa5-bf0e-19e26f0dc192,galveston-seawall,-94.785746,29.298207,5.341751575469971,0,0.0,False,0.0,none
8035b2b4-7844-458c-abde-444ca4deed35,galveston-seawall,-94.785713,29.298507,6.5099639892578125,0,0.0,False,0.0,none
c5f71580-ba82-42b0-89c6-7ba6397960ca,galveston-seawall,-94.785604,29.298602,5.970666885375977,0,0.0,False,0.0,none
1829fa03-6ebb-4124-9bf1-30c81f7dca01,galveston-seawall,-94.785543,29.298417,,0,0.0,False,0.0,none
8b76d8a0-922e-4a99-a055-58708990c4aa,galveston-seawall,-94.785471,29.298617,3.533102512359619,0,0.0,False,0.0,none
3e697dbb-db87-415d-a97c-221c5c74b8d6,galveston-seawall,-94.785857,29.298558,3.861720561981201,0,0.0,False,0.0,none
8668f849-44f5-43fb-91e6-2e808afec739,galveston-seawall,-94.785979,29.298477,5.838622570037842,0,0.0,False,0.0,none
32924da2-7acd-46dc-bede-ac9388dd28eb,galveston-seawall,-94.786107,29.298462,5.455846309661865,0,0.0,False,0.0,none
e73238b9-c45c-422a-9298-36e97838ef87,galveston-seawall,-94.786007,29.298911,6.211642742156982,0,0.0,False,0.0,none
3463e71a-5237-40e0-b235-e73f392a9e27,galveston-seawall,-94.785879,29.298956,6.794253349304199,0,0.0,False,0.0,none
7703ae38-43ac-4a8a-aec3-5d6595ca644b,galveston-seawall,-94.785997,29.29943,5.733914852142334,0,0.0,False,0.0,none
4bdd8080-4b42-41e0-b600-b2d320e0ac01,galveston-seawall,-94.786094,29.299392,4.599824905395508,0,0.0,False,0.0,none
2177e62d-8c4e-4f12-9b6c-c5a35a5cc178,galveston-seawall,-94.785829,29.299505,4.767584800720215,0,0.0,False,0.0,none
d221b4d5-b247-4516-870b-c94efc3eae2a,galveston-seawall,-94.785712,29.299356,5.87972354888916,0,0.0,False,0.0,none
d5710017-b27a-416b-8455-9f8f827a5daf,galveston-seawall,-94.785661,29.299214,4.7539496421813965,0,0.0,False,0.0,none
134fd30e-32e1-4398-89d1-abfa86141c51,galveston-seawall,-94.785753,29.298999,5.560842990875244,0,0.0,False,0.0,none
81c0ee5b-870a-4a7b-8100-3cec94baefa1,galveston-seawall,-94.78558,29.298984,6.317439079284668,0,0.0,False,0.0,none
4f89aea5-73d9-49f3-9665-3f4281957e02,galveston-seawall,-94.785228,29.29914,6.026778221130371,0,0.0,False,0.0,none
ee2dd2cc-eb73-4562-9789-4b5f448cc6f8,galveston-seawall,-94.785289,29.299298,3.5458831787109375,0,0.0,False,0.0,none
70444ef9-ab24-44ec-9a1e-eae95f42ca98,galveston-seawall,-94.78534,29.299424,5.196926116943359,0,0.0,False,0.0,none
b82ef7fa-abea-4c72-b589-9cace6bef8a8,galveston-seawall,-94.785403,29.2996,5.381186008453369,0,0.0,False,0.0,none
c586bdf9-548c-4daf-9647-f199bccd5a1f,galveston-seawall,-94.785263,29.299601,5.654638290405273,0,0.0,False,0.0,none
eedee869-5a9b-4264-933a-4665aad4c234,galveston-seawall,-94.785131,29.299649,2.525738000869751,0,0.0,False,0.0,none
74f94d18-434b-41c7-959f-aba412c682a5,galveston-seawall,-94.785144,29.299334,3.3408429622650146,0,0.0,False,0.0,none
e8ea5742-c8de-4df3-8a28-68f4cbdf541f,galveston-seawall,-94.785027,29.299379,,0,0.0,False,0.0,none
6c4e4207-e555-4ed6-a14b-886a73004d97,galveston-seawall,-94.78501,29.299661,4.269948959350586,0,0.0,False,0.0,none
635e5da1-d7d2-4223-bf10-2f668b66d19e,galveston-seawall,-94.784897,29.299377,2.836221694946289,0,0.0,False,0.0,none
fd4742e0-a47d-4ec9-98d9-09afc26b8e73,galveston-seawall,-94.784859,29.299225,5.798579692840576,0,0.0,False,0.0,none
214ea5e2-12f5-428a-9627-e227aae9f43d,galveston-seawall,-94.784993,29.299231,5.969137668609619,0,0.0,False,0.0,none
01456083-e41f-490d-abd0-315dc3c0c86d,galveston-seawall,-94.784838,29.298803,5.405086994171143,0,0.0,False,0.0,none
8705c953-995c-4ba9-9f72-e077375d5102,galveston-seawall,-94.784749,29.298485,5.852483749389648,0,0.0,False,0.0,none
70eb8e19-456c-43e2-bc64-7a05e069b5fb,galveston-seawall,-94.785001,29.298421,5.001110553741455,1,0.5,False,0.015,low
42fdfcd5-ad44-4001-b524-606b41a95d06,galveston-seawall,-94.785049,29.29853,2.689141035079956,0,0.0,False,0.0,none
f0a04f28-8069-42f5-9fa0-398110866b4c,galveston-seawall,-94.785068,29.298708,6.378985404968262,0,0.0,False,0.0,none
b1740505-a325-4572-828b-4de0d515caa4,galveston-seawall,-94.785407,29.298459,6.27974271774292,1,0.5,False,0.015,low
3f038145-b6b2-419e-bc94-7d97f878b1f0,galveston-seawall,-94.785356,29.298335,4.714406490325928,0,0.0,False,0.0,none
892ff37a-679b-4f29-b431-d778d44863f8,galveston-seawall,-94.785306,29.298164,5.447409152984619,0,0.0,False,0.0,none
79038074-1e05-48f9-b046-0d0340dd5a28,galveston-seawall,-94.784937,29.29825,2.7828145027160645,0,0.0,False,0.0,none
6948cb43-ce06-473e-93d7-a379dd7c7403,galveston-seawall,-94.784795,29.298267,4.606144428253174,0,0.0,False,0.0,none
557a6f8f-f74d-4d15-b31a-92d6eee0ef58,galveston-seawall,-94.784418,29.298364,5.493825912475586,0,0.0,False,0.0,none
4b0fdf98-8130-4972-9206-c64855e4b476,galveston-seawall,-94.784549,29.298336,4.137312412261963,0,0.0,False,0.0,none
37b793ae-6fee-4f80-bcbb-e169e1800032,galveston-seawall,-94.784683,29.29831,5.49290132522583,0,0.0,False,0.0,none
f76ab44d-5421-423b-b701-ecd78508b64c,galveston-seawall,-94.784705,29.298829,5.645503997802734,0,0.0,False,0.0,none
5e73b6b9-4266-445f-9662-dd8a0d79890c,galveston-seawall,-94.784645,29.298649,,0,0.0,False,0.0,none
f9f8823c-671c-4136-8d58-44bd31656669,galveston-seawall,-94.784303,29.298438,4.840207099914551,0,0.0,False,0.0,none
8fd1167d-e6f0-4e0f-aabc-57d28c684f70,galveston-seawall,-94.784351,29.298589,4.364811897277832,0,0.0,False,0.0,none
52cece7c-7425-489c-84bb-cd80c4c4360f,galveston-seawall,-94.784264,29.298761,4.99203634262085,0,0.0,False,0.0,none
65fbd219-4976-4515-a921-6c15ab7afaa6,galveston-seawall,-94.784215,29.298624,4.444810390472412,0,0.0,False,0.0,none
58e81064-98da-415d-aaf4-78942fc33a2b,galveston-seawall,-94.784143,29.298434,5.794897556304932,0,0.0,False,0.0,none
138f9619-0053-47c0-a6dc-5aa99041e07e,galveston-seawall,-94.784178,29.298016,5.084357738494873,0,0.0,False,0.0,none
c6d62bb3-e472-416e-be31-f01041c24b66,galveston-seawall,-94.784007,29.297986,4.718903541564941,0,0.0,False,0.0,none
3a562c61-d5b4-4f23-b255-3c48431b97f2,galveston-seawall,-94.784042,29.298128,5.592203617095947,0,0.0,False,0.0,none
c760f957-a900-4277-abdc-e3b165ff6cb5,galveston-seawall,-94.783672,29.298183,6.055519104003906,0,0.0,False,0.0,none
29c09602-e4d7-4598-9275-ca61b54227d6,galveston-seawall,-94.783611,29.298005,5.2104668617248535,0,0.0,False,0.0,none
5df1ee23-f823-4ab8-8fce-dc847725db1a,galveston-seawall,-94.783505,29.29816,5.967951774597168,0,0.0,False,0.0,none
37a09c28-4887-47f4-93bc-c7debaf03a8c,galveston-seawall,-94.783402,29.298221,6.110538482666016,0,0.0,False,0.0,none
8d88c002-4e45-4080-bedd-dc2e45516460,galveston-seawall,-94.783586,29.298611,4.649576663970947,0,0.0,False,0.0,none
ecee8052-7cfd-4ac0-b199-a516409698a3,galveston-seawall,-94.783456,29.298661,5.823665618896484,0,0.0,False,0.0,none
94f1d32c-627c-4a18-b28d-d8e706ceeabe,galveston-seawall,-94.783839,29.298671,4.959073543548584,1,0.5,False,0.015,low
b9048dd8-ed61-48a7-83b0-d5f4c1889df2,galveston-seawall,-94.783768,29.29853,5.664392948150635,0,0.0,False,0.0,none
366b7b25-0bda-45c6-a5d3-18fbddaf7d77,galveston-seawall,-94.783894,29.298849,4.542058944702148,1,0.5,False,0.015,low
caae1b75-5104-4f1d-b715-8dca67f298c8,galveston-seawall,-94.783907,29.298953,4.874336242675781,0,0.0,False,0.0,none
3770960d-95d8-4d55-abd9-8e36b0c0f97d,galveston-seawall,-94.783971,29.29907,5.52932596206665,0,0.0,False,0.0,none
b76ccaa4-2d1e-476a-99a9-e7b6f67abfdb,galveston-seawall,-94.783834,29.299085,5.653424263000488,0,0.0,False,0.0,none
21e32119-03f4-460b-ace6-ed68985e6fe5,galveston-seawall,-94.783533,29.29892,4.315868377685547,0,0.0,False,0.0,none
bd22a0ee-ebcc-493c-8d11-f93476baa0b8,galveston-seawall,-94.783436,29.29916,5.204407215118408,0,0.0,False,0.0,none
5b91500d-5891-4c1e-ba60-aba2464f786c,galveston-seawall,-94.783554,29.299108,5.813899040222168,0,0.0,False,0.0,none
506cc632-8d73-49cb-bcd8-bc8a69d8eec5,galveston-seawall,-94.783694,29.299073,4.132717132568359,0,0.0,False,0.0,none
e26a572e-3512-411f-ade9-1f3f08af9450,galveston-seawall,-94.783444,29.299591,5.431633949279785,0,0.0,False,0.0,none
a892b7fa-ba48-4a9e-86fc-774702f320e4,galveston-seawall,-94.783568,29.299541,6.054757595062256,0,0.0,False,0.0,none
698ebe8c-39a5-4469-b140-53fbda2887ea,galveston-seawall,-94.783696,29.299502,5.385109901428223,0,0.0,False,0.0,none
897e6a88-5a6e-4c5b-9b12-b3bf4644fc00,galveston-seawall,-94.783779,29.299677,3.8550851345062256,0,0.0,False,0.0,none
f6c378cf-b3f8-4d7b-b2b7-73c60441e831,galveston-seawall,-94.783817,29.299465,4.102067947387695,0,0.0,False,0.0,none
b70c20f8-8cd1-44eb-8960-2fe68abfc835,galveston-seawall,-94.78397,29.299459,5.323380470275879,0,0.0,False,0.0,none
eba976b8-ed31-4344-bc2c-8a81d56f1b0a,galveston-seawall,-94.784142,29.299593,4.833163738250732,0,0.0,False,0.0,none
ae1165a9-5e95-4abb-8be9-28290d265fb0,galveston-seawall,-94.7841,29.299388,5.490530014038086,1,0.5,False,0.015,low
0014a628-bd12-4c33-88ad-85e60dd12418,galveston-seawall,-94.784339,29.298962,4.266107082366943,0,0.0,False,0.0,none
06109e51-2478-4c4f-b92d-accd85eaef1f,galveston-seawall,-94.78445,29.298898,4.696384429931641,0,0.0,False,0.0,none
0e967d86-9a2b-424f-8139-13ead2d6e55a,galveston-seawall,-94.784591,29.298858,5.58582067489624,0,0.0,False,0.0,none
9b212bf3-8285-496b-acdf-efa2703734f0,galveston-seawall,-94.784726,29.299259,6.228150844573975,0,0.0,False,0.0,none
e0bfff36-b778-48ef-b738-cdd5b758ec03,galveston-seawall,-94.784655,29.299464,3.870554208755493,0,0.0,False,0.0,none
1a834fc8-2f44-40ec-b223-7f8c36c60ee7,galveston-seawall,-94.784551,29.299606,,0,0.0,False,0.0,none
c53b013b-9b19-4370-8094-31b4e6a40e62,galveston-seawall,-94.784577,29.299686,,0,0.0,False,0.0,none
01aa0c99-78e3-43cb-85fd-62e85ba1d4e1,galveston-seawall,-94.784714,29.299786,4.692404270172119,0,0.0,False,0.0,none
f9f1fa5e-0b84-4c09-8bfc-f76cf1cf462f,galveston-seawall,-94.784624,29.299855,2.8119170665740967,0,0.0,False,0.0,none
57c6f424-bcbd-41be-8600-fbcf2f5ff3f4,galveston-seawall,-94.784606,29.299764,2.9201278686523438,0,0.0,False,0.0,none
69502d0e-04f2-4bea-a225-9c98c10c0500,galveston-seawall,-94.784113,29.299904,5.145557880401611,0,0.0,False,0.0,none
8a7157ec-e351-43d0-94a8-ab53d8d25c5c,galveston-seawall,-94.784273,29.299943,5.200893878936768,0,0.0,False,0.0,none
b29182e1-55a7-4e86-8401-fd9f018c13ab,galveston-seawall,-94.784191,29.29972,4.722558498382568,0,0.0,False,0.0,none
d06fed6b-3b93-4ba5-bb80-e761a27f79f6,galveston-seawall,-94.784233,29.299843,4.532173156738281,0,0.0,False,0.0,none
e90370ac-5b4c-469f-b0d5-e6a5fb7757b7,galveston-seawall,-94.78392,29.299809,,0,0.0,False,0.0,none
0cf4332b-c0b3-4d35-a514-4dbb1ba1d78f,galveston-seawall,-94.784,29.300004,4.864675045013428,0,0.0,False,0.0,none
ec65f60e-38af-4a0b-9a18-31e558c4b25c,galveston-seawall,-94.783877,29.299981,4.658092975616455,0,0.0,False,0.0,none
9f03c4c4-e07f-4ff4-94ee-596a136ffa32,galveston-seawall,-94.783742,29.300036,6.2076592445373535,0,0.0,False,0.0,none
54173671-c213-493e-8945-cc1e7d6c1b2f,galveston-seawall,-94.783469,29.299764,3.786041021347046,0,0.0,False,0.0,none
0137163b-c890-4be9-aaa7-7f14d0e985b6,galveston-seawall,-94.783612,29.300071,5.654016017913818,0,0.0,False,0.0,none
fe5490d7-41b6-45a1-951b-04810ee1267c,galveston-seawall,-94.784779,29.299763,4.663498878479004,0,0.0,False,0.0,none
5bd18a64-0f9d-439b-985d-e447a79b02b4,galveston-seawall,-94.784906,29.299706,3.783003091812134,0,0.0,False,0.0,none
2164fdc4-8ffa-48ac-9a89-50c683e0ea66,galveston-seawall,-94.784838,29.299728,4.149713039398193,0,0.0,False,0.0,none
746f205b-205b-4f8d-9ad7-7727f37daf24,galveston-seawall,-94.78536,29.300034,5.599628448486328,0,0.0,False,0.0,none
75c7046e-29e0-4bb3-8764-61a41e0e4c53,galveston-seawall,-94.785534,29.299991,5.021193027496338,0,0.0,False,0.0,none
dd21ea0e-be0a-416a-8da7-19e66393614f,galveston-seawall,-94.785449,29.300011,6.244989395141602,0,0.0,False,0.0,none
37abfb35-3acb-4065-bbce-5116c8f7ca67,galveston-seawall,-94.785903,29.299964,4.756397724151611,0,0.0,False,0.0,none
e668ffea-3179-409a-b58a-34ed4872e2cc,galveston-seawall,-94.785869,29.299831,5.2925872802734375,0,0.0,False,0.0,none
a7a9be38-8993-4e34-a7f6-c75a753c06b8,galveston-seawall,-94.786031,29.29987,6.1151299476623535,0,0.0,False,0.0,none
f17f16f6-bf2b-4e43-8317-e18290a35e0e,galveston-seawall,-94.785946,29.300064,4.890503406524658,0,0.0,False,0.0,none
3e30e379-a7c3-4bd8-8409-f2fe13b283c4,galveston-seawall,-94.780879,29.299768,5.570201873779297,0,0.0,False,0.0,none
e72e4c21-7f98-4363-ae62-4858d692ccca,galveston-seawall,-94.780915,29.299889,5.098140239715576,0,0.0,False,0.0,none
969c5dc6-b336-4899-b60c-6bf932308c14,galveston-seawall,-94.781047,29.299817,5.254703998565674,0,0.0,False,0.0,none
81d4bc44-4375-4e79-8b6d-0c6a1cc0ffda,galveston-seawall,-94.781189,29.299736,5.305840492248535,0,0.0,False,0.0,none
b32a708f-95c8-47eb-a72e-3d961f373930,galveston-seawall,-94.781636,29.300044,5.6858954429626465,0,0.0,False,0.0,none
58571a5b-4f91-4ff1-81e0-1be58148dea1,galveston-seawall,-94.781807,29.299969,4.890167713165283,0,0.0,False,0.0,none
b34cc51e-025d-4735-a0e6-408eb2d2f457,galveston-seawall,-94.78171,29.300002,6.085341930389404,0,0.0,False,0.0,none
c023504d-7288-43d0-b955-862a9a3fdb1e,galveston-seawall,-94.782966,29.299794,4.599689960479736,0,0.0,False,0.0,none
221434a0-a577-46ab-ab50-4b633a89d0a9,galveston-seawall,-94.782999,29.299896,4.404333591461182,0,0.0,False,0.0,none
52ece412-3375-49d3-9d2e-bc02b6c33e78,galveston-seawall,-94.78282,29.299773,5.920406341552734,0,0.0,False,0.0,none
4ce8c18b-39e4-4599-a0a1-23e1f474ce30,galveston-seawall,-94.782593,29.29984,4.925271987915039,0,0.0,False,0.0,none
59c0b599-7725-4b0e-bdf0-9771afad3edf,galveston-seawall,-94.782452,29.299939,5.0942230224609375,0,0.0,False,0.0,none
2e919e1a-f1ff-4bb7-bfd6-4555c7664686,galveston-seawall,-94.782627,29.29999,3.5171821117401123,0,0.0,False,0.0,none
1c1e9981-c16e-4103-b540-a8ad8613ce26,galveston-seawall,-94.782301,29.299905,5.5214433670043945,0,0.0,False,0.0,none
9a844d59-a366-4e67-8907-148793f1d9f8,galveston-seawall,-94.782155,29.299878,6.111781597137451,0,0.0,False,0.0,none
e88f94d8-73ca-4a2d-b395-e389e339c1d8,galveston-seawall,-94.782048,29.299596,3.374570608139038,0,0.0,False,0.0,none
99991045-387a-471e-a1e7-384383a3b282,galveston-seawall,-94.782039,29.299538,2.524137496948242,0,0.0,False,0.0,none
b54ad822-fba3-4254-b1b4-9e0a4c429ce5,galveston-seawall,-94.782185,29.299467,5.22325325012207,0,0.0,False,0.0,none
5f7c6f73-6d3c-44f8-92af-f18977527079,galveston-seawall,-94.782306,29.299457,5.431675910949707,0,0.0,False,0.0,none
ff3186ca-bf8b-4329-9747-947ae61089c2,galveston-seawall,-94.78223,29.299281,,0,0.0,False,0.0,none
78779ba2-d261-4254-a6d2-2348f7cc5cdb,galveston-seawall,-94.78214,29.299306,2.727863311767578,0,0.0,False,0.0,none
5c2b4e9b-5af0-4763-a3e9-6d9403cae83a,galveston-seawall,-94.782124,29.299144,,0,0.0,False,0.0,none
11522e4a-eb86-4391-9671-c5862731531e,galveston-seawall,-94.782176,29.29897,4.995889663696289,0,0.0,False,0.0,none
5ddc94a1-c671-4098-8022-6425aa9f11d6,galveston-seawall,-94.78228,29.29894,6.455864429473877,0,0.0,False,0.0,none
a5a77603-227b-40a5-bbfb-b37432448fc2,galveston-seawall,-94.782336,29.299124,3.73128080368042,0,0.0,False,0.0,none
56f19afa-3782-4a4a-a37e-4e37217642d0,galveston-seawall,-94.782373,29.299246,4.117022514343262,0,0.0,False,0.0,none
ebe7e149-0ac6-41ed-9f64-d62285341d14,galveston-seawall,-94.782384,29.298909,5.626147270202637,0,0.0,False,0.0,none
ef86d03e-a98f-43c0-bc8f-20cde084abda,galveston-seawall,-94.782504,29.298907,5.546789646148682,0,0.0,False,0.0,none
67233f09-45e4-4f32-8ffa-354172cc1e20,galveston-seawall,-94.782527,29.299067,,0,0.0,False,0.0,none
e55ef7e1-3249-4dd2-bf53-b5671de47e35,galveston-seawall,-94.782612,29.299358,3.8678293228149414,0,0.0,False,0.0,none
1c3e7129-1a14-48a4-9560-911af804a596,galveston-seawall,-94.782691,29.299381,5.633377552032471,0,0.0,False,0.0,none
4cd8cc4a-6b5f-4287-baec-db9ce924e982,galveston-seawall,-94.782447,29.299433,5.9326629638671875,0,0.0,False,0.0,none
a725d677-e0ef-4a34-a4b9-3e70a15223a6,galveston-seawall,-94.782762,29.299367,5.729354381561279,0,0.0,False,0.0,none
7522ec1c-2b20-43cb-a1f6-1b2bb41b78a6,galveston-seawall,-94.782836,29.299325,4.767341136932373,0,0.0,False,0.0,none
7638ff0e-4c79-4773-8368-424ec0cea8fc,galveston-seawall,-94.782932,29.299688,5.0417585372924805,0,0.0,False,0.0,none
a11640e8-2f79-425e-baee-80c058f94636,galveston-seawall,-94.783344,29.299699,4.329793453216553,0,0.0,False,0.0,none
9784090d-69f8-409b-a6b2-26e05440c6ba,galveston-seawall,-94.783195,29.299246,5.706976413726807,0,0.0,False,0.0,none
9f47a37b-5615-4c64-95b7-da69299cc14f,galveston-seawall,-94.783331,29.299225,5.222132682800293,0,0.0,False,0.0,none
9a0e8cb6-aca1-4184-a904-414081e26133,galveston-seawall,-94.783118,29.299037,4.112401962280273,0,0.0,False,0.0,none
6225441a-eb60-4ba8-9dec-2e41ec6a71ca,galveston-seawall,-94.783075,29.298938,5.757749557495117,0,0.0,False,0.0,none
e0e055ef-77f5-4ce1-9a0f-e56b68e2565c,galveston-seawall,-94.782745,29.299137,3.5301036834716797,0,0.0,False,0.0,none
8eb8c2fd-7ef5-4fb2-82cc-f5d022d616bb,galveston-seawall,-94.782716,29.299018,5.325702667236328,0,0.0,False,0.0,none
a0c1ac49-3e56-4003-a913-eae09e0b0f59,galveston-seawall,-94.782892,29.298433,5.580413818359375,1,0.5,False,0.015,low
379557e4-2f95-4d4d-80b8-81ba46043344,galveston-seawall,-94.782991,29.29869,5.6256842613220215,0,0.0,False,0.0,none
4c8e668b-e89b-4e80-9381-8d5726636807,galveston-seawall,-94.783029,29.298802,5.6146626472473145,0,0.0,False,0.0,none
91833549-43e4-40bf-9a37-135c82722d49,galveston-seawall,-94.783154,29.298727,3.3812294006347656,0,0.0,False,0.0,none
bef16bd9-b3ea-4e2a-ba8e-c5f128f71a9e,galveston-seawall,-94.783279,29.298692,5.985942840576172,0,0.0,False,0.0,none
c4a0cd75-d03c-4966-9df2-888a854a29d3,galveston-seawall,-94.783159,29.298302,5.210025310516357,0,0.0,False,0.0,none
e54ce4fd-79f8-4242-b6cb-f162f4852d43,galveston-seawall,-94.783267,29.298221,6.520969390869141,0,0.0,False,0.0,none
5413eab1-592a-4354-a33b-f1198f8bf69e,galveston-seawall,-94.783037,29.298118,,0,0.0,False,0.0,none
2bd522d4-43ff-4287-a02e-f226d7e807b9,galveston-seawall,-94.782911,29.298036,,0,0.0,False,0.0,none
d698ef32-edbc-441e-88e8-59e75282aa01,galveston-seawall,-94.782928,29.298151,,0,0.0,False,0.0,none
747a10fc-f904-4133-8e8e-90bc157a366a,galveston-seawall,-94.783028,29.298354,3.748685598373413,1,0.5,False,0.015,low
b89e166e-9fc6-4030-bb3d-155559950eff,galveston-seawall,-94.782809,29.298214,5.710643768310547,0,0.0,False,0.0,none
48b266d5-4af5-448d-9d80-6d654fed6f8d,galveston-seawall,-94.782865,29.29835,4.695751190185547,0,0.0,False,0.0,none
3307c042-9d4b-4ebf-8a17-f8e695381de8,galveston-seawall,-94.782757,29.298062,2.873955726623535,0,0.0,False,0.0,none
ec50a6dd-b50f-4016-82ed-863de2e8da64,galveston-seawall,-94.782156,29.298052,5.300159454345703,0,0.0,False,0.0,none
697d3c65-0cf8-4971-b6b7-f9cf4cf984df,galveston-seawall,-94.781352,29.298672,3.460202932357788,0,0.0,False,0.0,none
3c594792-0313-4915-afe7-7683b52b808d,galveston-seawall,-94.781395,29.298813,4.62371301651001,0,0.0,False,0.0,none
0cc8b026-c399-4b83-963b-fa54d0b7ff1a,galveston-seawall,-94.781921,29.298999,4.13342809677124,0,0.0,False,0.0,none
f5189b48-f872-46f4-908a-f00b7f6034a3,galveston-seawall,-94.781954,29.29911,4.712110996246338,0,0.0,False,0.0,none
32880913-d43a-4b2b-ac04-98bbbd56a9d0,galveston-seawall,-94.781977,29.299216,5.2287116050720215,0,0.0,False,0.0,none
1e06fb38-08ec-4462-a4be-ff7d6007d31b,galveston-seawall,-94.781978,29.299353,5.144659519195557,0,0.0,False,0.0,none
b784d551-73e5-4c4a-8ef4-9745567bf4b6,galveston-seawall,-94.782003,29.299449,5.126141548156738,0,0.0,False,0.0,none
14675194-34a1-404c-adad-71f596fd0bb9,galveston-seawall,-94.781674,29.299679,4.564343452453613,0,0.0,False,0.0,none
f00711e6-8788-4d35-aadf-441d4fd65aab,galveston-seawall,-94.781572,29.299308,3.3491976261138916,0,0.0,False,0.0,none
3532bb9e-e06c-4189-82df-d73ddf6cf47f,galveston-seawall,-94.78162,29.299559,,0,0.0,False,0.0,none
59a634ff-0657-4e4c-99b2-34a46d153fcb,galveston-seawall,-94.781546,29.299669,5.047781944274902,0,0.0,False,0.0,none
e35ca741-e91a-4227-88b9-792edf595117,galveston-seawall,-94.781386,29.299494,,0,0.0,False,0.0,none
a1f8ad74-b974-40a9-9495-42e6d6ffc9c2,galveston-seawall,-94.781406,29.299146,2.5297739505767822,0,0.0,False,0.0,none
30cb9dcb-37fd-4bf5-90f7-38812627200c,galveston-seawall,-94.781504,29.299108,4.862077713012695,0,0.0,False,0.0,none
4a262848-a250-4f33-bbcf-8e19f6ae951f,galveston-seawall,-94.781073,29.298836,4.2268452644348145,0,0.0,False,0.0,none
983e9569-6528-4e42-9a33-68dfae8d7e1a,galveston-seawall,-94.781056,29.299245,3.518979549407959,0,0.0,False,0.0,none
1cadf6f7-5f74-41ed-9953-8b5d06e81c2b,galveston-seawall,-94.781303,29.299203,3.9721803665161133,0,0.0,False,0.0,none
c785c01e-7a12-44a0-aa6b-6b13d9be0255,galveston-seawall,-94.781196,29.299277,4.517915725708008,0,0.0,False,0.0,none
222536f6-9181-44a6-9592-e95061f483d2,galveston-seawall,-94.781278,29.299638,3.8071582317352295,0,0.0,False,0.0,none
52a3242c-0540-464d-b976-77715180de47,galveston-seawall,-94.781089,29.299578,3.415207624435425,0,0.0,False,0.0,none
bd43c1dc-75d4-4974-95e7-edfcfd72978a,galveston-seawall,-94.781133,29.299413,,0,0.0,False,0.0,none
66e729d4-6d5a-4143-88f4-ac061d3afb85,galveston-seawall,-94.780895,29.299301,3.624009609222412,0,0.0,False,0.0,none
126bba07-ebf2-46f9-83a8-4a6564730912,galveston-seawall,-94.780849,29.299646,5.390208721160889,0,0.0,False,0.0,none
cabb8662-a37a-429f-8d85-212712697dd2,galveston-seawall,-94.780892,29.299497,,0,0.0,False,0.0,none
8158987e-6fc3-43cd-867f-331f657f0074,galveston-seawall,-94.780782,29.299525,4.092323303222656,0,0.0,False,0.0,none
a05876c8-28f9-4974-8f65-f23b5b0654bd,galveston-seawall,-94.780751,29.299418,4.561481475830078,0,0.0,False,0.0,none
6a3eba4c-b199-4a0f-845d-6dccb0fc7b14,galveston-seawall,-94.780705,29.29929,4.160964012145996,0,0.0,False,0.0,none
2b584d51-39e1-4801-8f7c-25d4e8e6771d,galveston-seawall,-94.780958,29.298852,4.974812030792236,0,0.0,False,0.0,none
05e29de9-7a52-4572-adca-0e8aed50aa49,galveston-seawall,-94.780859,29.2989,3.9102437496185303,0,0.0,False,0.0,none
580d4b1c-0713-4342-93ac-4104a5a116bd,galveston-seawall,-94.780735,29.298929,3.952672004699707,0,0.0,False,0.0,none
3a01ee5b-bb0f-4be6-89d1-33d47ecdf5fe,galveston-seawall,-94.780719,29.298415,3.114443778991699,0,0.0,False,0.0,none
595930a8-68c9-4bc3-a7ad-3a94f9270992,galveston-seawall,-94.780777,29.298589,,0,0.0,False,0.0,none
21dfcd0f-98d1-4db2-b302-c112866eae01,galveston-seawall,-94.780993,29.298641,,0,0.0,False,0.0,none
78e4c4d4-4191-40a5-ab98-39dffaf47f39,galveston-seawall,-94.780825,29.298687,,0,0.0,False,0.0,none
dfb65ff4-4cc8-4a7b-a278-9f5fc5f560ce,galveston-seawall,-94.781231,29.298791,3.6981654167175293,0,0.0,False,0.0,none
40b662aa-1056-42f1-8bd4-67fd3a2e721c,galveston-seawall,-94.78127,29.298576,3.196176528930664,0,0.0,False,0.0,none
af1a8a14-b6a7-437e-bffa-f8487f8e5534,galveston-seawall,-94.781272,29.298453,5.488131999969482,0,0.0,False,0.0,none
a980c1ff-74fa-4475-83d6-b854fbd18478,galveston-seawall,-94.781078,29.298296,5.3491973876953125,0,0.0,False,0.0,none
d54e8614-7390-41b4-b977-4f0e1ff5ba66,galveston-seawall,-94.781214,29.298269,5.0440802574157715,0,0.0,False,0.0,none
22259acc-69b3-45f1-b1f0-998fa8515bf2,galveston-seawall,-94.780983,29.298331,4.563747882843018,0,0.0,False,0.0,none
28fa4e02-7641-43fe-bfd0-27620b054a62,galveston-seawall,-94.780916,29.298346,4.962176322937012,0,0.0,False,0.0,none
5be7d548-18bd-4b14-9dbc-1c3ff45f9f73,galveston-seawall,-94.780865,29.298397,,0,0.0,False,0.0,none
1192c0cb-b3ea-45f4-97c5-c9892ff43776,galveston-seawall,-94.780808,29.298356,,0,0.0,False,0.0,none
d45344ed-542f-4043-b819-72b1ca7f796c,galveston-seawall,-94.780509,29.298062,4.005025863647461,0,0.0,False,0.0,none
b3fdf357-7284-488e-9153-c3129d417e36,galveston-seawall,-94.780309,29.298003,4.142049789428711,0,0.0,False,0.0,none
752e0e36-c7a4-444c-a78f-ea652f9afe34,galveston-seawall,-94.780375,29.298129,3.809300422668457,0,0.0,False,0.0,none
127d5924-604f-44e6-abd5-708a7ecb7f71,galveston-seawall,-94.780545,29.298455,3.20447039604187,0,0.0,False,0.0,none
ae158f06-87c7-4a46-90b2-908eb0afe441,galveston-seawall,-94.780545,29.298788,3.8109517097473145,0,0.0,False,0.0,none
72a74f0e-ee46-4590-8f4f-f65d06768d00,galveston-seawall,-94.780501,29.298648,4.278483867645264,1,0.5,False,0.015,low
ab181e34-df03-4166-87d7-8fd3196df811,galveston-seawall,-94.780432,29.298466,3.6218390464782715,0,0.0,False,0.0,none
33ab7fbc-35c1-4fdd-8f6e-2996fcfdb580,galveston-seawall,-94.780074,29.298619,4.569783687591553,0,0.0,False,0.0,none
eacd1895-0843-4fec-880d-ad29fcdd5d29,galveston-seawall,-94.779948,29.298215,3.9300832748413086,0,0.0,False,0.0,none
8898912b-2d43-4a15-940a-31eefda4f5cc,galveston-seawall,-94.779941,29.298649,4.280587673187256,0,0.0,False,0.0,none
3d746f77-6bf9-451e-ab1f-f3b8aba5526d,galveston-seawall,-94.779945,29.299096,4.236052989959717,0,0.0,False,0.0,none
8296cf3b-7257-4939-b1b5-7400aa163b5e,galveston-seawall,-94.780014,29.299506,4.571046352386475,0,0.0,False,0.0,none
b0ff5145-7bdb-4aa9-b229-bdce075cd140,galveston-seawall,-94.780119,29.299487,4.17882776260376,0,0.0,False,0.0,none
4953fc8d-1a97-4bfe-977c-05d96b4121fe,galveston-seawall,-94.780213,29.299663,3.877007246017456,0,0.0,False,0.0,none
474fb0ff-f497-4eb2-8b40-33c237f0379f,galveston-seawall,-94.780229,29.299482,,0,0.0,False,0.0,none
5ea9ff4f-9f3e-4a58-b609-d8a64115112b,galveston-seawall,-94.780084,29.29906,4.297698497772217,0,0.0,False,0.0,none
2e6fa74e-a873-4375-86aa-dfd2c7c33ccf,galveston-seawall,-94.780001,29.298911,,0,0.0,False,0.0,none
2c499922-819d-4c18-baa4-31d050cfff40,galveston-seawall,-94.780219,29.299019,3.9145615100860596,0,0.0,False,0.0,none
ca0a9aa6-1a4d-441b-a4ff-00f46d8d40ca,galveston-seawall,-94.780649,29.298973,,0,0.0,False,0.0,none
761f2c93-f452-4c71-85b1-9ba50b458dde,galveston-seawall,-94.780596,29.29895,5.189324855804443,0,0.0,False,0.0,none
60239f5d-87d5-49b1-8799-fe159fd044ca,galveston-seawall,-94.780335,29.299432,4.703981876373291,0,0.0,False,0.0,none
b8d9f370-d13e-453e-939e-5ff9cd3d7991,galveston-seawall,-94.780422,29.299621,3.8828561305999756,0,0.0,False,0.0,none
231d3f44-3145-4516-8148-f5190b3a421a,galveston-seawall,-94.780524,29.299923,5.051952362060547,0,0.0,False,0.0,none
219b3b10-8a59-424f-8fdf-810bc22e6ed1,galveston-seawall,-94.780411,29.299953,2.791672468185425,0,0.0,False,0.0,none
77dc1c0b-3bc9-4eac-969e-675be9a68031,galveston-seawall,-94.780312,29.299979,4.6716485023498535,0,0.0,False,0.0,none
36cd665e-df64-4319-a018-cd5a0e088b99,galveston-seawall,-94.780354,29.299763,3.502323865890503,0,0.0,False,0.0,none
f01eb0a0-40a9-47c3-a0cb-7e95fb86e95b,galveston-seawall,-94.780096,29.299703,4.093036651611328,0,0.0,False,0.0,none
100cd300-d335-4a07-a66b-64e13d970c59,galveston-seawall,-94.780096,29.300009,4.207159519195557,0,0.0,False,0.0,none
ae9b1d83-a651-41d2-82c3-d847a95307c5,galveston-seawall,-94.780036,29.300029,4.400667190551758,0,0.0,False,0.0,none
4f9c8a70-bc95-47e5-b151-80321f6b7bc3,galveston-seawall,-94.77997,29.300042,5.071247577667236,0,0.0,False,0.0,none
cfed7540-256b-478c-924b-b91487ee5cab,galveston-seawall,-94.780186,29.299993,4.535256862640381,0,0.0,False,0.0,none
14ac58cf-e51d-4495-af34-70413b505a11,galveston-seawall,-94.780538,29.296584,3.4291458129882812,0,0.0,False,0.0,none
98ed0f18-cddb-4acd-a604-89a302cdba74,galveston-seawall,-94.780329,29.296953,4.726160049438477,0,0.0,False,0.0,none
25313c4a-1f08-4d70-8531-4120ef9849db,galveston-seawall,-94.780566,29.297494,5.237168312072754,0,0.0,False,0.0,none
6db020ca-71bd-4219-9d6f-0435cd631f66,galveston-seawall,-94.780478,29.297528,5.679506301879883,0,0.0,False,0.0,none
ff2c2ea8-1a5d-47f3-b7a3-dbcf0b4155d5,galveston-seawall,-94.780376,29.297535,5.005756855010986,0,0.0,False,0.0,none
0affd9ff-27cc-45e3-b07e-8a8da0fad443,galveston-seawall,-94.780277,29.297577,6.103298664093018,0,0.0,False,0.0,none
b6c868cc-8780-4c6b-ba2c-6feac1bd344d,galveston-seawall,-94.780127,29.297611,5.422016143798828,0,0.0,False,0.0,none
48960e08-ca79-48fa-b259-404156fe446e,galveston-seawall,-94.780223,29.297768,4.078642845153809,0,0.0,False,0.0,none
eacca66f-c453-4213-800a-e92bcdeb71dc,galveston-seawall,-94.780283,29.297897,3.629699468612671,0,0.0,False,0.0,none
b6b6bcbc-e81d-4e8b-af96-dca1671943ee,galveston-seawall,-94.780429,29.297899,3.1539103984832764,0,0.0,False,0.0,none
c323da70-54b9-4985-adde-f310f0f67d9a,galveston-seawall,-94.780625,29.297661,,0,0.0,False,0.0,none
9392ecf1-5a05-4d92-baa6-12af23b8a915,galveston-seawall,-94.780579,29.297833,3.110461711883545,0,0.0,False,0.0,none
4b775770-c072-4bb8-95e8-21ed7d774061,galveston-seawall,-94.780894,29.297871,,0,0.0,False,0.0,none
43d69251-14d4-4c4d-a7d0-4b8f8e69bc22,galveston-seawall,-94.780849,29.297953,,0,0.0,False,0.0,none
a360472f-1233-45ce-b722-65a4b1e07788,galveston-seawall,-94.780945,29.297577,6.2155609130859375,0,0.0,False,0.0,none
8716f6c0-a81d-41e5-ab0f-cb1d779e5dc6,galveston-seawall,-94.78065,29.297483,4.217584609985352,0,0.0,False,0.0,none
55de1868-bd07-4739-b06a-72d57d138698,galveston-seawall,-94.780741,29.297457,5.518338203430176,0,0.0,False,0.0,none
b075ece4-4a70-4cbd-8d23-a21d28b790eb,galveston-seawall,-94.780878,29.297392,4.090981483459473,0,0.0,False,0.0,none
92c8badb-21b0-45b6-a0a5-975e2b7c5c0d,galveston-seawall,-94.781016,29.29771,4.823330402374268,0,0.0,False,0.0,none
9425b590-f120-40c3-abe9-73fca4cbe451,galveston-seawall,-94.781076,29.297885,5.147663116455078,0,0.0,False,0.0,none
8e6cabec-77b4-4583-afa7-f927e25bf169,galveston-seawall,-94.781756,29.297513,7.451504230499268,0,0.0,False,0.0,none
fb424230-df56-42ef-bdeb-a42c2876c9cb,galveston-seawall,-94.781391,29.296819,4.789947032928467,0,0.0,False,0.0,none
39ab0100-d202-47bb-9b81-7c80c4cecc36,galveston-seawall,-94.781534,29.296789,5.031099319458008,0,0.0,False,0.0,none
e5b47c9a-6fb1-44c7-b4ec-6dcbdc3ffce6,galveston-seawall,-94.781933,29.296758,3.847414016723633,0,0.0,False,0.0,none
90bf72a6-1981-49ff-ada9-f2993e942433,galveston-seawall,-94.781812,29.296778,,0,0.0,False,0.0,none
68c86fe0-902d-4b59-9018-c23c6b7b1c04,galveston-seawall,-94.781665,29.296734,4.55213737487793,0,0.0,False,0.0,none
2592e3f4-30ae-43c4-bad7-21dde85ba458,galveston-seawall,-94.781731,29.296577,4.439409255981445,0,0.0,False,0.0,none
8c4bf955-281e-4a58-b408-814147bd9db5,galveston-seawall,-94.781869,29.296557,4.6877121925354,0,0.0,False,0.0,none
80b8ba98-285f-4a1f-8a0b-863812759825,galveston-seawall,-94.781767,29.296308,4.107701301574707,0,0.0,False,0.0,none
81b1af67-4949-4171-b49c-5b3345462bb9,galveston-seawall,-94.781809,29.296411,3.528226137161255,0,0.0,False,0.0,none
4cc0e903-ef02-427c-9c17-d3e01ef40301,galveston-seawall,-94.781679,29.29643,,0,0.0,False,0.0,none
ac30ee03-f8c9-41b2-9988-4ee64a1fda1c,galveston-seawall,-94.781641,29.296264,4.83998966217041,0,0.0,False,0.0,none
3f2b431f-2af1-401f-b03d-779453362836,galveston-seawall,-94.781513,29.296293,3.805107355117798,0,0.0,False,0.0,none
2f04fde9-6436-4721-83bb-51cbfdc03808,galveston-seawall,-94.781584,29.29647,,0,0.0,False,0.0,none
2c7fb1e1-c9b9-4ff2-971d-2924cce1ebd1,galveston-seawall,-94.781438,29.29664,,0,0.0,False,0.0,none
1890d0bf-1ea7-494d-868e-4d2df5b910a8,galveston-seawall,-94.78139,29.296519,,0,0.0,False,0.0,none
9c167a24-d858-47e3-90a7-73e703b904f7,galveston-seawall,-94.781386,29.296341,3.7567930221557617,0,0.0,False,0.0,none
79c35518-cd60-4343-80cf-887723752e3c,galveston-seawall,-94.78123,29.296386,4.626150131225586,0,0.0,False,0.0,none
2acd6039-4d55-4171-aa72-107047381f1d,galveston-seawall,-94.780999,29.296438,4.594755172729492,0,0.0,False,0.0,none
c47ab59b-79f7-4b4d-a280-a743d244136c,galveston-seawall,-94.781047,29.296606,4.283930778503418,0,0.0,False,0.0,none
b6d256d7-d8f1-4518-b0de-70e8a48c62fb,galveston-seawall,-94.781174,29.296565,5.5257978439331055,0,0.0,False,0.0,none
3b6e0863-1d61-4808-90d2-988cd5bac3e1,galveston-seawall,-94.781324,29.29652,,0,0.0,False,0.0,none
b8d911ca-cd49-4847-b504-9e56464d1e75,galveston-seawall,-94.781331,29.29667,2.9854912757873535,0,0.0,False,0.0,none
d446ef07-477d-4f4f-8119-fbd0a8284655,galveston-seawall,-94.781275,29.296884,3.1172287464141846,0,0.0,False,0.0,none
4ec5d695-1174-4abe-931a-2a701ac9b580,galveston-seawall,-94.781152,29.296941,3.9039716720581055,0,0.0,False,0.0,none
94d39d67-219e-46f9-941a-22e9a9e87764,galveston-seawall,-94.780908,29.296043,3.2676353454589844,0,0.0,False,0.0,none
eda1efe2-d29f-4b85-8a3e-769436ef0b13,galveston-seawall,-94.78194,29.295588,3.205897808074951,0,0.0,False,0.0,none
cdbed401-f477-4632-95c4-680e563f42e3,galveston-seawall,-94.78138,29.295747,,0,0.0,False,0.0,none
eae33939-5639-4c7c-9c25-ece00a306b07,galveston-seawall,-94.781562,29.295682,,0,0.0,False,0.0,none
40bc2960-37c3-4e95-8115-a70611e08b37,galveston-seawall,-94.781627,29.295864,,0,0.0,False,0.0,none
50ff7950-0531-44f7-b1c7-70092d390235,galveston-seawall,-94.781441,29.295923,,0,0.0,False,0.0,none
bae6e24d-6858-4021-aa94-d1bc29674a45,galveston-seawall,-94.781756,29.296202,3.2322187423706055,0,0.0,False,0.0,none
c8bbc5fc-0efe-4de3-bb53-f97baf637fd6,galveston-seawall,-94.782153,29.29623,4.090624809265137,0,0.0,False,0.0,none
d12f5117-a65e-45cc-b646-88435b189779,galveston-seawall,-94.782105,29.296106,3.606271743774414,0,0.0,False,0.0,none
1456645b-1255-430a-a5e9-e293eb1dd62e,galveston-seawall,-94.782252,29.296102,3.9706614017486572,0,0.0,False,0.0,none
4e4a3afa-d205-4416-8ae0-8f65d61ac693,galveston-seawall,-94.782362,29.296114,2.9203877449035645,0,0.0,False,0.0,none
9d2135b5-484d-48d0-864d-5a886f0b1bed,galveston-seawall,-94.782455,29.296056,4.005245685577393,0,0.0,False,0.0,none
aed8beb0-4e55-47b1-a5d9-90b931b5d421,galveston-seawall,-94.782518,29.296213,2.6123383045196533,0,0.0,False,0.0,none
779c8936-a6e2-42c0-ab46-07aab2641c2b,galveston-seawall,-94.782574,29.296016,4.113093852996826,0,0.0,False,0.0,none
9f295f1f-c8ac-49b1-b5c1-ce48dde0d53e,galveston-seawall,-94.782529,29.295621,3.700883626937866,0,0.0,False,0.0,none
a52cae49-be51-483f-bab0-dcadbbdea4d6,galveston-seawall,-94.782604,29.295579,,0,0.0,False,0.0,none
6fef4dad-16a2-4932-94cd-e91d2d46b03f,galveston-seawall,-94.782428,29.295443,,0,0.0,False,0.0,none
90d84f08-b796-4707-9e87-9577c6464f20,galveston-seawall,-94.782329,29.295658,3.07538104057312,0,0.0,False,0.0,none
abe30449-bb50-4cae-99b4-6b5b3ecf7f9f,galveston-seawall,-94.782232,29.295683,3.464773178100586,0,0.0,False,0.0,none
362b0867-1b3b-4ef7-95c0-1398776cb963,galveston-seawall,-94.782066,29.295736,,0,0.0,False,0.0,none
86d4f0f8-4faa-4e53-812d-15f74fe4ccd3,galveston-seawall,-94.782087,29.295529,,0,0.0,False,0.0,none
740682cf-365d-4949-8c6f-e15d0a18e83f,galveston-seawall,-94.782271,29.295166,5.346592426300049,0,0.0,False,0.0,none
c8fbba3c-91dc-4637-833e-7cc1d9a985ac,galveston-seawall,-94.783301,29.294557,5.030282497406006,0,0.0,False,0.0,none
0678a68e-a6d4-4ad5-947e-81d785c0032e,galveston-seawall,-94.7831,29.295319,3.8629331588745117,0,0.0,False,0.0,none
051a102b-c1fe-4b91-87b7-600f87f55cc9,galveston-seawall,-94.783369,29.295372,3.8640921115875244,0,0.0,False,0.0,none
0333d003-56d1-437e-a6fc-eaf6f90beaa5,galveston-seawall,-94.783257,29.295414,5.5536370277404785,0,0.0,False,0.0,none
2c555f6e-09a6-4a97-b713-f45b50a6469b,galveston-seawall,-94.783221,29.2958,3.29258131980896,0,0.0,False,0.0,none
4fffd1d0-c4d2-49c0-b6f5-73e44545c66d,galveston-seawall,-94.783156,29.295499,4.227272033691406,0,0.0,False,0.0,none
7164bc88-1745-4ae2-b0b6-daa6fa77ca40,galveston-seawall,-94.782898,29.295919,3.359199047088623,0,0.0,False,0.0,none
be8ee5bf-64e2-4c8e-827a-75f06e0d73c0,galveston-seawall,-94.782751,29.295967,,0,0.0,False,0.0,none
3e3be474-28ce-4b34-b2e1-cdf44f0d344d,galveston-seawall,-94.782962,29.296117,4.120028495788574,0,0.0,False,0.0,none
5c656971-dad6-4a2a-b2f5-911fda52c3da,galveston-seawall,-94.782985,29.296248,3.9076545238494873,0,0.0,False,0.0,none
42a0fb1f-ccbb-495d-85de-7ae6728cb1fa,galveston-seawall,-94.783263,29.295921,4.066941261291504,0,0.0,False,0.0,none
febf6266-9299-42a1-b080-bf827f38db44,galveston-seawall,-94.783318,29.29584,5.233288288116455,0,0.0,False,0.0,none
257aa607-b7e0-4504-8201-635c17dfa7d0,galveston-seawall,-94.783301,29.296034,4.991255283355713,0,0.0,False,0.0,none
b1e83d32-01a6-49c6-8ff0-708261089051,galveston-seawall,-94.783366,29.296153,3.0624845027923584,1,0.5,False,0.015,low
0778e238-3908-4c05-9940-1724b950cf0e,galveston-seawall,-94.783086,29.296445,4.311490058898926,0,0.0,False,0.0,none
4583c0e2-3fc9-4003-b211-f0420e4a8444,galveston-seawall,-94.783255,29.296978,5.5118842124938965,0,0.0,False,0.0,none
373b5b39-b4c6-4a5e-a088-884b6211816e,galveston-seawall,-94.783055,29.296938,,0,0.0,False,0.0,none
598a476f-cbd5-4977-8e3e-5e72f817f39e,galveston-seawall,-94.783096,29.296827,2.9985742568969727,0,0.0,False,0.0,none
e67f09ca-fdd6-4066-8522-6c3bb511b428,galveston-seawall,-94.783197,29.296786,3.764573097229004,0,0.0,False,0.0,none
4306a1da-7b43-434e-b378-d7e24e0c9a4d,galveston-seawall,-94.782969,29.296878,2.7297303676605225,0,0.0,False,0.0,none
de863a2c-37b1-4e67-a76a-2a9445ba2128,galveston-seawall,-94.783026,29.29685,3.223970413208008,0,0.0,False,0.0,none
32bea7e0-e5fa-474b-bd61-16c3730ff16a,galveston-seawall,-94.782917,29.297066,3.4920036792755127,0,0.0,False,0.0,none
ee65a5e8-1de5-4b9b-ae92-2c382618bdb6,galveston-seawall,-94.782748,29.296912,3.1172680854797363,0,0.0,False,0.0,none
2b3d76ed-8e83-42b7-a963-20e0c7731615,galveston-seawall,-94.782757,29.296518,2.6358604431152344,0,0.0,False,0.0,none
27eb4f25-746d-4356-9ce5-de5122be2493,galveston-seawall,-94.782875,29.296496,3.0845367908477783,0,0.0,False,0.0,none
e08b374f-fdb7-4edb-a4d4-3254a92cda41,galveston-seawall,-94.783011,29.296419,,0,0.0,False,0.0,none
073963cf-9874-4848-8586-9077ad426dca,galveston-seawall,-94.783019,29.296348,4.066953182220459,0,0.0,False,0.0,none
248b824d-22c1-48cf-b2af-0cb1e246fe3f,galveston-seawall,-94.782831,29.296287,2.9093620777130127,0,0.0,False,0.0,none
40bd77d3-d8df-47e2-b708-e1b775a12e0a,galveston-seawall,-94.782648,29.296515,2.897120952606201,0,0.0,False,0.0,none
b0b44ca8-971d-4cc8-99d7-1d8560883027,galveston-seawall,-94.782581,29.296534,,0,0.0,False,0.0,none
3b1e0601-9ce5-4ece-90a3-c7be66736961,galveston-seawall,-94.782445,29.296619,3.0041251182556152,0,0.0,False,0.0,none
3cd75931-b1ca-4b4e-ba70-077a31b91634,galveston-seawall,-94.78229,29.296438,4.352046966552734,0,0.0,False,0.0,none
d3a0b54d-6cfe-44b1-9f22-4e7c6d774537,galveston-seawall,-94.782198,29.296311,4.339083671569824,0,0.0,False,0.0,none
ec9732a4-492d-4bec-bbb9-db36cfc7d89d,galveston-seawall,-94.782317,29.296546,4.603940963745117,0,0.0,False,0.0,none
a1ccefad-db84-417d-bf09-0041e5efb8e1,galveston-seawall,-94.782327,29.296674,4.882731914520264,0,0.0,False,0.0,none
f132bd9c-f664-43e8-a4e5-67adbcb4f3ae,galveston-seawall,-94.782428,29.296994,3.4174084663391113,0,0.0,False,0.0,none
eccf4ecf-7bb9-460d-a7c8-caed405676c9,galveston-seawall,-94.782652,29.296951,2.905029058456421,0,0.0,False,0.0,none
80c6be7b-8c84-4d1f-ad4c-6d31a5e7f100,galveston-seawall,-94.782569,29.296989,,0,0.0,False,0.0,none
fd79b311-a83b-4454-b7a1-46d8b77e04e6,galveston-seawall,-94.782594,29.297158,2.8659586906433105,0,0.0,False,0.0,none
3bf853f2-deb0-4d89-b89c-d3c7e092406b,galveston-seawall,-94.782603,29.297527,4.609467506408691,0,0.0,False,0.0,none
5851d81c-9eac-47ae-a1c3-ddce5d9ba13b,galveston-seawall,-94.782555,29.297369,5.528265476226807,0,0.0,False,0.0,none
0d0a740e-2068-4a53-aa83-64dca1342872,galveston-seawall,-94.782481,29.297187,4.844696044921875,1,0.5,False,0.015,low
c1cb9e93-968d-4fe8-b630-1c833b648b8e,galveston-seawall,-94.782741,29.297954,4.387699604034424,0,0.0,False,0.0,none
4fbc779e-e860-4af6-8afd-71448e2ac9b9,galveston-seawall,-94.78271,29.297828,6.644477367401123,0,0.0,False,0.0,none
6afe20e4-de92-4c92-90f4-1443268163dd,galveston-seawall,-94.782841,29.297853,5.760844707489014,0,0.0,False,0.0,none
7f90cf33-3242-423b-89da-287b1db5f536,galveston-seawall,-94.783014,29.297816,5.191504955291748,0,0.0,False,0.0,none
658cd15a-a2e2-4dea-8f78-fcc30f95b4ad,galveston-seawall,-94.782947,29.297832,3.4311037063598633,0,0.0,False,0.0,none
64ccf742-d2a0-446e-a375-addea42fd357,galveston-seawall,-94.782732,29.297472,4.431134223937988,0,0.0,False,0.0,none
30ee77eb-3f10-4d62-960c-c7012db1a212,galveston-seawall,-94.782842,29.297447,4.937451362609863,0,0.0,False,0.0,none
5cbdd016-60dc-468e-bdc9-cd55f3ab9647,galveston-seawall,-94.782941,29.297409,4.939901351928711,0,0.0,False,0.0,none
b0e6559a-850c-4e72-90a7-f8f9d607e9dc,galveston-seawall,-94.783067,29.297366,4.479513168334961,0,0.0,False,0.0,none
20e300f8-9abc-4b0e-bf17-0c10076587ae,galveston-seawall,-94.78306,29.297178,3.053671360015869,0,0.0,False,0.0,none
551da5bd-061e-4677-a0a9-c27328d30fb9,galveston-seawall,-94.78319,29.297302,5.694699764251709,0,0.0,False,0.0,none
4c1f15ac-2a6f-422e-8264-964f23982707,galveston-seawall,-94.783268,29.297323,5.8567023277282715,0,0.0,False,0.0,none
2123d4c5-7458-471b-89d5-469a4c19d707,galveston-seawall,-94.783295,29.297124,5.676900863647461,0,0.0,False,0.0,none
f0aaa2b6-8abc-45e8-8cc2-f251ca4ca407,galveston-seawall,-94.783367,29.297339,6.131993293762207,0,0.0,False,0.0,none
4f8d7e61-74dd-4964-b290-de45413f7a6c,galveston-seawall,-94.783108,29.297783,5.008286476135254,0,0.0,False,0.0,none
51b5f2a4-a786-4f2c-b9e4-a50c1e383b82,galveston-seawall,-94.783143,29.297957,,0,0.0,False,0.0,none
2c9d73b1-9a03-4f73-9d8b-80df2881de86,galveston-seawall,-94.783229,29.297774,5.2815937995910645,0,0.0,False,0.0,none
963d4854-f126-4241-b035-52e3327b49ea,galveston-seawall,-94.783425,29.297899,3.5468294620513916,0,0.0,False,0.0,none
dcd0b384-fa29-42c4-ba4a-70a6b00b53cd,galveston-seawall,-94.783376,29.297718,5.212292671203613,0,0.0,False,0.0,none
4dc9be84-4aaf-4316-acd3-5e589fb49965,galveston-seawall,-94.783485,29.29762,5.792352199554443,0,0.0,False,0.0,none
5bc24522-19b5-48b7-8278-912833fec8af,galveston-seawall,-94.783548,29.297849,5.1708664894104,0,0.0,False,0.0,none
fca160d5-ca18-4473-9587-971f3a4e55d6,galveston-seawall,-94.783916,29.297773,6.373569011688232,0,0.0,False,0.0,none
e93a41cb-6a88-4bff-a14e-b6ad7aaf4bb3,galveston-seawall,-94.783876,29.29767,5.809274196624756,0,0.0,False,0.0,none
3913d871-f0de-4279-9ffd-e015de3c10b2,galveston-seawall,-94.783834,29.297518,5.443171501159668,0,0.0,False,0.0,none
da263e7d-344e-4e97-afd9-1162d42ac0eb,galveston-seawall,-94.783981,29.297521,6.580361843109131,0,0.0,False,0.0,none
e9b32de5-22a0-4c54-bcdc-47cdc88bdc7d,galveston-seawall,-94.783958,29.297135,3.3514113426208496,0,0.0,False,0.0,none
86a49116-3bbd-41af-af82-ce789cc690ba,galveston-seawall,-94.783856,29.297143,4.326567649841309,0,0.0,False,0.0,none
c7970514-f2af-4edf-b13a-81f07b83202f,galveston-seawall,-94.783755,29.29725,4.956897258758545,0,0.0,False,0.0,none
388fda49-524c-4647-b99f-3b244afa43d3,galveston-seawall,-94.783698,29.297084,4.983302116394043,0,0.0,False,0.0,none
b2a71669-ab79-4b01-b704-cfc830569cb1,galveston-seawall,-94.783665,29.296876,4.48441743850708,0,0.0,False,0.0,none
f2467a14-a5df-4641-a210-33f54efd6016,galveston-seawall,-94.783629,29.296764,5.828811168670654,0,0.0,False,0.0,none
2ced2a3f-5499-458f-b434-cbde9d6de177,galveston-seawall,-94.783445,29.296376,5.910148620605469,0,0.0,False,0.0,none
b05063f9-ce0a-4a9b-a273-d3dc1adcda6e,galveston-seawall,-94.783399,29.296271,4.873219966888428,0,0.0,False,0.0,none
7bb1eb2c-b53b-4541-a09d-8f9800ab54d9,galveston-seawall,-94.783585,29.296314,5.391396522521973,0,0.0,False,0.0,none
d0521d6b-e690-48e2-a634-ae1ef0051ed1,galveston-seawall,-94.783575,29.296648,5.602575778961182,0,0.0,False,0.0,none
af47f05b-2186-44c4-88d5-c2e3adab334c,galveston-seawall,-94.783819,29.296687,4.3256683349609375,0,0.0,False,0.0,none
a45c929d-c749-4beb-b192-1cb3c86c7fcb,galveston-seawall,-94.783912,29.296612,4.343249320983887,0,0.0,False,0.0,none
b676a658-6458-4025-9283-eb86270e15d3,galveston-seawall,-94.784016,29.296603,3.6586785316467285,0,0.0,False,0.0,none
ff2e3451-4760-4051-9de0-095ca2c847bb,galveston-seawall,-94.783756,29.296778,,0,0.0,False,0.0,none
9a5a9235-c09f-4608-ba12-75fa39200782,galveston-seawall,-94.784021,29.297114,,0,0.0,False,0.0,none
4a54d44b-183f-4560-afcc-f4366e74e1fb,galveston-seawall,-94.784118,29.297091,5.516080856323242,0,0.0,False,0.0,none
7a6fa72f-d0b6-46ee-99c2-87c48aafa0e8,galveston-seawall,-94.784251,29.297068,4.799048900604248,0,0.0,False,0.0,none
4c1f54c5-26bf-43e6-8330-8787951e45f3,galveston-seawall,-94.784371,29.297012,6.275357723236084,0,0.0,False,0.0,none
470ab52d-8d34-4472-afcc-3a893bc58ecb,galveston-seawall,-94.784293,29.296708,3.5799124240875244,0,0.0,False,0.0,none
5c870129-237e-410f-9756-7bab46a34c46,galveston-seawall,-94.784085,29.296584,4.634221076965332,0,0.0,False,0.0,none
a0f99936-3e93-4a06-a3db-e120da6025eb,galveston-seawall,-94.78423,29.296514,5.747348308563232,0,0.0,False,0.0,none
c5c78e42-31a3-4978-aef2-44fd8c69e49c,galveston-seawall,-94.78415,29.29655,5.798611164093018,0,0.0,False,0.0,none
f296f448-c9f6-42c5-b3fa-cd19f90e4adc,galveston-seawall,-94.784348,29.296494,6.326484680175781,0,0.0,False,0.0,none
5f2edcae-cd43-458d-8fb4-0bbfe3a5ca5f,galveston-seawall,-94.784394,29.296683,5.04678201675415,0,0.0,False,0.0,none
e9107f71-631c-4a1e-9d41-9fc2ce88590c,galveston-seawall,-94.784709,29.296349,4.932267665863037,0,0.0,False,0.0,none
579990f9-c309-42a9-b7a7-ce626b139f71,galveston-seawall,-94.784742,29.296483,4.936088562011719,0,0.0,False,0.0,none
98c819f6-3b29-4650-ad7a-f77628831a04,galveston-seawall,-94.784445,29.296812,4.486306190490723,0,0.0,False,0.0,none
88d74edf-fc91-403b-a03f-d127d4e55540,galveston-seawall,-94.784501,29.296981,4.612212181091309,0,0.0,False,0.0,none
cd1d21bf-9ec8-44f1-899a-2b1d9c91cd1f,galveston-seawall,-94.784641,29.297373,4.332112789154053,0,0.0,False,0.0,none
d148bb46-62c8-47cb-8744-2bc7e5cdf0d5,galveston-seawall,-94.784502,29.297432,5.554130554199219,0,0.0,False,0.0,none
3c923290-605f-4416-b7f3-4e2d840d9460,galveston-seawall,-94.784072,29.297483,,0,0.0,False,0.0,none
f8d0366a-faaf-4db3-a09b-f0c219d28366,galveston-seawall,-94.78423,29.297519,2.501129627227783,0,0.0,False,0.0,none
ecbd5f0a-8b65-43e0-9f40-307246ea17c9,galveston-seawall,-94.784277,29.297457,4.521892547607422,0,0.0,False,0.0,none
a8da4625-3ff2-4b10-af2e-0ef4dea2a07c,galveston-seawall,-94.784392,29.297468,6.226914882659912,0,0.0,False,0.0,none
6af7687a-79c4-42b8-ab7c-53cf06f4c40e,galveston-seawall,-94.78418,29.297609,,0,0.0,False,0.0,none
0596c6f5-9a6b-4015-a890-6f13b879b682,galveston-seawall,-94.78429,29.29797,5.562544345855713,0,0.0,False,0.0,none
5f9b68d1-71db-49d7-b7da-e87d42ba43f9,galveston-seawall,-94.784405,29.297929,4.618641376495361,0,0.0,False,0.0,none
60bec94d-7254-4724-bedb-492d491d128b,galveston-seawall,-94.78459,29.297915,4.876555919647217,0,0.0,False,0.0,none
42335c00-d3d2-4735-a1ea-6436061374a9,galveston-seawall,-94.784807,29.297881,5.273507118225098,0,0.0,False,0.0,none
8c080a5a-d32e-47e2-8a86-b8bdf6ebd8b6,galveston-seawall,-94.784762,29.297724,,0,0.0,False,0.0,none
f72c8616-d090-48dd-b2fa-13a29796b152,galveston-seawall,-94.785005,29.297289,4.435020446777344,0,0.0,False,0.0,none
bf31f4e5-2372-431c-91a7-3ecdb32a232d,galveston-seawall,-94.785145,29.297223,4.68939208984375,0,0.0,False,0.0,none
dc088d5f-78f1-48c7-becf-48e6d594a97c,galveston-seawall,-94.78526,29.297204,4.8590874671936035,0,0.0,False,0.0,none
c15d132a-1838-4a74-8bb7-7476d1edc212,galveston-seawall,-94.785356,29.297196,3.6289265155792236,0,0.0,False,0.0,none
9b55cce7-4d4e-4abc-a217-3032bb45f478,galveston-seawall,-94.785427,29.29718,4.235561370849609,0,0.0,False,0.0,none
1c8a1d6f-36de-4f32-915b-222f83f8a368,galveston-seawall,-94.785312,29.297739,5.156339645385742,0,0.0,False,0.0,none
4b8ab5e7-c0d2-4b0d-bf08-ae02689be3f1,galveston-seawall,-94.785245,29.297573,5.175356864929199,0,0.0,False,0.0,none
c4118b42-d233-4686-842f-98d5f94fda52,galveston-seawall,-94.785175,29.297793,5.181375980377197,0,0.0,False,0.0,none
127abc4f-618d-4a58-bd6c-2a8c6b6ddb37,galveston-seawall,-94.785576,29.297612,4.556683540344238,0,0.0,False,0.0,none
dd7b06c4-e3cf-4171-98d3-37b120bc4624,galveston-seawall,-94.785686,29.297632,4.464621067047119,0,0.0,False,0.0,none
baba9d47-94f4-483b-846a-1c5e72c01f99,galveston-seawall,-94.786072,29.297956,5.065703868865967,0,0.0,False,0.0,none
b056c6e6-60e8-458c-90d8-7c2c81ff8124,galveston-seawall,-94.785942,29.297559,5.0948333740234375,0,0.0,False,0.0,none
85663274-e4d6-4109-aafb-514f91f2f42b,galveston-seawall,-94.785847,29.297576,5.476040840148926,0,0.0,False,0.0,none
e497b564-6862-4c80-a31a-631cbb5958bc,galveston-seawall,-94.785779,29.297584,5.558674335479736,0,0.0,False,0.0,none
991750c2-5fd9-4ae0-8868-578e7bcb471f,galveston-seawall,-94.785902,29.297405,4.4502387046813965,0,0.0,False,0.0,none
a84de694-287d-4c31-901e-e8f8e8147455,galveston-seawall,-94.785863,29.297262,,0,0.0,False,0.0,none
30957647-a121-46bf-983d-0692ecb3a8e3,galveston-seawall,-94.785709,29.297279,4.837507724761963,0,0.0,False,0.0,none
26060b9c-a0ee-4a1f-8784-cd33c208598c,galveston-seawall,-94.785537,29.297201,5.352570533752441,0,0.0,False,0.0,none
faaca46d-021c-489a-bd2b-3ccd7508e725,galveston-seawall,-94.785572,29.296698,4.420382976531982,0,0.0,False,0.0,none
04e739ab-30a7-44ba-aa34-13b04037dab2,galveston-seawall,-94.785629,29.297099,5.6175994873046875,0,0.0,False,0.0,none
a5accb66-ad37-4313-bbeb-fac47e3eb15a,galveston-seawall,-94.785787,29.29707,4.302497863769531,0,0.0,False,0.0,none
ea01be27-cf33-4307-98aa-0d5fa59a8f9a,galveston-seawall,-94.786065,29.296605,6.025967121124268,0,0.0,False,0.0,none
1f1d4922-2605-4751-a626-707bc8d20209,galveston-seawall,-94.785985,29.296437,5.607705593109131,0,0.0,False,0.0,none
51b35961-c872-419f-8aae-c0df7688d3da,galveston-seawall,-94.785666,29.296677,6.15231466293335,0,0.0,False,0.0,none
bceb1676-b711-4e95-8461-7fbbd2e2a14b,galveston-seawall,-94.78556,29.296521,4.609946250915527,0,0.0,False,0.0,none
02ac5fe7-a87b-45c4-9957-4ae700df91d8,galveston-seawall,-94.785233,29.296298,4.189964294433594,0,0.0,False,0.0,none
e7b2bf7b-f179-462f-96a8-ffa79c7e5ab5,galveston-seawall,-94.785101,29.296336,5.3008503913879395,0,0.0,False,0.0,none
07fe1678-868e-485f-ba9c-b7e728f6f7dd,galveston-seawall,-94.785152,29.296491,4.098917007446289,0,0.0,False,0.0,none
292bc03a-96d1-43d8-afbd-563f84495e50,galveston-seawall,-94.785183,29.296611,2.6119396686553955,0,0.0,False,0.0,none
67e21f3b-f1eb-41f7-b924-ddcd72682123,galveston-seawall,-94.785253,29.29677,5.201508522033691,0,0.0,False,0.0,none
49e0d25e-8feb-4369-828f-8b32d061f622,galveston-seawall,-94.785097,29.296781,4.23474645614624,0,0.0,False,0.0,none
8d58d3a3-9abe-4765-a228-c3d6852475da,galveston-seawall,-94.785003,29.29687,5.479429244995117,0,0.0,False,0.0,none
557895ef-5c88-46e1-9dfc-6ca2099973d4,galveston-seawall,-94.784886,29.296944,4.725968837738037,0,0.0,False,0.0,none
2e05bdaa-a5de-4694-a53d-17cddc8e322b,galveston-seawall,-94.784814,29.296724,6.181754112243652,0,0.0,False,0.0,none
3307c72c-01e3-4b94-a8e3-3f971b3a0c22,galveston-seawall,-94.784778,29.296605,5.041954040527344,0,0.0,False,0.0,none
6fc6b134-d648-40bd-9dc4-6afeaa017363,galveston-seawall,-94.784984,29.296398,4.5221123695373535,0,0.0,False,0.0,none
dc3aa53b-cb90-4844-8d19-50ab375eaf01,galveston-seawall,-94.78486,29.296362,5.096845626831055,0,0.0,False,0.0,none
655c8b8f-4d8a-4cf4-b5b3-c47c46f9d557,galveston-seawall,-94.784975,29.295907,5.028420448303223,0,0.0,False,0.0,none
fc5e2b14-32c3-4e4b-99c0-7926b8461cb8,galveston-seawall,-94.784842,29.295944,4.377863883972168,0,0.0,False,0.0,none
0cdefc17-f7c2-44b1-b12c-e4af80da99a0,galveston-seawall,-94.784899,29.295617,5.182704448699951,0,0.0,False,0.0,none
3beb40cc-d401-4287-975c-b79a85cfbb2d,galveston-seawall,-94.784816,29.295429,4.195273399353027,1,0.5,False,0.015,low
b0e4a04c-774a-4a1e-98ee-e64bf7fe165c,galveston-seawall,-94.785034,29.295572,,0,0.0,False,0.0,none
0115e02b-11d8-43ff-a50b-a203fae9ee89,galveston-seawall,-94.785254,29.29565,4.963528633117676,0,0.0,False,0.0,none
3138e268-5888-4fef-a3af-9e3ae2216f76,galveston-seawall,-94.785247,29.295518,4.014518737792969,0,0.0,False,0.0,none
496f9fd0-974e-4709-91bc-95d52327ef0f,galveston-seawall,-94.78529,29.295745,5.567007064819336,0,0.0,False,0.0,none
fb5d9dff-1d1e-42d8-8c40-d5468c211102,galveston-seawall,-94.785367,29.295837,6.150886058807373,0,0.0,False,0.0,none
fce0070a-77e6-4274-bcd0-33456549d32c,galveston-seawall,-94.785206,29.295869,5.651905059814453,0,0.0,False,0.0,none
97c03aa4-83a9-454a-bacd-8bd785044fbe,galveston-seawall,-94.785091,29.295868,5.567480564117432,0,0.0,False,0.0,none
78c4dbd1-28ef-4407-9bb5-5227c48bc5d5,galveston-seawall,-94.78537,29.296256,4.857966423034668,0,0.0,False,0.0,none
340fff2b-b31d-4972-9f19-b26bdd1e0cf6,galveston-seawall,-94.785485,29.296173,4.802117824554443,0,0.0,False,0.0,none
d3214f4a-3ebc-4448-93ec-0a1cae62246d,galveston-seawall,-94.785929,29.296245,5.129971027374268,0,0.0,False,0.0,none
424c471a-dc23-4151-ad18-acd3a16f2824,galveston-seawall,-94.786054,29.296056,5.765500545501709,0,0.0,False,0.0,none
a998529f-4cde-4959-9ad7-d7b5c9881db9,galveston-seawall,-94.785815,29.295678,6.671853065490723,0,0.0,False,0.0,none
63e7ec0c-5e59-475a-8938-c51ab31368e7,galveston-seawall,-94.78591,29.295663,4.218191623687744,0,0.0,False,0.0,none
71728bbc-53b5-4b1e-8ae7-6d1de3c0b4d3,galveston-seawall,-94.786051,29.29564,5.6466875076293945,0,0.0,False,0.0,none
392008ab-2f5d-4f0b-b835-69993215cdcf,galveston-seawall,-94.785613,29.295419,5.349215507507324,0,0.0,False,0.0,none
848c16fc-d925-4b93-96b5-26623ea21c8d,galveston-seawall,-94.785662,29.295552,5.027517795562744,0,0.0,False,0.0,none
a11540a0-05af-4a22-9af2-384bed398023,galveston-seawall,-94.785717,29.295715,6.150816440582275,0,0.0,False,0.0,none
817191f0-7c9a-44cf-93c6-591fee76200e,galveston-seawall,-94.785556,29.295236,5.155612468719482,0,0.0,False,0.0,none
a3600442-ee86-4d87-9614-54ce50fd3bd3,galveston-seawall,-94.785686,29.295204,6.346126079559326,0,0.0,False,0.0,none
417e608c-087c-4f2e-8733-b40b26233f43,galveston-seawall,-94.785749,29.295384,4.364713191986084,0,0.0,False,0.0,none
c9ce18a0-ec27-41e0-afbf-07e63770268d,galveston-seawall,-94.785983,29.295133,,0,0.0,False,0.0,none
feb63bd0-d3e3-4703-8900-85cbacf7a4ca,galveston-seawall,-94.786057,29.295114,,0,0.0,False,0.0,none
ea53f920-4c1f-43fc-acfc-394ba898d012,galveston-seawall,-94.785849,29.295181,4.747735500335693,0,0.0,False,0.0,none
f427d299-a335-448d-b9d4-30f28928b538,galveston-seawall,-94.786076,29.294693,6.165999889373779,0,0.0,False,0.0,none
1663c0d1-2757-47d9-94ef-66071d7c3dd5,galveston-seawall,-94.785935,29.29471,5.757303237915039,0,0.0,False,0.0,none
6777a3ad-4690-42ef-b23f-b290be4f7f8b,galveston-seawall,-94.785801,29.294728,4.500880241394043,0,0.0,False,0.0,none
0e275431-3946-43c5-a40e-4bf67d1b769a,galveston-seawall,-94.785635,29.294612,3.9141366481781006,0,0.0,False,0.0,none
9fb15e6d-765e-4101-8532-4869821705e1,galveston-seawall,-94.785686,29.294793,5.9341959953308105,0,0.0,False,0.0,none
a1a47ef9-abae-456d-84c1-5952942bfa3a,galveston-seawall,-94.785534,29.294831,6.189186096191406,0,0.0,False,0.0,none
1230cb7a-f35c-4462-b0d1-4f6d28509159,galveston-seawall,-94.785489,29.294631,3.438196897506714,0,0.0,False,0.0,none
d96ae088-9f05-4ddb-9d66-c5c8f067db35,galveston-seawall,-94.785352,29.294675,4.7834858894348145,0,0.0,False,0.0,none
b4dc6cf2-dbc3-4088-9bb3-a42c04fb045a,galveston-seawall,-94.785423,29.294871,4.633969306945801,2,1.5,False,0.045,low
74adc3b3-1416-44fa-8cd7-399b93a3f5c2,galveston-seawall,-94.785181,29.295276,5.909689426422119,0,0.0,False,0.0,none
c006d0e0-e934-4402-8109-e6f5b77166ad,galveston-seawall,-94.78506,29.295003,5.158490180969238,0,0.0,False,0.0,none
8fa4f6a5-9d42-4c9e-9e91-08c9997da0d3,galveston-seawall,-94.785071,29.295362,5.350254058837891,0,0.0,False,0.0,none
47acb083-1a8f-4e2b-832e-1645986d0d0c,galveston-seawall,-94.784966,29.295376,5.669713497161865,0,0.0,False,0.0,none
25f5ffb5-4299-4752-973a-f4a2015f1c3b,galveston-seawall,-94.784916,29.29503,3.634796380996704,0,0.0,False,0.0,none
3a856aea-e474-49f1-a24b-bc1c9a7dbd71,galveston-seawall,-94.784839,29.294825,3.044278860092163,0,0.0,False,0.0,none
e368c2be-b1f1-4ef5-85cc-1a726773262d,galveston-seawall,-94.784958,29.294801,5.251275539398193,0,0.0,False,0.0,none
2aca57b3-64d3-4a79-9284-fce1badece0d,galveston-seawall,-94.784919,29.294645,4.954273700714111,0,0.0,False,0.0,none
f24f0340-a000-4c2f-98ef-8bdee61c8775,galveston-seawall,-94.784687,29.294572,4.8706488609313965,0,0.0,False,0.0,none
b4e49552-2a10-4912-88fe-539456ddba46,galveston-seawall,-94.784627,29.294739,3.340646505355835,0,0.0,False,0.0,none
fcb721c0-10d8-40e0-a9d8-64ea04615b9f,galveston-seawall,-94.784525,29.294748,,0,0.0,False,0.0,none
04457540-2c1d-4178-b102-0bc3f87bfdd6,galveston-seawall,-94.784446,29.294596,,0,0.0,False,0.0,none
5377c498-9e94-4e4e-9323-5295d47c395f,galveston-seawall,-94.784334,29.29463,,0,0.0,False,0.0,none
fd00e5b1-878d-4196-b8b1-f0c80c877470,galveston-seawall,-94.784147,29.294633,2.7909276485443115,0,0.0,False,0.0,none
ba38ea59-83ea-4868-baf6-68f32122289e,galveston-seawall,-94.784186,29.294781,3.210430860519409,0,0.0,False,0.0,none
6c2ffbf2-7de9-4484-8ee7-402f726841dd,galveston-seawall,-94.784215,29.294971,2.8449978828430176,0,0.0,False,0.0,none
b7c91820-4b55-4beb-a60f-cd615f1b3f6c,galveston-seawall,-94.784385,29.295157,3.6449224948883057,0,0.0,False,0.0,none
dcb6243c-86f8-4628-b8dc-c5d9a76a5977,galveston-seawall,-94.78429,29.2951,3.9761481285095215,0,0.0,False,0.0,none
d4f8c84e-24db-464e-8675-7bf8755d2459,galveston-seawall,-94.784292,29.295205,4.779942989349365,0,0.0,False,0.0,none
037214d7-d203-4264-9106-49cf64bea2da,galveston-seawall,-94.784467,29.295091,4.533242225646973,0,0.0,False,0.0,none
b015f967-25b7-45f3-90ab-93d228c1c828,galveston-seawall,-94.784604,29.295076,5.02323055267334,0,0.0,False,0.0,none
51bd2364-3c39-45bd-af27-4544cca99e44,galveston-seawall,-94.784727,29.295008,5.847642421722412,0,0.0,False,0.0,none
169202d6-e959-4e94-bb01-50235e463a40,galveston-seawall,-94.784697,29.295496,2.509871244430542,0,0.0,False,0.0,none
af50f41e-92ff-4201-9232-59f86e565867,galveston-seawall,-94.784565,29.295494,4.888242721557617,0,0.0,False,0.0,none
e9a98d0d-8167-4113-82f6-e2b489157b29,galveston-seawall,-94.784418,29.29555,4.751879692077637,0,0.0,False,0.0,none
09ffbdf1-8e3d-455f-96a9-9484018cb77e,galveston-seawall,-94.784471,29.295714,4.096804618835449,0,0.0,False,0.0,none
4a8d6dc6-2e34-4131-a4b5-52821f151c29,galveston-seawall,-94.784587,29.296012,5.443216800689697,0,0.0,False,0.0,none
c2c431c5-03b8-4a2f-ba29-12795a7c91bc,galveston-seawall,-94.784694,29.295962,4.761022090911865,0,0.0,False,0.0,none
7e17014b-9526-4824-b20d-b1c039247c92,galveston-seawall,-94.784521,29.295863,3.8327062129974365,1,0.5,False,0.015,low
2fc75d15-7e74-499e-9360-d8fb3b8463ef,charleston-battery,-79.935237,32.77004,12.0,5,4.5,False,0.135,low
0e859362-05bd-4e5f-9d09-68464fc4eb72,charleston-battery,-79.935067,32.770205,7.0,4,3.5,False,0.105,low
4df2099e-4754-4491-9d85-26c7551ed268,charleston-battery,-79.93506,32.770309,5.0,4,3.5,False,0.105,low
7bca0f8c-cba9-4d91-bd92-a70e3827bf17,charleston-battery,-79.935238,32.770364,10.0,5,4.5,False,0.135,low
9bc514d3-437a-4e6a-ab20-49602b4e64f0,charleston-battery,-79.935623,32.770061,12.0,5,4.5,False,0.135,low
70a365b2-5963-4568-aa69-58d2b7aa43a1,charleston-battery,-79.935803,32.770034,12.0,5,4.5,False,0.135,low
4ff8dae7-79c4-474c-8849-26085f0686ac,charleston-battery,-79.936097,32.77039,5.0,6,5.5,False,0.165,low
80e1e2c7-7050-429b-a878-8a1b85531802,charleston-battery,-79.936299,32.770363,4.0,4,3.5,False,0.105,low
858e1f3e-3519-4e75-98b1-8aabb3fd6d41,charleston-battery,-79.936177,32.77012,12.0,6,5.5,False,0.165,low
3424378e-5fa0-4c2d-899e-64e796468ca6,charleston-battery,-79.936375,32.770169,12.0,6,5.5,False,0.165,low
8ec949fe-55f0-4529-96e8-f5045f7c885c,charleston-battery,-79.936396,32.770377,4.0,4,3.5,False,0.105,low
44e9588b-fbd3-49e1-8b3c-090dc6199815,charleston-battery,-79.936466,32.770372,7.0,4,3.5,False,0.105,low
7dad7e75-a4b8-4c3b-af79-7221fb2d2613,charleston-battery,-79.936584,32.770175,11.0,5,4.5,False,0.135,low
4f5d0247-cd49-4b87-9ed6-e8a67ab9158d,charleston-battery,-79.936954,32.770277,13.0,5,4.5,False,0.135,low
5a798345-e94a-43c6-ba85-b28e859ffd94,charleston-battery,-79.937139,32.770332,12.0,5,4.5,False,0.135,low
d85a7fef-fb83-4dbc-a76f-eea42cdc232c,charleston-battery,-79.939063,32.771174,11.0,6,5.5,False,0.165,low
2fd6578a-212f-4847-9c65-8e4c44e9dce2,charleston-battery,-79.938888,32.7711,12.0,6,5.5,False,0.165,low
f663ee78-3d9a-4e79-b04c-342e8d731af3,charleston-battery,-79.938576,32.770989,12.0,5,4.5,False,0.135,low
19459b04-57f8-4cfe-b924-412361fd3e24,charleston-battery,-79.93882,32.771323,4.0,6,5.5,False,0.165,low
6883e559-376a-4ec8-a371-0cb0b9090569,charleston-battery,-79.938774,32.771376,4.0,6,5.5,False,0.165,low
88175bcd-7d13-41bc-9de6-3f6e3fba65f6,charleston-battery,-79.938646,32.771485,10.0,6,5.5,False,0.165,low
7b314ea0-b081-447d-834b-7cf352960fa3,charleston-battery,-79.939073,32.771442,8.0,6,5.5,False,0.165,low
a08b35ba-daec-48ec-9b6e-3ca87c04f675,charleston-battery,-79.938982,32.771469,4.0,6,5.5,False,0.165,low
60fcf8ad-0026-4ec2-ac4a-853f50b07224,charleston-battery,-79.939252,32.771265,12.0,6,5.5,False,0.165,low
38b09fcd-7946-4154-88c1-1e8b8ac2b154,charleston-battery,-79.939437,32.771433,10.0,5,4.5,False,0.135,low
3eafbbb4-48b7-447b-ac6f-f618d7b7b611,charleston-battery,-79.939576,32.77167,4.0,6,5.5,False,0.165,low
ae00e43a-21d9-4a74-becb-76e7057bfe7f,charleston-battery,-79.939455,32.771692,5.0,6,5.5,False,0.165,low
c935b436-04aa-4ecf-9a8b-3616682b0079,charleston-battery,-79.939231,32.771729,10.0,6,5.5,False,0.165,low
b08f632a-e8a4-47d9-891e-4a20ffd3c055,charleston-battery,-79.939465,32.771933,13.0,6,5.5,False,0.165,low
6b7ee502-abbc-455f-a6ba-97ccfb953b78,charleston-battery,-79.939569,32.77238,5.590425491333008,6,5.5,False,0.165,low
6e2ed819-76f9-4ec1-99ca-2a0ef3ccef55,charleston-battery,-79.939703,32.772454,7.4464569091796875,7,6.5,False,0.195,low
70531639-46e6-42ab-a20e-60d95bb7939f,charleston-battery,-79.939543,32.772519,,7,6.5,False,0.195,low
23b37a1c-04e1-4cd5-8da0-65a6c60f0025,charleston-battery,-79.939142,32.772407,,7,6.5,False,0.195,low
3b12ed3a-6cc0-403f-b0c8-bfa8ba8f5c6e,charleston-battery,-79.9392,32.772358,5.913764476776123,7,6.5,False,0.195,low
b3ae5dc9-ce2f-4c92-a271-1d7d92415ea7,charleston-battery,-79.939281,32.772261,6.028343677520752,6,5.5,False,0.165,low
949903b2-8ff2-4dbb-a18d-e787cd3ac33f,charleston-battery,-79.938989,32.772146,8.605183601379395,6,5.5,False,0.165,low
fcfeb285-1edf-4a06-8aec-5503ac3239e5,charleston-battery,-79.939085,32.772544,7.269124507904053,7,6.5,False,0.195,low
e90f6e7a-215f-4113-9edb-c7fde1eac76e,charleston-battery,-79.938848,32.772414,6.409090995788574,5,4.5,False,0.135,low
5b20323b-f8a2-4562-9d9d-3305cfb06dee,charleston-battery,-79.938693,32.772394,8.064420700073242,6,5.5,False,0.165,low
a11cf42e-4f2d-4e51-8be6-5f8a2d0d6164,charleston-battery,-79.938568,32.772321,7.53586483001709,5,4.5,False,0.135,low
1b80152c-7a1f-41db-8a5a-686a0195fe68,charleston-battery,-79.938748,32.772021,8.098264694213867,6,5.5,False,0.165,low
8bc49e3c-219c-40ac-98d2-e68171215b40,charleston-battery,-79.939093,32.77169,10.0,6,5.5,False,0.165,low
1e846a5d-75d8-469e-9822-fbf0e81cf36b,charleston-battery,-79.938975,32.771603,11.0,6,5.5,False,0.165,low
539fd854-ee34-404b-a212-d5dd187da115,charleston-battery,-79.938825,32.77154,9.0,6,5.5,False,0.165,low
753222a2-556f-42a9-a086-2e7fb92c4edc,charleston-battery,-79.937951,32.771648,6.431067943572998,5,4.5,False,0.135,low
b5b75bbb-1116-431d-a5a9-72e6c244a921,charleston-battery,-79.938111,32.771719,7.308096408843994,4,3.5,False,0.105,low
b29c06d7-1299-4e13-a5bd-4b37db8a4f2f,charleston-battery,-79.938084,32.771851,,5,4.5,False,0.135,low
ba1b2901-a3e8-4f63-be40-b3f65ca563a7,charleston-battery,-79.938323,32.772027,,6,5.5,False,0.165,low
75f2048c-97ad-4290-af15-107524f5700a,charleston-battery,-79.93834,32.771983,,6,5.5,False,0.165,low
91659506-7488-4d23-9e14-43aed759fdc4,charleston-battery,-79.938388,32.77186,7.032440185546875,6,5.5,False,0.165,low
0120316f-2e61-45f0-b3c8-ab78d766a8a3,charleston-battery,-79.938375,32.772178,8.427016258239746,5,4.5,False,0.135,low
014d0911-af13-40ce-bd8d-c81ad3387bda,charleston-battery,-79.938367,32.772601,5.602200031280518,6,5.5,False,0.165,low
ac030d7d-291c-4e77-8163-76499a6cd3e2,charleston-battery,-79.938249,32.772571,5.306565284729004,5,4.5,False,0.135,low
1df3e45b-db32-4ff7-854d-5c0840b8e260,charleston-battery,-79.938128,32.772478,6.725225448608398,6,5.5,False,0.165,low
e9fc2416-f486-41d3-ac60-df88c1afcd68,charleston-battery,-79.938187,32.772632,,6,5.5,False,0.165,low
5fca9710-b2fc-4770-9ef1-f2edc80ca754,charleston-battery,-79.938068,32.772559,,6,5.5,False,0.165,low
ef02fcb5-ae32-4864-b15f-efcc19fee5aa,charleston-battery,-79.938178,32.772174,6.457974433898926,6,5.5,False,0.165,low
989ed0a5-0577-4102-bc6f-fe96d89e2343,charleston-battery,-79.937681,32.772251,5.576271057128906,6,5.5,False,0.165,low
0e2c7801-92fb-49a0-9ac9-4afdab25049a,charleston-battery,-79.937768,32.772544,6.4858551025390625,6,5.5,False,0.165,low
49e6bdf8-c1e6-4276-a123-2f71bc11e11c,charleston-battery,-79.937679,32.772386,7.243025302886963,6,5.5,False,0.165,low
d07885a6-45c8-4394-8f0f-fd10ff166f5a,charleston-battery,-79.937399,32.772436,,6,5.5,False,0.165,low
8d6adb1a-a241-47e5-8c4c-f9e8bb5bca50,charleston-battery,-79.937506,32.772222,5.645605564117432,6,5.5,False,0.165,low
7bd1a90b-e7db-45c3-84a0-2d70e4509646,charleston-battery,-79.937428,32.771807,6.403835773468018,6,5.5,False,0.165,low
1580a750-f121-4cf2-ad05-c2c1cfa810e8,charleston-battery,-79.937554,32.771854,5.635770320892334,5,4.5,False,0.135,low
833d85b7-3b5b-46f3-a0cc-8e3258b5bb72,charleston-battery,-79.937781,32.771977,6.030556678771973,6,5.5,False,0.165,low
373a164d-4b97-44fc-a1c8-c27c01ab6644,charleston-battery,-79.937908,32.772044,5.631053924560547,5,4.5,False,0.135,low
b8ce58a0-6ea6-40e9-9461-2ca0c129e23e,charleston-battery,-79.937696,32.771889,6.17001485824585,6,5.5,False,0.165,low
bc1e10f8-cbc5-4331-ac2d-e85448cc6736,charleston-battery,-79.937808,32.771585,5.577701091766357,5,4.5,False,0.135,low
82a0bc13-6fbf-4389-8f74-4737e65a39ad,charleston-battery,-79.937646,32.771651,,5,4.5,False,0.135,low
7a3fa8c9-a2f8-4238-93e1-88bd5fd545ec,charleston-battery,-79.937568,32.771696,,5,4.5,False,0.135,low
b7bda0ba-e51a-4540-ae07-dbc215ebed5a,charleston-battery,-79.937619,32.771703,,5,4.5,False,0.135,low
b4c27f5a-9b41-4977-be26-1dd653082758,charleston-battery,-79.937392,32.771388,6.579187870025635,5,4.5,False,0.135,low
4e512170-374b-4ddb-b33d-be83ce80f8b4,charleston-battery,-79.937513,32.771475,7.13138484954834,4,3.5,False,0.105,low
e9f926a0-7c94-4f5a-99d6-5da558ca8214,charleston-battery,-79.937685,32.771017,11.0,5,4.5,False,0.135,low
bc8c7c05-0411-4b0b-82db-e4305271f659,charleston-battery,-79.93785,32.771092,13.0,5,4.5,False,0.135,low
7c84798b-1ddc-4f31-a291-98980f0eb360,charleston-battery,-79.937671,32.771507,6.376493453979492,5,4.5,False,0.135,low
06e1d9b1-53d4-4d80-abd9-fcbb6f5510b2,charleston-battery,-79.938343,32.771289,10.0,6,5.5,False,0.165,low
01f08424-af8f-4d4c-a04a-b5e28ef34b3c,charleston-battery,-79.938454,32.771152,7.0,6,5.5,False,0.165,low
75fad87b-836c-4e8e-a679-d0f5da42563e,charleston-battery,-79.938174,32.771221,10.0,6,5.5,False,0.165,low
44b36e2c-cb3f-4334-9f80-3da9f1f090ff,charleston-battery,-79.938005,32.771157,13.0,6,5.5,False,0.165,low
c48e42fc-9d35-4337-9d5d-673599d0d116,charleston-battery,-79.938038,32.770739,13.0,4,3.5,False,0.105,low
d35118e4-b68c-4e93-bd42-0bac301e9600,charleston-battery,-79.93817,32.770833,12.0,6,5.5,False,0.165,low
29cbd618-a51b-49e1-9715-c7748b20727a,charleston-battery,-79.937344,32.770884,14.0,5,4.5,False,0.135,low
8fa0152e-9de7-47ee-857b-7fe8b488f63f,charleston-battery,-79.93748,32.770692,5.0,5,4.5,False,0.135,low
06b12b04-4eac-4d5d-bb99-56a4822fd31d,charleston-battery,-79.937492,32.770502,15.0,4,3.5,False,0.105,low
fad6019e-eaed-49e4-bfbb-5101bca242b0,charleston-battery,-79.937191,32.770555,8.0,5,4.5,False,0.135,low
75e52290-dfa5-4d3e-b28d-1b1a665b6646,charleston-battery,-79.93699,32.770493,4.0,5,4.5,False,0.135,low
26e01ac8-c904-4fcf-ad93-a90f9f5d6e48,charleston-battery,-79.936921,32.770488,5.0,5,4.5,False,0.135,low
7f58b1dd-eca1-4710-987e-3b277a89e601,charleston-battery,-79.936916,32.770542,3.0,5,4.5,False,0.135,low
ea49c2e0-dd64-4020-bbe6-aa382aefad93,charleston-battery,-79.936811,32.770689,9.0,5,4.5,False,0.135,low
c391d125-9875-4795-a519-743d917d087b,charleston-battery,-79.937039,32.770783,11.0,4,3.5,False,0.105,low
272b3d12-c6bb-4097-82da-78849cc1da4a,charleston-battery,-79.93733,32.770721,4.0,6,5.5,False,0.165,low
51b54477-2beb-46e3-b237-e6c8317306df,charleston-battery,-79.937067,32.771387,,5,4.5,False,0.135,low
9513654d-fda4-4b0f-96be-157e0b312697,charleston-battery,-79.937133,32.771248,6.21487283706665,6,5.5,False,0.165,low
ec5fe82a-63db-4768-ad55-cd16727d143b,charleston-battery,-79.937009,32.771435,,5,4.5,False,0.135,low
72402b0f-7193-4704-94a9-a025e87892fb,charleston-battery,-79.936861,32.771378,,5,4.5,False,0.135,low
a42ae59c-7a20-4530-ae2c-f5a90f9377af,charleston-battery,-79.936755,32.771281,,5,4.5,False,0.135,low
9f34ae4a-1d20-4ad6-a358-7d8c3538f749,charleston-battery,-79.936919,32.771218,6.518155574798584,5,4.5,False,0.135,low
89c00fd8-8527-4afa-8f3d-1d075189a0a5,charleston-battery,-79.936538,32.771075,5.116499900817871,4,3.5,False,0.105,low
280095d9-ab71-4526-a626-e353aafb4e36,charleston-battery,-79.936459,32.77119,,4,3.5,False,0.105,low
a14783b7-05b0-4f25-bc7a-68469f65c5b1,charleston-battery,-79.936609,32.771236,,5,4.5,False,0.135,low
4eed307c-8a6b-40e6-84a9-a85a501bdd32,charleston-battery,-79.936685,32.77112,5.749110221862793,5,4.5,False,0.135,low
99881102-7dc5-4a2e-b2fe-e62b86c3d13f,charleston-battery,-79.936708,32.7715,6.181540012359619,5,4.5,False,0.135,low
61cff897-18a1-4bdf-8f1c-eee03d629f8a,charleston-battery,-79.936567,32.771439,5.6810760498046875,5,4.5,False,0.135,low
cda04586-497e-4bc4-8d79-0bfb042317f0,charleston-battery,-79.936532,32.771291,,5,4.5,False,0.135,low
64a93062-fbe4-40f4-8267-d14d458bf28d,charleston-battery,-79.936584,32.771299,,5,4.5,False,0.135,low
e9e0f6fa-ef1e-4e47-a1bf-c2a5730a166f,charleston-battery,-79.936373,32.771253,,5,4.5,False,0.135,low
bc832698-1ebd-4090-92c0-9aa4808201e5,charleston-battery,-79.936427,32.771407,5.52116060256958,5,4.5,False,0.135,low
c11ce714-e027-47f5-974d-8f4799ad5435,charleston-battery,-79.936252,32.771126,,4,3.5,False,0.105,low
8446e2e4-b699-47a8-bf4c-03400055c84d,charleston-battery,-79.936308,32.771171,,4,3.5,False,0.105,low
78033a2f-1377-4d70-a309-7f5957a8e49c,charleston-battery,-79.936366,32.770988,6.5225605964660645,4,3.5,False,0.105,low
643f9f6d-15c2-4c5a-bf7a-312ff1ced3a8,charleston-battery,-79.936469,32.77061,11.0,5,4.5,False,0.135,low
02f51257-c8cb-4897-b3ef-401b58cb0221,charleston-battery,-79.936629,32.770654,9.0,5,4.5,False,0.135,low
5aa213ef-4363-43c6-a21c-4db9ac185bc1,charleston-battery,-79.936605,32.770534,4.0,5,4.5,False,0.135,low
7f5aca9a-443c-4fa3-893b-00d750a9f592,charleston-battery,-79.936441,32.770435,4.0,5,4.5,False,0.135,low
7f5aed17-975d-4150-b052-5644afe2823c,charleston-battery,-79.936226,32.77057,12.0,4,3.5,False,0.105,low
b9b2d8ae-babb-4ef8-8123-fa843eaf6c03,charleston-battery,-79.935924,32.770513,11.0,4,3.5,False,0.105,low
382867db-9111-491c-8c00-2fbdebdfb37a,charleston-battery,-79.935566,32.770585,13.0,5,4.5,False,0.135,low
8f545488-5ce2-4909-a86e-e926e835631f,charleston-battery,-79.935741,32.770556,12.0,4,3.5,False,0.105,low
b5087826-69c9-4db0-b473-a815f8c2eb69,charleston-battery,-79.93584,32.770417,5.0,5,4.5,False,0.135,low
71e11325-6c39-4292-b802-72af51fb11eb,charleston-battery,-79.93513,32.770447,4.0,5,4.5,False,0.135,low
dac68198-451a-4b97-af73-2db2603842b1,charleston-battery,-79.935104,32.770504,6.0,5,4.5,False,0.135,low
cea174ee-717a-449f-a366-6dbb50a80259,charleston-battery,-79.935217,32.770548,10.0,4,3.5,False,0.105,low
b0cc2024-bcf7-49e8-9757-6d12ad96016d,charleston-battery,-79.935072,32.771396,,5,4.5,False,0.135,low
d6ec5b05-a437-48a7-a71d-219a2c5c1e00,charleston-battery,-79.935293,32.771507,,5,4.5,False,0.135,low
9a49c529-7e0c-4eba-8553-ef52b39f216d,charleston-battery,-79.935307,32.771302,9.0,5,4.5,False,0.135,low
94e2d1ae-502c-4405-9b0b-1e88679d99bb,charleston-battery,-79.935532,32.77131,,4,3.5,False,0.105,low
57a60243-df0b-4ec4-9ce5-ff33d756fe1d,charleston-battery,-79.935535,32.771357,,4,3.5,False,0.105,low
75ca426e-48b6-49c9-8e84-23fbb28a0570,charleston-battery,-79.935727,32.771299,5.851888656616211,4,3.5,False,0.105,low
b8111147-e9ef-4814-be30-1c6a39868006,charleston-battery,-79.935635,32.771346,6.379576206207275,4,3.5,False,0.105,low
8b7f7e11-6e31-4f96-8164-61ca233f7ad1,charleston-battery,-79.935619,32.771215,6.041825294494629,4,3.5,False,0.105,low
a6416600-64b8-4dfc-b9c8-f7ee2e346da0,charleston-battery,-79.935647,32.770989,8.115870475769043,4,3.5,False,0.105,low
98896649-7395-4296-972e-dc4d09f81704,charleston-battery,-79.936016,32.77109,,4,3.5,False,0.105,low
8176c8b4-222b-4454-b7d5-96068eacfccd,charleston-battery,-79.936141,32.77099,6.77150821685791,4,3.5,False,0.105,low
396b843d-2f8b-4d8b-aa4f-829eac59b65a,charleston-battery,-79.936104,32.771378,5.934699058532715,4,3.5,False,0.105,low
148f4b2e-32f1-40e6-a2fb-79672c3d6106,charleston-battery,-79.935905,32.771331,7.435684680938721,4,3.5,False,0.105,low
8d8d49d5-5c0e-49ab-a88f-0859e289741b,charleston-battery,-79.935951,32.771642,,5,4.5,False,0.135,low
155b9ed9-962e-427e-ab5d-105c2a638a36,charleston-battery,-79.936063,32.771981,,5,4.5,False,0.135,low
ed4f4b4b-86d6-494a-a70b-102bf822db6c,charleston-battery,-79.935927,32.771965,,5,4.5,False,0.135,low
2539ed17-1581-4ddf-960b-46ecb95ed8e7,charleston-battery,-79.935724,32.772037,6.251987934112549,4,3.5,False,0.105,low
48fb5068-bbf4-4218-9710-13fd3828f0a2,charleston-battery,-79.935782,32.771694,6.118249893188477,4,3.5,False,0.105,low
e9c83674-fc79-4f24-b7cf-95c0e590ab8e,charleston-battery,-79.935597,32.771607,,4,3.5,False,0.105,low
66f57328-f188-495b-9133-5207b5de0221,charleston-battery,-79.935321,32.771723,6.074933052062988,5,4.5,False,0.135,low
37b0998c-02f8-42f3-9279-5e5e6c186530,charleston-battery,-79.935126,32.771695,11.0,6,5.5,False,0.165,low
bd53676d-6010-427a-bb4c-a5ee7e303473,charleston-battery,-79.935364,32.771998,7.327868938446045,5,4.5,False,0.135,low
9a8d92f2-5623-43ff-8658-5c0746a46323,charleston-battery,-79.935033,32.772236,15.0,6,5.5,False,0.165,low
4d397cd3-3b4f-44eb-a878-4d3b564f6adb,charleston-battery,-79.935236,32.77226,5.662405967712402,6,5.5,False,0.165,low
f972334c-032e-4749-83a8-b65d33d497bd,charleston-battery,-79.935371,32.772561,5.461750030517578,5,4.5,False,0.135,low
fdb96007-dc5e-4a76-9777-b315aadba2fb,charleston-battery,-79.935367,32.772388,7.091076850891113,5,4.5,False,0.135,low
fd1550d7-9cb6-4808-a073-d9ffb6cd5fcf,charleston-battery,-79.935793,32.772506,7.848501682281494,5,4.5,False,0.135,low
529744bb-1aeb-47fd-9066-43bec5fb8526,charleston-battery,-79.93576,32.77231,6.594743728637695,5,4.5,False,0.135,low
1178f2bf-aa77-468c-8eb6-5a13f49bf485,charleston-battery,-79.936115,32.772181,,5,4.5,False,0.135,low
1d6932f8-1afb-4de9-9db5-eaf0d6e65781,charleston-battery,-79.935914,32.772592,,5,4.5,False,0.135,low
42ba55e2-f50f-4362-b09a-286f546b4c51,charleston-battery,-79.936172,32.772509,,5,4.5,False,0.135,low
ca0a2853-ec51-40d6-967e-71d9a464f0bf,charleston-battery,-79.936159,32.772393,,5,4.5,False,0.135,low
615e47a1-6058-4530-9cf8-832fa7c209d7,charleston-battery,-79.936518,32.772507,,6,5.5,False,0.165,low
50b183eb-4024-4172-b69a-05546752d052,charleston-battery,-79.936506,32.772358,6.240225791931152,6,5.5,False,0.165,low
a89c8d03-171b-4b6c-b24a-030f8518e8ef,charleston-battery,-79.93662,32.77227,3.3769123554229736,6,5.5,False,0.165,low
145311fe-444b-415b-b55b-20d256321c26,charleston-battery,-79.936727,32.772163,,6,5.5,False,0.165,low
0e42033b-0c62-43b9-b534-42ee572db153,charleston-battery,-79.936497,32.7722,5.889330863952637,5,4.5,False,0.135,low
06a0c14a-8cd3-4cfa-85f6-6f4d1da95c65,charleston-battery,-79.936501,32.772094,,6,5.5,False,0.165,low
6beada76-f447-404f-aedd-ed0051acf23c,charleston-battery,-79.936165,32.772285,,5,4.5,False,0.135,low
dd650b00-c172-4d7f-9476-65092c1078bd,charleston-battery,-79.936203,32.772078,,6,5.5,False,0.165,low
b504f4c2-4dff-47da-93a1-1a4b341d44f7,charleston-battery,-79.936217,32.771947,5.616886138916016,6,5.5,False,0.165,low
49c4e9e8-62cf-411d-9edc-f95336047d00,charleston-battery,-79.93642,32.771915,6.526663780212402,5,4.5,False,0.135,low
099e2d12-44ea-4903-958b-2185d0e32acb,charleston-battery,-79.936178,32.771655,8.451255798339844,6,5.5,False,0.165,low
0f7cda4d-ef06-4016-9bba-d9d917343a23,charleston-battery,-79.93672,32.771896,5.719115734100342,5,4.5,False,0.135,low
dce4fddb-3859-4a47-9382-18cef14db693,charleston-battery,-79.936579,32.772021,5.532658576965332,6,5.5,False,0.165,low
0a1f7866-a55f-4a35-bf7d-6e24e47a54e4,charleston-battery,-79.936835,32.771533,6.25730562210083,5,4.5,False,0.135,low
a99420f4-ccbd-4156-b921-7cc390dbb2c1,charleston-battery,-79.936981,32.77157,5.807858467102051,5,4.5,False,0.135,low
1e2edf8f-9994-4ff2-a682-df16577227ab,charleston-battery,-79.937184,32.771723,12.0,5,4.5,False,0.135,low
80ccded2-8417-461c-8c2c-09800c678d6c,charleston-battery,-79.937317,32.77157,,5,4.5,False,0.135,low
472dbda8-2126-4b56-85ba-e5740cb8871f,charleston-battery,-79.937056,32.771976,6.986093521118164,6,5.5,False,0.165,low
92409b77-f432-4059-b6a1-4efe0a4bb5d2,charleston-battery,-79.937155,32.772082,6.460962772369385,6,5.5,False,0.165,low
715df2bb-1c15-497f-aea2-fd80e93cad0d,charleston-battery,-79.937328,32.772159,,6,5.5,False,0.165,low
9bd04563-a683-41f2-93ab-ab533141f8d5,charleston-battery,-79.937186,32.772229,,7,6.5,False,0.195,low
2164b962-71e1-4540-a9e8-e1a12770a4f3,charleston-battery,-79.937128,32.772335,6.290056228637695,6,5.5,False,0.165,low
23db0346-6138-4929-840d-a71686358af4,charleston-battery,-79.936762,32.772306,,6,5.5,False,0.165,low
43d056cf-1112-4988-8e46-0f82ae52ea9d,charleston-battery,-79.936775,32.772488,12.0,6,5.5,False,0.165,low
6f4b854e-77f8-4fb4-8b23-7f92645a8472,charleston-battery,-79.937154,32.772463,5.67415714263916,6,5.5,False,0.165,low
8d81b813-b6a7-44e4-bd03-f6099dc57991,charleston-battery,-79.937193,32.772561,6.863347053527832,6,5.5,False,0.165,low
61f207ef-3b23-4564-9a40-6792b97dcd0c,charleston-battery,-79.937192,32.772661,11.0,6,5.5,False,0.165,low
3bcc56a4-f4fd-478d-9996-63992c6edaae,charleston-battery,-79.936836,32.772688,10.0,6,5.5,False,0.165,low
2cc30323-bf0f-4f50-a6ca-f5cf157c0a59,charleston-battery,-79.936808,32.772832,7.377798080444336,5,4.5,False,0.135,low
740204ba-701a-4c51-aaee-4fcf1146a6d7,charleston-battery,-79.936886,32.773005,6.4190354347229,6,5.5,False,0.165,low
d52d9e99-07b2-4a3f-b753-88596418ac0e,charleston-battery,-79.937257,32.773127,14.0,5,4.5,False,0.135,low
9f3cdc36-2d76-424b-b34e-215cea07764e,charleston-battery,-79.937283,32.773268,10.0,5,4.5,False,0.135,low
9d339dc8-ffde-406d-9712-56ad2aaadc5a,charleston-battery,-79.937294,32.77337,6.6737518310546875,4,3.5,False,0.105,low
d9cbb953-26fb-4f82-ace9-074adc695dc6,charleston-battery,-79.9373,32.773468,5.826744079589844,5,4.5,False,0.135,low
1398473b-87a8-4cfc-a4e6-b43d5c2d6ecd,charleston-battery,-79.936925,32.773516,6.446307182312012,6,5.5,False,0.165,low
f98bd9e7-427e-44e6-9106-55247784be21,charleston-battery,-79.936923,32.773619,6.270962238311768,5,4.5,False,0.135,low
2c0d6716-ebd5-49e3-8ec5-16e4dfdfac2e,charleston-battery,-79.936981,32.773747,5.998906135559082,6,5.5,False,0.165,low
d10eff11-ca72-4e73-ab5b-efbdc00fc994,charleston-battery,-79.936863,32.773689,,5,4.5,False,0.135,low
b2f4e4e7-e2c4-49a1-bda6-4cac9765d779,charleston-battery,-79.936893,32.773421,6.409123420715332,5,4.5,False,0.135,low
ab0e2233-26d2-489f-8000-29b2adea3963,charleston-battery,-79.936874,32.773301,14.0,5,4.5,False,0.135,low
b7eec563-3713-4a80-9310-79e6cfc8ef9e,charleston-battery,-79.936623,32.773346,6.279666900634766,4,3.5,False,0.105,low
44a29cd8-d51a-4f88-8304-09e20e2fb472,charleston-battery,-79.936654,32.773434,4.359550476074219,4,3.5,False,0.105,low
6d96ba8e-c5b1-43ff-bdbc-fae1862d5407,charleston-battery,-79.936667,32.77339,,4,3.5,False,0.105,low
2eb414e2-4858-4e89-a78c-190d096abbbf,charleston-battery,-79.936668,32.773607,5.412327766418457,5,4.5,False,0.135,low
ad28585d-d7da-4cc0-97fa-ff60695ea38b,charleston-battery,-79.936681,32.773713,6.62998104095459,4,3.5,False,0.105,low
c84fc776-fa2c-4813-aeda-8cbf521a1d72,charleston-battery,-79.936417,32.773291,5.730896949768066,5,4.5,False,0.135,low
428b3aa0-79ab-4d5b-b201-05bfde3d5136,charleston-battery,-79.936225,32.773235,,5,4.5,False,0.135,low
d2c424ac-c086-4b08-807c-4061e3ec9916,charleston-battery,-79.936286,32.77307,11.0,6,5.5,False,0.165,low
6e18a320-2f28-456e-9338-d1496501d568,charleston-battery,-79.936658,32.773116,6.48115873336792,4,3.5,False,0.105,low
fab92cc8-5539-4a5a-9fc9-4ae99c79db28,charleston-battery,-79.936584,32.772974,11.0,6,5.5,False,0.165,low
70343113-bd67-487f-a492-c3270c4d69d0,charleston-battery,-79.936555,32.7727,9.635492324829102,5,4.5,False,0.135,low
37e4aa0d-323b-48ba-bb5c-3845d6ba38a1,charleston-battery,-79.936226,32.772906,5.616832256317139,5,4.5,False,0.135,low
5eacaf60-5844-4a07-8da4-1db6be5856de,charleston-battery,-79.936214,32.772728,,6,5.5,False,0.165,low
7b7abca2-fe30-4d02-818d-8c8acb0a5d34,charleston-battery,-79.935884,32.772775,,5,4.5,False,0.135,low
dd1af113-b30e-4055-b6d6-e8d8c9748a21,charleston-battery,-79.936139,32.773172,,6,5.5,False,0.165,low
c891de84-e651-4dff-a92d-a9ae0a0815fa,charleston-battery,-79.935832,32.773016,,5,4.5,False,0.135,low
516ccc0b-ecff-4699-b11c-4ff1b61a40b2,charleston-battery,-79.935837,32.772897,,5,4.5,False,0.135,low
7d8910b6-8f24-4683-ba5b-aa05b8dd04f2,charleston-battery,-79.935819,32.772656,5.460029602050781,5,4.5,False,0.135,low
e7f50a7a-3288-42a9-b4e3-89d131f0441c,charleston-battery,-79.935441,32.772883,6.389675140380859,5,4.5,False,0.135,low
005b204d-e8a7-4574-acd0-b054dd8c8130,charleston-battery,-79.9354,32.772717,6.1320481300354,5,4.5,False,0.135,low
590068cd-0534-4d56-834d-fb1fa51d8fbe,charleston-battery,-79.935145,32.772787,,5,4.5,False,0.135,low
7438e8b2-d971-468e-9b3d-7cf1e8b1c2c9,charleston-battery,-79.935096,32.772853,,5,4.5,False,0.135,low
3ecdfaf7-f904-459a-a619-fda20716059c,charleston-battery,-79.935032,32.772792,,5,4.5,False,0.135,low
8b3604b7-2697-4a1e-b6a4-cddbda431a27,charleston-battery,-79.935073,32.773034,,5,4.5,False,0.135,low
aca7f73f-bb8a-4d8e-b685-cfd5ade7c5de,charleston-battery,-79.935461,32.773326,14.0,5,4.5,False,0.135,low
70063cb6-21ca-4b55-af4c-84f500c4a4ce,charleston-battery,-79.935557,32.773447,,4,3.5,False,0.105,low
82e96a01-6230-4f3f-bd23-fb33010eae78,charleston-battery,-79.935348,32.773449,,4,3.5,False,0.105,low
5a02b653-c839-45a6-aec5-90a91753ccca,charleston-battery,-79.934986,32.773555,,4,3.5,False,0.105,low
5d941561-76e1-4023-bdcb-aa873e3906d1,charleston-battery,-79.935117,32.773679,8.0,3,2.5,False,0.075,low
28255946-0306-4df6-b153-a2fb4d21a006,charleston-battery,-79.934973,32.773702,,3,2.5,False,0.075,low
93597637-0b92-4701-bbbf-b79034e597a2,charleston-battery,-79.935483,32.773593,,3,2.5,False,0.075,low
8342ad0a-898d-4917-b98c-32a4e9d9e614,charleston-battery,-79.935543,32.773525,,4,3.5,False,0.105,low
e3c696df-3128-472d-9713-d99990474b16,charleston-battery,-79.935921,32.773471,6.717707633972168,4,3.5,False,0.105,low
84bd6168-232e-4bc7-8cb0-67ac90ac18f7,charleston-battery,-79.935888,32.773255,5.737834930419922,5,4.5,False,0.135,low
7076f640-086d-41ae-810e-19789f549c4d,charleston-battery,-79.936065,32.773308,,4,3.5,False,0.105,low
cbfa081b-e28b-454d-a5d4-11d2c4c025d1,charleston-battery,-79.936112,32.773535,17.0,4,3.5,False,0.105,low
7be14fe1-4913-4205-9682-434598f42a4b,charleston-battery,-79.935927,32.773643,,4,3.5,False,0.105,low
499a4061-49e7-4c7c-b2a9-b74b87667ae4,charleston-battery,-79.936051,32.773709,,3,2.5,False,0.075,low
863940dc-4f39-4f9a-b991-28ed08790229,charleston-battery,-79.935928,32.773802,,3,2.5,False,0.075,low
237e57b5-de1c-463d-9cde-89aa4a652e2b,charleston-battery,-79.935991,32.773978,7.000432968139648,2,1.5,False,0.045,low
80319a96-b420-4165-a7c0-3dd5aab9b537,charleston-battery,-79.936077,32.77428,14.0,4,3.5,False,0.105,low
32ce2faf-c25a-432e-8dd9-2d69fe22b424,charleston-battery,-79.935967,32.774231,,3,2.5,False,0.075,low
136e13e1-4f80-467f-a039-5ab6fbcbfee8,charleston-battery,-79.935913,32.774272,,3,2.5,False,0.075,low
a7afaa09-32b3-4e71-bb48-fb88c846a066,charleston-battery,-79.935765,32.774252,6.63906192779541,3,2.5,False,0.075,low
1e600b6c-c74b-4c5c-9cb6-87a2100039a9,charleston-battery,-79.935641,32.773961,6.533420085906982,2,1.5,False,0.045,low
13df6319-f91f-4198-a462-b9e05b2dfed6,charleston-battery,-79.935516,32.773936,5.898421287536621,2,1.5,False,0.045,low
c5805cb3-c727-405a-9852-a7653ebcda39,charleston-battery,-79.935385,32.773922,6.668465614318848,2,1.5,False,0.045,low
ac6906f3-bea5-4cce-9ca2-3bdee30377e2,charleston-battery,-79.935,32.773952,8.553647994995117,4,3.5,False,0.105,low
9e6c3529-8b0f-4dea-bdae-d3d8fa4f6ab9,charleston-battery,-79.935171,32.773949,14.0,3,2.5,False,0.075,low
e28d9be6-dd9e-496e-8d7d-411c39e546a7,charleston-battery,-79.935237,32.774314,15.0,3,2.5,False,0.075,low
379740a6-74f8-4fe4-84a1-1b42dc559837,charleston-battery,-79.935376,32.774464,,3,2.5,False,0.075,low
22f29c44-d1d6-47b2-b35d-b7b07705f626,charleston-battery,-79.935022,32.77437,16.0,2,1.5,False,0.045,low
45486f46-d1a4-40ba-930f-18668785fe38,charleston-battery,-79.935096,32.77474,,2,1.5,False,0.045,low
1d6839ba-02f8-48bf-9b57-4dca8c3dcf7a,charleston-battery,-79.935447,32.774631,15.0,3,2.5,False,0.075,low
c8bbf3ba-e859-46ed-bfa4-ccbc0acaae67,charleston-battery,-79.935947,32.774556,,5,4.5,False,0.135,low
c1bdcd33-3f6c-4b1d-939c-ee2362ec6e65,charleston-battery,-79.935866,32.774401,11.0,4,3.5,False,0.105,low
2d0addfe-f94a-49b9-a838-4f64f0f32562,charleston-battery,-79.935975,32.774798,12.0,4,3.5,False,0.105,low
cceb1f72-4583-44d3-af03-7e9be1453e08,charleston-battery,-79.93617,32.774645,,5,4.5,False,0.135,low
ad479423-f100-4c38-b293-f02174cdade9,charleston-battery,-79.936307,32.774868,,5,4.5,False,0.135,low
bba1ae5f-2eef-4c61-a6ad-73d7dc1e2452,charleston-battery,-79.936712,32.774595,,5,4.5,False,0.135,low
4b40e17f-662f-4c76-afae-ac62aa7fe3ca,charleston-battery,-79.936213,32.774247,12.0,5,4.5,False,0.135,low
38a1f6cf-c4fb-4e0c-bbb5-bd66ed99c1ca,charleston-battery,-79.936352,32.774238,12.0,5,4.5,False,0.135,low
de3d343d-1a98-4a97-9389-d5a1c3f7913e,charleston-battery,-79.936456,32.773828,6.5557637214660645,4,3.5,False,0.105,low
0f34a729-c569-41e6-a262-f18717539c0e,charleston-battery,-79.936675,32.773914,8.0,5,4.5,False,0.135,low
c072de7a-2981-4bee-944e-8e321bfef6f3,charleston-battery,-79.936715,32.774184,5.455764293670654,6,5.5,False,0.165,low
c30076db-ccc1-45be-a00c-aa88499b9155,charleston-battery,-79.936487,32.774193,5.969750881195068,5,4.5,False,0.135,low
0d0e9ab8-74e8-47c6-8b5b-e413eb4e7e70,charleston-battery,-79.936609,32.774226,6.432414531707764,6,5.5,False,0.165,low
9e695503-6ae6-4e87-ae6c-66958daba8fd,charleston-battery,-79.936836,32.774192,5.966254711151123,5,4.5,False,0.135,low
58b0572a-a25c-4b82-b90f-a8251e6c0526,charleston-battery,-79.936953,32.774142,,6,5.5,False,0.165,low
304412d6-83b1-49c4-927e-802da0fba42b,charleston-battery,-79.936799,32.773852,5.622098445892334,5,4.5,False,0.135,low
0536e989-5e97-4ba3-87f5-44be57c189d0,charleston-battery,-79.936956,32.773868,,5,4.5,False,0.135,low
69de1e8b-0597-4ecf-b6de-148e73de8f43,charleston-battery,-79.937032,32.773875,,6,5.5,False,0.165,low
f8744002-3853-41f2-82b1-11fffcaeadd5,charleston-battery,-79.937279,32.773811,10.0,5,4.5,False,0.135,low
d95305e3-dcd8-4cc3-8c11-66308a47db30,charleston-battery,-79.937318,32.774043,4.491166114807129,5,4.5,False,0.135,low
821cd227-fba4-48e4-ad16-111d4dd06d1b,charleston-battery,-79.937211,32.774071,3.8771393299102783,6,5.5,False,0.165,low
ba38e774-c789-4df5-8a3c-0f7969113747,charleston-battery,-79.937105,32.774102,3.7003629207611084,6,5.5,False,0.165,low
e8dd9f17-5113-4280-a7f9-0f68e8960120,charleston-battery,-79.937293,32.774415,6.114302635192871,5,4.5,False,0.135,low
f4bf93b2-6c1b-4046-962b-cb4e585236dd,charleston-battery,-79.937122,32.774568,7.611368656158447,4,3.5,False,0.105,low
0323c247-dcb3-42c0-95f8-d756164bb4f0,charleston-battery,-79.937073,32.774365,,5,4.5,False,0.135,low
63be6e4f-c825-4b01-b24f-ca347843d0ae,charleston-battery,-79.936985,32.774629,7.405129432678223,4,3.5,False,0.105,low
d44f2ec0-0f78-47d7-b44e-bd91b59316d5,charleston-battery,-79.936852,32.77482,7.3790974617004395,4,3.5,False,0.105,low
28c4527e-da0b-451a-a3ef-a5582e15a5fc,charleston-battery,-79.93748,32.774807,6.107266426086426,4,3.5,False,0.105,low
b8c49e05-1a5d-4cfc-a368-ac8c16318e3f,charleston-battery,-79.937554,32.774736,6.835350036621094,4,3.5,False,0.105,low
32568929-72b3-462d-adc7-8712191b3a12,charleston-battery,-79.937624,32.774643,7.004807472229004,4,3.5,False,0.105,low
8e79c5ef-75e7-4ef8-85a5-c31ce94a8833,charleston-battery,-79.937705,32.774561,6.825448513031006,4,3.5,False,0.105,low
d8434ab2-1b33-4caa-aa2d-3e55bfb793ba,charleston-battery,-79.937892,32.774406,12.0,6,5.5,False,0.165,low
2bda53d2-0015-43cd-b964-b9a9e3bdcdb5,charleston-battery,-79.937809,32.774499,5.764906406402588,4,3.5,False,0.105,low
0c8660b8-c4c7-4c94-a70a-be1e17d1916e,charleston-battery,-79.937879,32.774634,,5,4.5,False,0.135,low
e61a8c7a-aa57-4b0f-afd4-5ee94557f97c,charleston-battery,-79.937728,32.774792,,4,3.5,False,0.105,low
fd626984-b0b1-4fc1-a8f6-59760cab020e,charleston-battery,-79.937741,32.77476,,4,3.5,False,0.105,low
5e5f2320-7dbb-41d4-94eb-35d160472867,charleston-battery,-79.937929,32.774849,6.480610370635986,4,3.5,False,0.105,low
684a33cd-6f74-412d-9dc1-8dbe7d2b48ec,charleston-battery,-79.938004,32.774769,7.743051528930664,5,4.5,False,0.135,low
ae44cf46-a132-4dfe-9b83-5c0463294c36,charleston-battery,-79.938078,32.774736,,5,4.5,False,0.135,low
fcf36710-db65-43d3-a0c7-f89dada1b256,charleston-battery,-79.938117,32.774677,6.981759548187256,5,4.5,False,0.135,low
67145c92-2663-435f-9cd7-ef07390cfdc4,charleston-battery,-79.938184,32.774638,6.171751499176025,6,5.5,False,0.165,low
75f98848-96ad-45e4-bcd0-52062aaccd69,charleston-battery,-79.938388,32.774865,,6,5.5,False,0.165,low
22432cbd-566c-4ae4-aad6-9206b022b7bd,charleston-battery,-79.938433,32.774814,,6,5.5,False,0.165,low
512bc041-ab70-4fc7-8e1c-1ead444b6575,charleston-battery,-79.938524,32.774755,11.0,6,5.5,False,0.165,low
cea7c00d-ca25-4f9b-a870-868bc5f4e053,charleston-battery,-79.938237,32.774586,6.576898574829102,6,5.5,False,0.165,low
8538c575-556d-47f9-9580-ce577259a269,charleston-battery,-79.938268,32.774501,11.0,6,5.5,False,0.165,low
10cc7322-bddb-4aa7-ba75-dc2f0f02ed38,charleston-battery,-79.938415,32.774398,5.649514675140381,6,5.5,False,0.165,low
9466e421-bacc-48fe-a99f-9e430467d9a9,charleston-battery,-79.938159,32.774486,,5,4.5,False,0.135,low
73337bae-0adb-4fd0-842a-bd7d875f247a,charleston-battery,-79.938058,32.774572,,5,4.5,False,0.135,low
17649c77-cf0e-448a-b543-107313f280fb,charleston-battery,-79.937968,32.77431,6.925240993499756,6,5.5,False,0.165,low
1f45cdea-beaf-4190-9eab-a6bd9864bd88,charleston-battery,-79.938028,32.774224,6.217942237854004,6,5.5,False,0.165,low
2a936385-7e0e-4128-a9e7-15f00dbdc116,charleston-battery,-79.938102,32.774111,6.02448034286499,6,5.5,False,0.165,low
d004abed-52fc-41d5-a700-f85f6f4a1183,charleston-battery,-79.938259,32.774296,5.7017693519592285,6,5.5,False,0.165,low
81932f06-6ea9-4b8f-a0ee-26cc014e7728,charleston-battery,-79.938472,32.774289,6.44826078414917,6,5.5,False,0.165,low
c0b3b30b-5a35-4361-bf8b-722d29a2dca4,charleston-battery,-79.938469,32.774053,,7,6.5,False,0.195,low
2dd6e1db-1cae-4af8-8f66-aa98ed34a265,charleston-battery,-79.93826,32.773952,5.923875331878662,7,6.5,False,0.195,low
01e653cd-2e40-4a66-8bab-64b3863cadb7,charleston-battery,-79.938496,32.773916,,7,6.5,False,0.195,low
9c344985-70e4-446b-b53e-64431eab3e45,charleston-battery,-79.938409,32.773928,,6,5.5,False,0.165,low
0c4e0fda-88dc-4cba-99e6-8a3eb0729945,charleston-battery,-79.937913,32.773789,10.0,7,6.5,False,0.195,low
61f71f52-7b83-4ba2-81a3-12ccce6e6f20,charleston-battery,-79.937674,32.774034,,5,4.5,False,0.135,low
d6b88a86-f676-46f6-a20c-3d6498731ff6,charleston-battery,-79.937737,32.774027,,5,4.5,False,0.135,low
5a256e29-80a1-4aef-8f28-2e58bdbeece1,charleston-battery,-79.937805,32.773997,,6,5.5,False,0.165,low
8b380410-6f98-4932-9339-10769f538f06,charleston-battery,-79.937468,32.774241,7.304525852203369,5,4.5,False,0.135,low
6022ef5f-985f-49f4-801f-12e633b6c22f,charleston-battery,-79.937368,32.774329,6.614501476287842,5,4.5,False,0.135,low
6f399086-3088-4d82-b1a5-38ad613955f6,charleston-battery,-79.937516,32.77402,,4,3.5,False,0.105,low
f1f22381-4824-4f7f-a2c4-1530f35dad9b,charleston-battery,-79.937609,32.77404,,4,3.5,False,0.105,low
bffc5fcc-5f9d-4835-8272-84394444a699,charleston-battery,-79.937501,32.773789,10.0,6,5.5,False,0.165,low
4955e46e-6cb5-4c74-9041-55099ba48c5c,charleston-battery,-79.937384,32.773784,5.2193827629089355,6,5.5,False,0.165,low
af2db2ae-12e7-4452-ae2d-879b2cef0c44,charleston-battery,-79.937338,32.773561,6.169271945953369,5,4.5,False,0.135,low
144c284a-58e7-42a3-a8a8-582fffa9fa38,charleston-battery,-79.937519,32.773608,,5,4.5,False,0.135,low
5a54fce3-3009-425f-ba61-9340c097361d,charleston-battery,-79.937614,32.773762,5.6524271965026855,6,5.5,False,0.165,low
a4383c49-c95a-4aba-9ef7-b8666d589427,charleston-battery,-79.937735,32.773727,,6,5.5,False,0.165,low
8f64f391-d264-49ce-952a-cd5293ffbce6,charleston-battery,-79.937914,32.773688,10.0,7,6.5,False,0.195,low
f4f7d1ab-8da2-4a6b-83dd-d43e9b81fc70,charleston-battery,-79.937908,32.77359,10.0,6,5.5,False,0.165,low
1996e4ab-9e9c-4d1f-9b58-26d0b4e4f602,charleston-battery,-79.93773,32.773554,,5,4.5,False,0.135,low
10eee2af-ce29-467a-8df4-b16bff151aea,charleston-battery,-79.937797,32.773429,5.9362335205078125,6,5.5,False,0.165,low
cfe93f9b-f465-45cf-932a-ef1b22bf5ebe,charleston-battery,-79.937909,32.773485,5.849043846130371,6,5.5,False,0.165,low
ccfa62e7-3445-405d-b91c-34278a556e8e,charleston-battery,-79.937828,32.77334,10.0,6,5.5,False,0.165,low
3d847d80-1d3a-4ece-b70f-53ddb8342670,charleston-battery,-79.93756,32.773224,5.880920886993408,5,4.5,False,0.135,low
374af6a0-8758-49a8-9b42-fea3e7332164,charleston-battery,-79.937398,32.772752,,6,5.5,False,0.165,low
3dfd3827-4d51-466d-aec7-d8ba8e54e7bb,charleston-battery,-79.937585,32.772688,6.137530326843262,6,5.5,False,0.165,low
89a731b4-f868-4597-a72c-414c0043a7fb,charleston-battery,-79.937483,32.7729,4.654218673706055,6,5.5,False,0.165,low
02d7ee41-0e60-4a6d-9c6b-8129d9831a62,charleston-battery,-79.93777,32.772877,,6,5.5,False,0.165,low
c0bc7a54-ea1e-495b-9805-69097ab3773f,charleston-battery,-79.937753,32.772788,6.603210926055908,6,5.5,False,0.165,low
edb08329-ba11-4a38-a5fb-27031f467a82,charleston-battery,-79.937788,32.772968,6.887052536010742,6,5.5,False,0.165,low
4b75141e-d285-4f43-85f9-b8aa9f0ffb73,charleston-battery,-79.9377,32.773068,5.657958507537842,6,5.5,False,0.165,low
86ba85b0-a2b4-4ec0-aca4-44855236aab2,charleston-battery,-79.93782,32.773165,6.307559013366699,6,5.5,False,0.165,low
4c960716-c960-4dca-a7e2-b3cc789a01af,charleston-battery,-79.938163,32.77276,6.166594505310059,6,5.5,False,0.165,low
cfe479ad-4512-4972-b9d5-f322dbe3d2c0,charleston-battery,-79.938223,32.772902,,6,5.5,False,0.165,low
1b8f357b-1592-4198-a3df-b4ac9ce3f7f7,charleston-battery,-79.938384,32.772742,,5,4.5,False,0.135,low
8e4bb0be-0615-482d-89fa-c479f93b749a,charleston-battery,-79.938292,32.773004,,6,5.5,False,0.165,low
fb2f68bd-029c-42ce-92bd-8b276f9e0bc5,charleston-battery,-79.938231,32.773122,6.327971935272217,6,5.5,False,0.165,low
e0239572-a096-41d9-b0a6-ab5a12aa91b0,charleston-battery,-79.938416,32.773071,,7,6.5,False,0.195,low
f2fde281-b343-431c-8e74-8cc46b5b1426,charleston-battery,-79.938432,32.773221,,7,6.5,False,0.195,low
350d2ec6-5ba6-4933-a92b-dae4fac8d517,charleston-battery,-79.93846,32.773387,7.870855331420898,6,5.5,False,0.165,low
0794b868-f2d9-49d7-898f-e8d9b803218d,charleston-battery,-79.9385,32.773457,,6,5.5,False,0.165,low
103daac5-42bf-4a28-940d-6a99319e57f5,charleston-battery,-79.938291,32.773449,6.746609210968018,6,5.5,False,0.165,low
1e1d2057-15bd-4a23-94e5-b4070b1b532e,charleston-battery,-79.938274,32.773316,6.173341751098633,6,5.5,False,0.165,low
7989fe93-7f82-46c3-917a-6b909f05383e,charleston-battery,-79.938262,32.773221,6.456892967224121,6,5.5,False,0.165,low
a9c2b815-0c97-4172-b31e-44cfd73036d7,charleston-battery,-79.938319,32.773709,3.5097858905792236,7,6.5,False,0.195,low
456fbbef-bace-47bd-aaba-b0049fc53b54,charleston-battery,-79.938281,32.77361,,6,5.5,False,0.165,low
b829cf14-6119-44ca-9043-e1882599f033,charleston-battery,-79.938456,32.773653,5.18446159362793,6,5.5,False,0.165,low
86a973ec-6c3f-458d-a990-0724f64a7174,charleston-battery,-79.93856,32.773611,6.376774787902832,6,5.5,False,0.165,low
20f4dd2d-93fb-4dcb-a9f3-f8ffeb97c0eb,charleston-battery,-79.93873,32.773609,5.390064239501953,6,5.5,False,0.165,low
a972b1d5-155a-4386-a41e-87cf5b32bee4,charleston-battery,-79.93894,32.773636,,6,5.5,False,0.165,low
44a301c4-8afa-4d5f-aa39-065876ecc2c8,charleston-battery,-79.939042,32.773626,6.3770904541015625,6,5.5,False,0.165,low
9036a42a-82e5-4cf1-a4cb-3bac88b3be5c,charleston-battery,-79.938997,32.773529,6.020695686340332,7,6.5,False,0.195,low
4f04f160-86e6-4228-a4ce-4d41f5afe873,charleston-battery,-79.938985,32.773425,5.495302200317383,7,6.5,False,0.195,low
1dadd704-640f-4d05-a99b-cf8332661e6e,charleston-battery,-79.938952,32.773219,6.079511642456055,6,5.5,False,0.165,low
443328b5-3de0-4ac5-97f6-f8cc3dd49c4a,charleston-battery,-79.938968,32.773319,6.026465892791748,7,6.5,False,0.195,low
f4a6b7bf-3653-4e62-9c89-90ff833ceb69,charleston-battery,-79.938647,32.772946,,6,5.5,False,0.165,low
dd85a609-ee72-4e93-92cb-8e0867d1de10,charleston-battery,-79.938546,32.77272,7.058408737182617,5,4.5,False,0.135,low
311706dd-a62e-4db6-8a30-6ae6889063cc,charleston-battery,-79.938682,32.772748,5.945488929748535,6,5.5,False,0.165,low
fc229732-8028-46de-9a17-e55103052d6d,charleston-battery,-79.938784,32.77282,6.4382524490356445,6,5.5,False,0.165,low
961b5d4f-580c-459e-bae4-9d247a45245c,charleston-battery,-79.93895,32.77289,5.665205001831055,6,5.5,False,0.165,low
f59ebcdf-aefc-4da4-8b37-5344edaeef8b,charleston-battery,-79.938861,32.773081,6.756470680236816,7,6.5,False,0.195,low
696e628b-57ed-4681-92ab-186b6b2ebcc9,charleston-battery,-79.939308,32.773033,6.4308037757873535,7,6.5,False,0.195,low
5df8c6a5-9046-48f2-bb51-b736382fa9d0,charleston-battery,-79.93936,32.772702,5.684718132019043,7,6.5,False,0.195,low
8ad9d3a2-9ca1-48ed-9cf6-ac6e55fb7fd0,charleston-battery,-79.939516,32.772735,7.175824165344238,7,6.5,False,0.195,low
8c908f0b-928b-4c66-9385-99e756b23215,charleston-battery,-79.939668,32.772794,6.960055351257324,6,5.5,False,0.165,low
e4b1eeec-4def-40da-95cd-4231b9238905,charleston-battery,-79.939482,32.773071,7.789109230041504,6,5.5,False,0.165,low
7c1858fd-8499-4ce1-ab69-9b3c0560fbc1,charleston-battery,-79.939691,32.773195,6.684284210205078,6,5.5,False,0.165,low
16d8d1be-9d6f-4d60-b189-d1c8370493a9,charleston-battery,-79.939631,32.773401,,6,5.5,False,0.165,low
f99518fb-3e0d-48d6-bafd-21f906bfc1f1,charleston-battery,-79.939533,32.773469,4.935824871063232,6,5.5,False,0.165,low
087eb2d1-6dbe-43ad-9884-cd99a22cda7b,charleston-battery,-79.939405,32.773262,8.548620223999023,7,6.5,False,0.195,low
bdd3863f-a014-43b4-8b02-473554d71391,charleston-battery,-79.939326,32.773352,,6,5.5,False,0.165,low
21ee3f18-ff58-4758-8f4e-a508baee509e,charleston-battery,-79.939386,32.773474,6.569153785705566,7,6.5,False,0.195,low
cf0132b9-c84a-43bf-a8c8-cb8b1094fccf,charleston-battery,-79.93957,32.773945,13.0,6,5.5,False,0.165,low
fdb9a10f-1e9a-4ab9-9a03-450e09ad8593,charleston-battery,-79.939598,32.77424,6.455802917480469,7,6.5,False,0.195,low
8d05325d-5ec7-4260-8089-bd3b066f2ff6,charleston-battery,-79.939029,32.773849,4.638451099395752,6,5.5,False,0.165,low
d2081274-b1a6-4548-950c-338e113c13e9,charleston-battery,-79.938874,32.773948,5.408097267150879,6,5.5,False,0.165,low
166e97af-06c1-4033-b311-4244e73b2ec3,charleston-battery,-79.938769,32.773862,,6,5.5,False,0.165,low
bd9076d8-b072-419f-a9af-6aaf6436c2ce,charleston-battery,-79.938533,32.77399,,6,5.5,False,0.165,low
c362edbd-3fe9-452a-b9af-adc80bc6a7b9,charleston-battery,-79.938752,32.773926,,7,6.5,False,0.195,low
974e7617-bfcd-45b6-b1c9-d69372e21a53,charleston-battery,-79.938787,32.774022,5.827764987945557,7,6.5,False,0.195,low
fadfe804-831d-4664-b595-3db08112fb70,charleston-battery,-79.938717,32.774087,6.754429340362549,7,6.5,False,0.195,low
8ebe8bf7-c4c5-4c6d-a125-fa9cab821864,charleston-battery,-79.938593,32.774206,5.565401077270508,6,5.5,False,0.165,low
bb21ea42-52e1-41f6-99a6-3acf54ef1fb1,charleston-battery,-79.939098,32.77415,6.628907203674316,7,6.5,False,0.195,low
fe8d7305-aa62-4690-bc21-40549f6a8bec,charleston-battery,-79.939112,32.774302,6.0753607749938965,7,6.5,False,0.195,low
d5bf0a53-ef41-4d6f-ac21-178073ab38f5,charleston-battery,-79.938828,32.77441,,6,5.5,False,0.165,low
8e04bc5e-9286-4577-a864-ebcbe75bc849,charleston-battery,-79.938884,32.774353,5.822529315948486,6,5.5,False,0.165,low
b86870d0-630f-4b44-a84e-63d021e265ba,charleston-battery,-79.938616,32.77461,9.0,7,6.5,False,0.195,low
c5b2a6e7-3fad-4034-8ddc-c545dbf4dfec,charleston-battery,-79.938716,32.774564,10.0,7,6.5,False,0.195,low
c8f40414-6fc0-4885-868e-bcfe720345d1,charleston-battery,-79.93877,32.774476,8.292778968811035,7,6.5,False,0.195,low
f8d188cf-e4c8-43c9-9cff-8b3dfd01e189,charleston-battery,-79.938588,32.774695,9.0,7,6.5,False,0.195,low
6806b58d-76c4-4e73-81e9-1f3038785d3b,charleston-battery,-79.938935,32.774769,7.892671585083008,7,6.5,False,0.195,low
2e9135f2-8062-4106-bf6e-5403f28694d8,charleston-battery,-79.938927,32.774636,,7,6.5,False,0.195,low
836d1885-12db-4e27-9201-22e525228e31,charleston-battery,-79.939165,32.774856,7.351322650909424,7,6.5,False,0.195,low
0269df2c-d82a-4538-be84-b96012f63b2a,charleston-battery,-79.93919,32.774672,7.252917289733887,7,6.5,False,0.195,low
a47bdc55-16f2-4b74-96ab-77686830e6cc,charleston-battery,-79.939157,32.774562,6.319268703460693,7,6.5,False,0.195,low
4d6d09e7-31ba-4069-a7a6-bee80e61310f,charleston-battery,-79.939141,32.774461,6.1299638748168945,7,6.5,False,0.195,low
6d4bf9cd-a3bf-4f75-afc9-840313123b03,charleston-battery,-79.939583,32.774369,7.241827964782715,7,6.5,False,0.195,low
165e1d22-f71f-4c3c-8d6a-f88206c23890,charleston-battery,-79.939615,32.774489,6.384106159210205,7,6.5,False,0.195,low
0a07f40f-0a01-4492-833c-f84653f67864,charleston-battery,-79.939654,32.774609,6.763755798339844,7,6.5,False,0.195,low
8c2ee0e7-9f0f-40fe-9fda-f734b6315d02,charleston-battery,-79.939679,32.774722,6.097079753875732,7,6.5,False,0.195,low
ff0dca66-5a4f-41da-8273-a30f3a814390,charleston-battery,-79.939704,32.774848,5.674463748931885,7,6.5,False,0.195,low
cabaa086-9843-450e-8a83-2ac366259d3b,charleston-battery,-79.939963,32.774895,,7,6.5,False,0.195,low
ed7693c3-15a7-4a87-b961-a960de1703dd,charleston-battery,-79.94003,32.774796,,6,5.5,False,0.165,low
128d1321-3be1-40b3-a2bb-401f0ca68ebd,charleston-battery,-79.940199,32.774823,6.2936930656433105,7,6.5,False,0.195,low
deb007fa-84f2-487a-97a7-587abdf35f7d,charleston-battery,-79.940166,32.774715,6.505698204040527,7,6.5,False,0.195,low
46fc437d-2395-46e7-b749-c353cf01c834,charleston-battery,-79.94002,32.774674,,7,6.5,False,0.195,low
a6f27315-d188-49a1-af6d-4406ac10682d,charleston-battery,-79.940161,32.774606,6.6391825675964355,8,7.5,False,0.225,low
cd06bfdd-85c2-408f-8ceb-1a71e3a67272,charleston-battery,-79.940152,32.774497,5.4734954833984375,7,6.5,False,0.195,low
5e4396d8-917a-4de6-a7aa-62f481de7dce,charleston-battery,-79.940136,32.774386,6.015390872955322,7,6.5,False,0.195,low
be6e52ca-301d-4d16-ab9d-116842b95bab,charleston-battery,-79.939875,32.774288,,8,7.5,False,0.225,low
684d26a0-17f6-4c4e-ad11-5ff6081df355,charleston-battery,-79.939931,32.774168,,8,7.5,False,0.225,low
372c68c9-2cbb-4d83-94e0-0ba728f9b9cc,charleston-battery,-79.939822,32.773859,6.8661603927612305,6,5.5,False,0.165,low
cb4195f9-f155-4186-9b5d-75990db90a0d,charleston-battery,-79.940118,32.774036,,7,6.5,False,0.195,low
84f4c247-fa43-4491-a2ae-09098644a39a,charleston-battery,-79.940115,32.773953,,7,6.5,False,0.195,low
df90eb61-7c79-4e65-a43d-a5a4f6da6f3d,charleston-battery,-79.940029,32.773888,,5,4.5,False,0.135,low
b6e230c2-cff0-4b9a-bf33-22a278552456,charleston-battery,-79.940038,32.77379,5.320716381072998,6,5.5,False,0.165,low
d121125d-4a60-4a1d-ab12-48386fdff543,charleston-battery,-79.940173,32.773824,,7,6.5,False,0.195,low
237494e7-2bca-42ff-b1ca-f8fa36e8f909,charleston-battery,-79.940108,32.774168,5.5007758140563965,7,6.5,False,0.195,low
46feea4e-3aef-47fa-96c2-0a61a44d8c6b,charleston-battery,-79.940105,32.774282,6.486881732940674,7,6.5,False,0.195,low
24e487f7-8812-428f-b3fc-317de1cdbbdd,charleston-battery,-79.940528,32.774235,6.41233491897583,7,6.5,False,0.195,low
47668028-3efe-4e57-9054-29a32604ef2f,charleston-battery,-79.940518,32.774131,6.204836368560791,7,6.5,False,0.195,low
b161b4a7-bdb7-4ef4-9200-56bad24d76cc,charleston-battery,-79.940438,32.773784,6.181867599487305,6,5.5,False,0.165,low
15af8a1b-88b3-4288-9d18-4559e0b0fbdd,charleston-battery,-79.940591,32.773854,,7,6.5,False,0.195,low
ee9a6549-5b59-4b57-83a9-144fa9eecc52,charleston-battery,-79.940511,32.773942,,7,6.5,False,0.195,low
218b427c-56e5-4aed-918d-cfb316cd70dc,charleston-battery,-79.940775,32.773983,6.040599822998047,7,6.5,False,0.195,low
8feed037-33d9-4efd-acb8-788de62a8e94,charleston-battery,-79.940794,32.7741,6.272923946380615,7,6.5,False,0.195,low
a3773c65-2fc4-4f70-8138-9446430227f5,charleston-battery,-79.940608,32.774062,,7,6.5,False,0.195,low
794f57d1-5c99-42e3-ad04-38e1ade36eed,charleston-battery,-79.940678,32.774166,,7,6.5,False,0.195,low
59e4a5ac-e664-430a-b77c-8793769e525a,charleston-battery,-79.940662,32.77428,,7,6.5,False,0.195,low
04b14b61-f586-48cd-b8ec-00108dde217e,charleston-battery,-79.940816,32.774202,6.026061534881592,7,6.5,False,0.195,low
4c500dee-acad-4875-9e11-618c9ff2587f,charleston-battery,-79.940827,32.774315,6.079155445098877,7,6.5,False,0.195,low
139c1b47-da13-483d-8d8b-de7d799f8b28,charleston-battery,-79.940846,32.774421,5.825231552124023,7,6.5,False,0.195,low
56ee445a-4cd7-41c1-b711-b8fc8da904c9,charleston-battery,-79.940857,32.774532,6.413852214813232,7,6.5,False,0.195,low
c7b6b5d5-6647-43ec-9ec4-2a42b6583271,charleston-battery,-79.940527,32.774345,6.595322132110596,7,6.5,False,0.195,low
a38df91e-daae-41b9-be36-d512b0b43a9e,charleston-battery,-79.94055,32.774454,6.723076820373535,7,6.5,False,0.195,low
891e0c27-2c06-4d89-83fe-72cdf1cd318d,charleston-battery,-79.940567,32.774567,6.201060771942139,7,6.5,False,0.195,low
226a408e-85a7-47ce-a6a1-8d1496aecdfa,charleston-battery,-79.940582,32.774674,6.184948444366455,7,6.5,False,0.195,low
15843647-21cb-4e2a-9c52-bbce6ccb3361,charleston-battery,-79.940627,32.774891,6.464583396911621,7,6.5,False,0.195,low
d1bbd6f3-f7b0-4545-ab9a-aa4666996908,charleston-battery,-79.9406,32.774781,6.190433979034424,7,6.5,False,0.195,low
daacc9c0-249a-48a1-a48c-f4aae5ad0cd1,charleston-battery,-79.940872,32.774634,5.821476459503174,7,6.5,False,0.195,low
e85021c2-447f-430c-9367-6d479f031110,charleston-battery,-79.940875,32.774752,5.58474588394165,8,7.5,False,0.225,low
b22e26f6-1ad2-49d1-853a-4c5e1ada83fa,charleston-battery,-79.940901,32.774859,5.837096691131592,7,6.5,False,0.195,low
4676e79a-7cd6-444a-8461-5520d7cc8eec,charleston-battery,-79.941844,32.773873,,7,6.5,False,0.195,low
4d7f6592-5eaa-46cd-8ab8-1b7773d6ffde,charleston-battery,-79.941203,32.773869,,6,5.5,False,0.165,low
b9a5015d-63aa-4cf1-b4ae-c66e1c60a1f7,charleston-battery,-79.941212,32.773935,,6,5.5,False,0.165,low
79a48110-5096-4b92-be7b-bcaf65d3ef84,charleston-battery,-79.941083,32.773759,,5,4.5,False,0.135,low
1fd0fb47-9f90-404c-9934-e933403fddd7,charleston-battery,-79.941068,32.773647,,7,6.5,False,0.195,low
71c33a7d-d9c9-421d-be2a-61dfff515413,charleston-battery,-79.941295,32.773327,3.547330856323242,6,5.5,False,0.165,low
61344f69-7aba-4dae-8466-a4f4e6fa5600,charleston-battery,-79.941479,32.773322,3.854519844055176,7,6.5,False,0.195,low
4b072928-b710-46d8-a6e2-cf756f2a9981,charleston-battery,-79.9413,32.773673,,6,5.5,False,0.165,low
bc106dd2-3f42-4a4c-97d0-7ae056a001fb,charleston-battery,-79.941227,32.773684,,6,5.5,False,0.165,low
7c6dde0b-5178-41bc-a16f-b6c82774fbb7,charleston-battery,-79.941433,32.773658,9.464912414550781,6,5.5,False,0.165,low
d21a40ce-7226-46af-9019-b1834744162b,charleston-battery,-79.941552,32.773755,,6,5.5,False,0.165,low
f825a1ed-4070-4d34-b7ed-aba2f468a005,charleston-battery,-79.941753,32.773631,8.115801811218262,6,5.5,False,0.165,low
63fa5d3f-98f4-4482-bc0e-e02917874f5d,charleston-battery,-79.942049,32.773533,10.0,7,6.5,False,0.195,low
9587b9a7-6d1d-42b6-872c-abe5e95250bd,charleston-battery,-79.941646,32.773268,7.07899284362793,6,5.5,False,0.165,low
ad5c2463-99b2-42f6-9e62-00119af413b7,charleston-battery,-79.942055,32.773057,11.0,6,5.5,False,0.165,low
a4f4a587-05a3-4c5c-bbad-0b7a176778a2,charleston-battery,-79.941727,32.772651,3.0,7,6.5,False,0.195,low
e6be5e58-a27d-454d-b4cb-87a681d5d4d3,charleston-battery,-79.941688,32.772896,10.0,6,5.5,False,0.165,low
67df7ea5-bfe8-42c6-a0bf-b4b19da5021c,charleston-battery,-79.941498,32.77279,11.0,6,5.5,False,0.165,low
16db1684-b4a1-4520-8e1e-7428a909a0fb,charleston-battery,-79.941195,32.772669,10.0,6,5.5,False,0.165,low
3820e376-7f72-47ee-a40d-3c9bf5c4a2fb,charleston-battery,-79.941412,32.773184,6.6393141746521,7,6.5,False,0.195,low
8dcad7ec-a9ed-4586-ac43-e0c519713a33,charleston-battery,-79.940921,32.773026,6.7238006591796875,6,5.5,False,0.165,low
c42fcd94-bac1-4a12-b3a3-1e1b1a84528e,charleston-battery,-79.940685,32.772886,6.296546459197998,6,5.5,False,0.165,low
667a8aba-a8fa-4911-a2a6-4509ce1d4e3e,charleston-battery,-79.940381,32.772789,5.784701347351074,6,5.5,False,0.165,low
fc4bd7cd-b911-42ee-bbc2-c8dca47a2cfd,charleston-battery,-79.940545,32.772821,5.413885116577148,7,6.5,False,0.195,low
b3f10170-880e-44cb-98cb-44ad562462a5,charleston-battery,-79.940573,32.772986,,7,6.5,False,0.195,low
3148e00c-590e-4622-9c90-b089d75ae42c,charleston-battery,-79.940525,32.77305,,6,5.5,False,0.165,low
d6929aae-bf9c-4fd8-ae09-10ef3152a680,charleston-battery,-79.940518,32.772969,,7,6.5,False,0.195,low
c20000e3-8596-4631-ae22-f2a0dd295472,charleston-battery,-79.940383,32.772972,,6,5.5,False,0.165,low
c3191258-b667-4891-8f66-4dcaf43c115f,charleston-battery,-79.940409,32.773138,,6,5.5,False,0.165,low
d919230a-3090-4d97-a395-afc1a654bcec,charleston-battery,-79.940799,32.773318,7.033743381500244,6,5.5,False,0.165,low
c6b91fe2-7d3b-470d-a4a5-ed6d94ab1d27,charleston-battery,-79.94066,32.773255,6.357999801635742,6,5.5,False,0.165,low
4f24c861-38b9-464f-9fb9-9bf5e55807b1,charleston-battery,-79.940738,32.773736,13.0,5,4.5,False,0.135,low
da872473-6e9f-400d-be7d-2d0d7acdfc8a,charleston-battery,-79.94006,32.773439,6.20819616317749,6,5.5,False,0.165,low
3a4170f7-2450-4429-beb5-7e192078b673,charleston-battery,-79.940262,32.773446,7.027641296386719,6,5.5,False,0.165,low
c2ba1448-6154-4f8a-b120-9a630fd37f3c,charleston-battery,-79.940114,32.77376,,6,5.5,False,0.165,low
3ba4b18b-d4ca-4563-865f-2496e9c3e22b,charleston-battery,-79.939715,32.773501,5.825192928314209,6,5.5,False,0.165,low
634f14f1-4b55-4293-8c0b-fbfc383300d7,charleston-battery,-79.939823,32.773416,,7,6.5,False,0.195,low
1a85c168-077b-41de-91dd-dc0b47cda5a5,charleston-battery,-79.939935,32.773328,6.406179428100586,6,5.5,False,0.165,low
51429145-8be6-4cec-8e6a-32c0669fea88,charleston-battery,-79.939802,32.773275,5.890573978424072,6,5.5,False,0.165,low
83a42d4d-938e-47db-a35f-135fb944cade,charleston-battery,-79.940275,32.77308,5.188426971435547,6,5.5,False,0.165,low
8cdcd377-f042-4831-ad9e-84d29c9584df,charleston-battery,-79.940176,32.773013,6.28596305847168,7,6.5,False,0.195,low
ab577758-54d4-4e54-aec0-e1a500953266,charleston-battery,-79.940045,32.77296,5.854750156402588,6,5.5,False,0.165,low
2ab7ca4c-9227-470d-88a4-0c7e088bbd11,charleston-battery,-79.94027,32.772716,5.997970104217529,6,5.5,False,0.165,low
9aaff1f3-179a-43cc-9cbe-50d873a0d0b8,charleston-battery,-79.939883,32.772905,6.488591194152832,7,6.5,False,0.195,low
13449314-1a97-4d2b-b4e7-4558c0f624fc,charleston-battery,-79.939773,32.772856,6.804984092712402,7,6.5,False,0.195,low
ac79be02-97c4-4de9-bb50-dc6385fa564e,charleston-battery,-79.939764,32.772662,,7,6.5,False,0.195,low
f8f27dd3-f1a1-4ee8-b3a8-b18373d06208,charleston-battery,-79.939773,32.772622,,7,6.5,False,0.195,low
9462027b-00b1-4f55-b343-a572454a8c95,charleston-battery,-79.94,32.77256,6.27332878112793,6,5.5,False,0.165,low
a14ea1b7-b12b-4143-ae85-486d28408c84,charleston-battery,-79.939869,32.772494,6.682570934295654,6,5.5,False,0.165,low
ca72f8d1-04bc-4718-980b-d29670587029,charleston-battery,-79.94013,32.772195,10.0,6,5.5,False,0.165,low
2440c8d4-1cb6-4937-bbbc-df94a9b472f9,charleston-battery,-79.940128,32.772642,5.506675720214844,5,4.5,False,0.135,low
1fd55d22-3a4e-4895-a637-627c4dd48100,charleston-battery,-79.94075,32.772426,10.0,6,5.5,False,0.165,low
1cc0e67f-46e4-4308-a435-491a9463a249,charleston-battery,-79.940687,32.772163,5.0,6,5.5,False,0.165,low
0a6f5ae7-a9ed-4ab5-901f-8a074b03486e,charleston-battery,-79.940565,32.7723,10.0,6,5.5,False,0.165,low
e4212db5-12b5-49b0-9ee2-96efd5a8b2ad,charleston-battery,-79.940329,32.77227,13.0,6,5.5,False,0.165,low
fd7988cf-bffa-4cc7-8227-1d1c48be451d,charleston-battery,-79.940317,32.77208,5.0,6,5.5,False,0.165,low
b7afcbfd-d4d3-4fee-baa2-4b099e1b983e,charleston-battery,-79.940354,32.772022,4.0,6,5.5,False,0.165,low
061d5b6d-ec48-4f1f-8f11-f7e8564e5251,charleston-battery,-79.940352,32.771833,12.0,3,2.5,False,0.075,low
3033f0f7-f4dd-4669-bcff-96b6af112d35,charleston-battery,-79.940563,32.771912,10.0,6,5.5,False,0.165,low
394208d8-fd4d-41f9-be0f-3883aa197a49,charleston-battery,-79.940547,32.772078,4.0,6,5.5,False,0.165,low
31ea666e-97e1-4ed6-9d6c-17cf084b4406,charleston-battery,-79.940732,32.771978,11.0,6,5.5,False,0.165,low
1e3d6049-83cc-4fd8-b38d-cc086579332d,charleston-battery,-79.940104,32.7717,13.0,6,5.5,False,0.165,low
19363942-8504-4bff-b553-8f3e5ea7f999,charleston-battery,-79.940181,32.772022,4.0,6,5.5,False,0.165,low
850e7715-cd1a-4c3f-9ec4-fe63d6e767cc,charleston-battery,-79.940132,32.771998,4.0,6,5.5,False,0.165,low
2450d66b-01df-4633-ab9f-fdc235f8ec5e,charleston-battery,-79.9401,32.771894,5.0,6,5.5,False,0.165,low
a1cbaed0-4f83-4b28-aa1f-7fbcd1a97daa,charleston-battery,-79.939809,32.772076,14.0,4,3.5,False,0.105,low
fcf1f56e-fd67-4544-afbe-0dd14291d252,charleston-battery,-79.939717,32.771514,13.0,6,5.5,False,0.165,low
ed526e62-61b1-49f2-aae1-515e959efc38,charleston-battery,-79.94092,32.772062,13.0,6,5.5,False,0.165,low
efab6bee-6982-4d29-938c-78274eaa0109,charleston-battery,-79.941406,32.77232,11.0,6,5.5,False,0.165,low
887fdf5c-6b76-47cc-bf56-f05d1a32b3c3,charleston-battery,-79.941241,32.772231,11.0,7,6.5,False,0.195,low
e0c2782f-2806-4a41-b064-8660b79fed0e,charleston-battery,-79.941091,32.77215,10.0,6,5.5,False,0.165,low
7f1e1359-5c95-4a17-be14-444386b87135,charleston-battery,-79.940952,32.772291,7.0,6,5.5,False,0.165,low
deb1a4af-e3b2-402a-a6ea-58e3a1c52db4,charleston-battery,-79.941155,32.772463,4.0,7,6.5,False,0.195,low
cc201b7e-fdc8-4165-a887-b92fe5c97eb2,charleston-battery,-79.940996,32.772578,11.0,6,5.5,False,0.165,low
10a2d471-1532-4161-b1c9-04ae04c58974,charleston-battery,-79.941253,32.772531,4.0,7,6.5,False,0.195,low
c791d62e-684b-4590-a660-5bceed76d41b,charleston-battery,-79.94176,32.772413,9.0,6,5.5,False,0.165,low
4bb0faa3-4b20-4d56-969e-13045e314088,charleston-battery,-79.941626,32.772502,2.0,6,5.5,False,0.165,low
3d2b3c23-b596-49df-b572-d02a550e4d18,charleston-battery,-79.941923,32.772503,11.0,6,5.5,False,0.165,low
f254b35f-d481-418b-be86-c7de786bd22e,charleston-battery,-79.942074,32.772599,10.0,6,5.5,False,0.165,low
d89dfe20-40bd-42f8-9198-634290326eac,charleston-battery,-79.943275,32.77339,4.0,6,5.5,False,0.165,low
ea9678ee-da44-4726-bf43-e19c4282c4ed,charleston-battery,-79.942784,32.773098,13.0,6,5.5,False,0.165,low
ad801385-7d88-4838-b330-0cb931439fbf,charleston-battery,-79.942513,32.772854,12.0,6,5.5,False,0.165,low
44317ef4-680d-48e3-83ca-8ef44bcb80e8,charleston-battery,-79.942388,32.772752,12.0,6,5.5,False,0.165,low
1b9aa293-48d7-40f0-bd44-47ef5b4e4fa8,charleston-battery,-79.942209,32.772702,13.0,6,5.5,False,0.165,low
b7460e17-ee3a-4174-a4ce-d53044044958,charleston-battery,-79.942274,32.772802,4.0,6,5.5,False,0.165,low
3d14d909-c50b-45b1-92c6-06ed727026ca,charleston-battery,-79.94228,32.773162,11.0,6,5.5,False,0.165,low
fd29943f-0d99-411e-81aa-a8904dc4b058,charleston-battery,-79.942655,32.772958,14.0,5,4.5,False,0.135,low
9757f976-0380-40f6-ad5b-2c25a1a430eb,charleston-battery,-79.942223,32.773584,10.0,5,4.5,False,0.135,low
06fe908d-34cf-452f-adc7-e6c946b320a1,charleston-battery,-79.942134,32.773678,3.0,6,5.5,False,0.165,low
c38debd9-d454-4dc4-a7ac-7b757ee4d599,charleston-battery,-79.94231,32.773741,5.0,6,5.5,False,0.165,low
88b797e5-e875-4233-a76f-e59ab0a36b2e,charleston-battery,-79.942421,32.77358,11.0,6,5.5,False,0.165,low
2e04b129-94d4-4c35-9169-3340df876d19,charleston-battery,-79.943188,32.773413,4.0,6,5.5,False,0.165,low
28e1e282-b5ea-41e2-9226-3c38e2429124,charleston-battery,-79.942973,32.77365,10.0,6,5.5,False,0.165,low
8743b69b-869c-4312-8881-a4c8352a42f7,charleston-battery,-79.942745,32.774035,4.0,5,4.5,False,0.135,low
5675142a-334c-4787-9e62-0bcb51ae64a0,charleston-battery,-79.942313,32.774151,15.0,5,4.5,False,0.135,low
ea435ba8-f847-4ad8-a5cb-0c12975916a8,charleston-battery,-79.942532,32.774454,8.0,5,4.5,False,0.135,low
53d87374-16c0-4b91-836b-dd06daa4dea7,charleston-battery,-79.942401,32.774631,15.0,5,4.5,False,0.135,low
55162597-d919-4ec7-95be-15127dad1418,charleston-battery,-79.942851,32.77452,4.0,5,4.5,False,0.135,low
96b037f5-760a-45a4-a902-f85616f5f0b0,charleston-battery,-79.942973,32.774449,8.0,4,3.5,False,0.105,low
fe5d3d1c-5f45-485e-9932-d8d4c47037fe,charleston-battery,-79.94355,32.774699,4.0,6,5.5,False,0.165,low
7f4c6f3a-2cb8-4dbc-bed1-fb618a80ea9e,charleston-battery,-79.943688,32.774691,5.0,5,4.5,False,0.135,low
c02946d7-a07f-4db7-bbdb-4d0127fa7b63,charleston-battery,-79.943754,32.774458,11.0,5,4.5,False,0.135,low
38036582-f709-45f9-b3e1-2b73ba8a979e,charleston-battery,-79.943467,32.773845,14.0,4,3.5,False,0.105,low
93796dbd-a56a-41f9-9909-43af46955804,charleston-battery,-79.944676,32.775642,13.0,3,2.5,False,0.075,low
b8450d0c-6f98-4fd5-b488-5cbe2cc4522c,charleston-battery,-79.944776,32.776384,6.141580581665039,5,4.5,False,0.135,low
085372a8-a47e-4874-adc2-e40a1245dc6e,charleston-battery,-79.94498,32.776731,4.868405342102051,5,4.5,False,0.135,low
6389d956-a824-4bcd-922e-587365d84db5,charleston-battery,-79.944836,32.776604,4.466483116149902,6,5.5,False,0.165,low
5ae2abf0-1bfb-49a3-b018-64d1089076b7,charleston-battery,-79.944568,32.776867,7.074795246124268,6,5.5,False,0.165,low
cdff7d0f-89d5-49f5-9fc4-f07945505996,charleston-battery,-79.944465,32.776924,4.811472415924072,6,5.5,False,0.165,low
071d5f60-4e1a-458b-a30f-55d426ef46f3,charleston-battery,-79.945035,32.777056,,4,3.5,False,0.105,low
ab78dfe3-96e4-42d1-8072-d0b4ad2ac1d8,charleston-battery,-79.944735,32.777212,6.263275146484375,5,4.5,False,0.135,low
9aacd90b-ac4d-4d3c-95ca-270680043c82,charleston-battery,-79.944572,32.777254,,6,5.5,False,0.165,low
74b367d1-8162-4330-8577-c35208ce0eed,charleston-battery,-79.944576,32.777594,,6,5.5,False,0.165,low
3daf3820-d12b-49b9-9b06-4eea9bc89b70,charleston-battery,-79.944842,32.777633,7.090909004211426,5,4.5,False,0.135,low
d23ce406-79c0-4a45-8593-593f1ab448e9,charleston-battery,-79.944814,32.777432,7.242041110992432,5,4.5,False,0.135,low
41fb56cb-8bd9-43ce-804e-cd2a767db756,charleston-battery,-79.944918,32.777707,7.367549896240234,5,4.5,False,0.135,low
86a571bb-8f39-477b-9512-09982dca3bef,charleston-battery,-79.944944,32.777953,12.0,5,4.5,False,0.135,low
d87454d7-330b-4bce-a4e8-eab53fdd5d41,charleston-battery,-79.944808,32.777921,,5,4.5,False,0.135,low
7a52bbc0-71a5-4556-bf22-f0596fd887fe,charleston-battery,-79.944655,32.777768,,6,5.5,False,0.165,low
c42b567e-2a19-4e6a-84db-55a4786b9b10,charleston-battery,-79.944487,32.777954,6.225963115692139,6,5.5,False,0.165,low
f54c67df-5a70-4c37-a6aa-019ea29c2c75,charleston-battery,-79.944649,32.777923,,7,6.5,False,0.195,low
719de5d7-160a-4800-bedc-bc841987e9bf,charleston-battery,-79.944672,32.778122,5.7830610275268555,7,6.5,False,0.195,low
52ec15d0-a544-4093-ab78-14ae7e7114f8,charleston-battery,-79.944613,32.778045,4.691307544708252,7,6.5,False,0.195,low
aa4dda01-ba1e-4896-b005-282b864e4a90,charleston-battery,-79.945051,32.777864,6.182106971740723,5,4.5,False,0.135,low
921e5f85-255c-418e-a8fa-6f76f128cf18,charleston-battery,-79.945087,32.778324,6.855014801025391,6,5.5,False,0.165,low
a2b1daf3-610b-46b7-944a-e4a24ff8c98c,charleston-battery,-79.94476,32.778535,12.0,6,5.5,False,0.165,low
08fc24e7-472e-4f4f-bea6-9354f0177888,charleston-battery,-79.94468,32.778372,9.334318161010742,6,5.5,False,0.165,low
105c835b-f9ee-426c-af18-2467ffd5c7fb,charleston-battery,-79.944494,32.778715,7.2375807762146,6,5.5,False,0.165,low
4907fc44-f0a6-4dd3-8758-546c9642cfaa,charleston-battery,-79.944521,32.778829,8.0,6,5.5,False,0.165,low
5f421f90-46c3-411a-89e9-2cbc5040b043,charleston-battery,-79.944879,32.778741,7.094630241394043,6,5.5,False,0.165,low
5830d285-9c63-479c-814a-3e42c8211ce2,charleston-battery,-79.944865,32.77865,7.0312347412109375,6,5.5,False,0.165,low
cc62d004-45a1-4e4d-b8c9-5551064e4394,charleston-battery,-79.944946,32.778816,6.322078704833984,6,5.5,False,0.165,low
66a97dbe-336b-43d1-be00-dd963196578f,charleston-battery,-79.94498,32.778911,6.928806781768799,6,5.5,False,0.165,low
a721403b-1d07-41e9-92bf-f89a5f168209,charleston-battery,-79.94456,32.778939,9.0,6,5.5,False,0.165,low
1ff82b26-d66a-4378-abfb-b23007bcaf72,charleston-battery,-79.944477,32.779111,,6,5.5,False,0.165,low
73c82b47-8278-44b4-8f41-a6353ee0e88d,charleston-battery,-79.944633,32.77904,6.4360575675964355,6,5.5,False,0.165,low
ce91a3d1-3377-4447-bd29-a9eb2c3c6195,charleston-battery,-79.944685,32.779112,6.249897003173828,6,5.5,False,0.165,low
103b055c-a4ab-4a91-bbd0-4eaa243a602e,charleston-battery,-79.9446,32.779211,,5,4.5,False,0.135,low
9a828516-6076-4a0e-acf5-ffc07ab1a5a9,charleston-battery,-79.944492,32.779152,,6,5.5,False,0.165,low
5e7fcb73-d775-42cd-82a5-1500b225ab4d,charleston-battery,-79.944549,32.779327,6.402008533477783,6,5.5,False,0.165,low
903ec407-9d27-4161-bacc-8373e39bf7fd,charleston-battery,-79.944449,32.779382,6.767795562744141,6,5.5,False,0.165,low
aa6f65e8-2221-4f33-8879-622ecc3381d9,charleston-battery,-79.944688,32.779319,5.980425834655762,5,4.5,False,0.135,low
1cf80f78-5316-4160-89a8-c51067abe02a,charleston-battery,-79.944811,32.779263,6.049815654754639,5,4.5,False,0.135,low
01aae111-bdbb-4e22-a2cc-69cf8fdb9c91,charleston-battery,-79.945072,32.779167,,4,3.5,False,0.105,low
ea5d42f5-ee4c-4bbc-b352-5072408b3ef3,charleston-battery,-79.945053,32.778987,7.437524795532227,6,5.5,False,0.165,low
01c288ae-4cba-46a5-971d-5150ed592a7c,charleston-battery,-79.945121,32.779942,8.0,5,4.5,False,0.135,low
4726d4aa-4c89-4a52-a6b7-1d496fc85c51,charleston-battery,-79.944891,32.779634,16.0,3,2.5,False,0.075,low
1c1eefc0-9ad5-4f14-8e79-441d765271b5,charleston-battery,-79.944929,32.779832,6.24968957901001,3,2.5,False,0.075,low
7c049ed8-d245-4bac-885a-fec1d9a04b51,charleston-battery,-79.944695,32.780065,,1,0.5,False,0.015,low
3e78c547-37b5-4fd4-9ea1-49c46407dd2a,charleston-battery,-79.944513,32.780205,,1,0.5,False,0.015,low
5be1415c-52ff-40d8-9005-e2d269aadcaa,charleston-battery,-79.94462,32.780464,13.0,2,1.5,False,0.045,low
8fe24fa8-0976-4e10-9d46-bfb17cb6bedd,charleston-battery,-79.945007,32.780252,4.008849620819092,5,4.5,False,0.135,low
5e92de75-1c16-4a13-8aec-91705e6cc162,charleston-battery,-79.945001,32.780479,10.0,3,2.5,False,0.075,low
5027cea8-ad21-4fcc-b89d-f3475f480c66,charleston-battery,-79.945068,32.781082,,4,3.5,False,0.105,low
1b85a3be-bde9-47d2-8327-e11de9456cc8,charleston-battery,-79.945071,32.780856,8.255912780761719,4,3.5,False,0.105,low
007995e6-9f3d-44a4-8ba1-97e059d7ddc3,charleston-battery,-79.944532,32.780658,9.560242652893066,3,2.5,False,0.075,low
0cc3abcb-96bd-4a28-b240-cfd389f430a0,charleston-battery,-79.944477,32.781036,6.300161838531494,5,4.5,False,0.135,low
4a1fe1f9-83ca-4fb6-9618-ea66059b1a1d,charleston-battery,-79.944884,32.780875,13.0,3,2.5,False,0.075,low
73f4af17-bc7f-46e5-be92-12d8e495b433,charleston-battery,-79.944818,32.781334,6.340991497039795,6,5.5,False,0.165,low
b9738b51-38fb-471d-b9df-3ca166d19929,charleston-battery,-79.94481,32.781189,,4,3.5,False,0.105,low
13b8244c-61f0-4306-8544-abe83720ba39,charleston-battery,-79.94455,32.78122,14.0,5,4.5,False,0.135,low
7c37a282-8a11-43df-91de-77f876cafa1c,charleston-battery,-79.944677,32.781369,8.123729705810547,6,5.5,False,0.165,low
fe9d6afb-24ca-4c38-a794-af3fa2b02217,charleston-battery,-79.944815,32.781587,7.090111255645752,7,6.5,False,0.195,low
119cede6-de95-4335-aa27-a23406d3cd15,charleston-battery,-79.944841,32.781443,6.234522819519043,6,5.5,False,0.165,low
95415e06-ce38-42d6-beaf-dcd23958a36d,charleston-battery,-79.945086,32.782062,7.241725444793701,7,6.5,False,0.195,low
9d46ce3a-00fa-4563-8e94-580fd7c209c2,charleston-battery,-79.944939,32.781846,7.659170150756836,7,6.5,False,0.195,low
288245d5-a549-4803-9739-f5ea4d8f3943,charleston-battery,-79.944859,32.781725,7.017078876495361,7,6.5,False,0.195,low
8d7c22b6-841c-4f34-b423-91a65ab632b5,charleston-battery,-79.944518,32.781905,7.557473182678223,7,6.5,False,0.195,low
2b9d9c11-f795-4f2c-ba5e-3806bb4558f2,charleston-battery,-79.944899,32.783253,13.0,4,3.5,False,0.105,low
03fa5972-6c53-49ff-a4a7-f01e8a72d1cc,charleston-battery,-79.944608,32.789962,10.0,0,0.0,False,0.0,none
47300538-a2ab-46a0-a315-d7069a965b25,charleston-battery,-79.944485,32.78966,13.0,0,0.0,False,0.0,none
c6a7e894-cdad-47c4-9ea4-a238ffd868c0,charleston-battery,-79.944576,32.789609,15.0,1,0.5,False,0.015,low
5511c48e-0baf-40db-a73d-e725d684ec5c,charleston-battery,-79.944697,32.789703,5.0,0,0.0,False,0.0,none
0a2e24b5-04f3-4d79-ad1a-20a1c903aabe,charleston-battery,-79.944755,32.789788,5.0,0,0.0,False,0.0,none
8f533a76-2298-4103-b522-6c555119f69d,charleston-battery,-79.944767,32.789657,8.0,0,0.0,False,0.0,none
584740a7-b47e-4f01-a44e-71bc503c0ec8,charleston-battery,-79.945011,32.789843,10.0,0,0.0,False,0.0,none
5f4cb43f-fb0b-46ff-92ab-a8e3f2a1eef5,charleston-battery,-79.944907,32.789857,10.0,0,0.0,False,0.0,none
8249c72c-0d41-4ab7-b00d-ffa3b8d75794,charleston-battery,-79.944823,32.789932,9.0,0,0.0,False,0.0,none
0c2a7ec3-34de-48cd-94d2-0855572a935c,charleston-battery,-79.945072,32.788614,10.0,4,3.5,False,0.105,low
18e9de72-c050-4f51-b63e-723ca85b0a02,charleston-battery,-79.945091,32.789268,9.0,1,0.5,False,0.015,low
2b210703-384f-4070-99bf-ad3c627e305a,charleston-battery,-79.945065,32.789188,9.0,3,2.5,False,0.075,low
58d496d6-4a6b-444b-8838-9d7ca060692a,charleston-battery,-79.944969,32.789013,8.0,5,4.5,False,0.135,low
f399759a-ab85-429b-a30e-3313fc0d45b7,charleston-battery,-79.945005,32.789071,9.0,5,4.5,False,0.135,low
ed9013b1-1430-4e64-871d-26c8ce788e7c,charleston-battery,-79.94489,32.788976,9.0,4,3.5,False,0.105,low
da3986d9-8f68-4455-a316-49c39b7fc789,charleston-battery,-79.944777,32.789199,13.0,1,0.5,False,0.015,low
aa46f485-90db-4812-88c5-d25684854620,charleston-battery,-79.945018,32.789137,9.0,3,2.5,False,0.075,low
3017452c-9f00-4faa-8d4c-8cee1f4f50a6,charleston-battery,-79.944986,32.789331,3.0,0,0.0,False,0.0,none
a6a5aa3e-06de-4b81-be40-8f7d0290b274,charleston-battery,-79.944825,32.789284,13.0,1,0.5,False,0.015,low
7ca0956e-ce4e-49ca-8301-0509c56606e7,charleston-battery,-79.944567,32.789338,13.0,2,1.5,False,0.045,low
9635b26d-3d5a-4047-8578-2b6b0f95c0c3,charleston-battery,-79.944525,32.789254,13.0,3,2.5,False,0.075,low
895d0bb6-4e92-4f40-bbf6-31bce9d85b7d,charleston-battery,-79.944713,32.789117,13.0,2,1.5,False,0.045,low
d57de852-5184-4b71-93d6-9c7f51f699b8,charleston-battery,-79.94445,32.789074,12.0,4,3.5,False,0.105,low
268ae7b8-5538-4610-95cf-d297e369df83,charleston-battery,-79.944467,32.788803,7.0,5,4.5,False,0.135,low
50a998d6-5344-4cdc-91bd-df89f9d5a5c8,charleston-battery,-79.944581,32.788716,7.0,4,3.5,False,0.105,low
17d98fdb-9ac1-4bc1-a841-b61832a2a5d1,charleston-battery,-79.944759,32.788722,9.0,5,4.5,False,0.135,low
a7c7c12b-1a74-4f7f-a2cd-98eebc5c6405,charleston-battery,-79.945018,32.788535,9.0,4,3.5,False,0.105,low
2eda5b3e-98f0-4d0f-84e8-6ef7f3c10e58,charleston-battery,-79.944697,32.78864,9.0,5,4.5,False,0.135,low
f8b1bd0b-f37a-4e29-a317-cf14f7e7c1f4,charleston-battery,-79.944589,32.788474,14.0,6,5.5,False,0.165,low
72118ba6-d5cf-4694-ba46-e7ae151efbbf,charleston-battery,-79.944515,32.788406,14.0,4,3.5,False,0.105,low
597b1dd7-9966-41fa-9615-c9613d0d6613,charleston-battery,-79.944526,32.788311,14.0,5,4.5,False,0.135,low
8e8996af-7565-4fde-bad2-3990ea4f3914,charleston-battery,-79.944475,32.78823,12.0,7,6.5,False,0.195,low
96879006-da10-4ae4-992a-63f9a0f76d45,charleston-battery,-79.94477,32.788075,7.0,6,5.5,False,0.165,low
74d66d9e-8a34-4212-93e6-fcac2d7c923a,charleston-battery,-79.944815,32.788304,13.0,5,4.5,False,0.135,low
dfc95ef5-8c2c-40f8-aa6c-b0ea9df7bb79,charleston-battery,-79.945086,32.788204,9.0,5,4.5,False,0.135,low
768070d6-9854-48bd-8de7-f0de92d174ab,charleston-battery,-79.945234,32.78785,6.0,1,0.5,False,0.015,low
7dfb45e4-ba25-4715-96d8-8ea40e355c60,charleston-battery,-79.944913,32.787484,9.0,4,3.5,False,0.105,low
82cba622-64d7-4bfd-9e84-82d8ea1bf776,charleston-battery,-79.94503,32.78746,10.0,2,1.5,False,0.045,low
f7915f14-9eea-4cd5-9f94-6d2a49098ff8,charleston-battery,-79.944477,32.787265,,4,3.5,False,0.105,low
b36f8543-5616-4a24-bdac-77a936a582a9,charleston-battery,-79.944528,32.787136,,4,3.5,False,0.105,low
6b449ee8-9412-4316-ae44-f0bfcd02d37d,charleston-battery,-79.944661,32.787079,11.0,3,2.5,False,0.075,low
d43b60de-635e-4ae2-948e-9e153f52bfa7,charleston-battery,-79.944608,32.787228,12.0,5,4.5,False,0.135,low
0f399c2f-34da-4895-ae18-dea64aa3b6a3,charleston-battery,-79.94497,32.787082,15.0,2,1.5,False,0.045,low
07da013b-209b-400f-9ae9-8fc602dfc622,charleston-battery,-79.944569,32.786804,9.0,5,4.5,False,0.135,low
153a3af8-0091-46ca-a3cc-c90159de2db6,charleston-battery,-79.945031,32.786352,16.0,2,1.5,False,0.045,low
d23c6f8f-7f77-4d29-92b6-648c47accdac,charleston-battery,-79.945104,32.785876,7.711771488189697,3,2.5,False,0.075,low
282317ab-641c-4857-99b6-e0cdef6b044c,charleston-battery,-79.944884,32.785804,10.0,3,2.5,False,0.075,low
6f128692-269a-420a-8ea1-49a192374db6,charleston-battery,-79.944777,32.786133,,3,2.5,False,0.075,low
f74729e9-c92f-4e0c-bce2-6d52b5ba74f2,charleston-battery,-79.944522,32.785817,3.568527936935425,5,4.5,False,0.135,low
21be00d0-250a-4f66-9c56-1ec45c074bb1,charleston-battery,-79.944472,32.785555,6.431108474731445,6,5.5,False,0.165,low
e85c3038-3f7e-442a-a48b-e5c237ac4ac5,charleston-battery,-79.944814,32.785562,15.0,2,1.5,False,0.045,low
f5d0fdeb-1cd5-4e3a-9a26-e897c27fdbf1,charleston-battery,-79.945033,32.784571,3.0,4,3.5,False,0.105,low
bb158755-9dfa-48f9-8f79-74ea2557eca1,charleston-battery,-79.94543,32.784487,9.0,6,5.5,False,0.165,low
949f11b5-a57d-412c-8a3e-f8fe72233106,charleston-battery,-79.945163,32.783916,21.0,4,3.5,False,0.105,low
47d8ee09-4693-4821-96c2-82baf18486c0,charleston-battery,-79.944672,32.784455,10.0,5,4.5,False,0.135,low
eea6e0e4-8feb-441c-ad7a-eb233f55361d,charleston-battery,-79.944275,32.783923,,5,4.5,False,0.135,low
b08a454d-e050-410d-a853-35ea0d28fd1d,charleston-battery,-79.944361,32.784298,7.816119194030762,5,4.5,False,0.135,low
c14c6ca9-b244-4262-8ccb-d752f5826582,charleston-battery,-79.944023,32.784062,6.0,5,4.5,False,0.135,low
647c23bf-a7a5-4dc1-b5ad-08ca2497e28b,charleston-battery,-79.944053,32.783901,7.0,5,4.5,False,0.135,low
bb211fe3-e916-45a7-b01e-a9a6d6f0f96d,charleston-battery,-79.943689,32.783955,5.3966522216796875,6,5.5,False,0.165,low
d1541c4d-bb88-4709-a6a0-3f9e43004c33,charleston-battery,-79.943346,32.784024,6.717144012451172,6,5.5,False,0.165,low
71ae74ca-6f4a-459d-b7fd-657de34d3327,charleston-battery,-79.9434,32.784188,,6,5.5,False,0.165,low
9bd9df90-42b6-496d-8766-3dad0da9de22,charleston-battery,-79.943381,32.784566,,6,5.5,False,0.165,low
fbd601fb-0b0e-40d8-98ee-f028cd3256e1,charleston-battery,-79.943294,32.784682,5.814172267913818,7,6.5,False,0.195,low
6ea0d5cc-817b-4550-951c-09247a70bcd7,charleston-battery,-79.943349,32.784754,,6,5.5,False,0.165,low
266e9f20-e90a-4f59-a93f-c5338d1e527c,charleston-battery,-79.943263,32.784954,7.505667686462402,6,5.5,False,0.165,low
dd60c863-e983-47c2-9211-98bf634adf9f,charleston-battery,-79.943795,32.784978,5.896961212158203,7,6.5,False,0.195,low
756d9bb5-b5e4-483c-a621-d7e865635424,charleston-battery,-79.944379,32.784859,14.0,5,4.5,False,0.135,low
8f4af654-fef9-4b12-8565-eed05a2004b8,charleston-battery,-79.944021,32.785359,5.480140686035156,6,5.5,False,0.165,low
10251b89-f5d2-487e-8f10-fc8e23a279a3,charleston-battery,-79.943914,32.785404,5.486555099487305,6,5.5,False,0.165,low
aa4c0982-6bf8-49a6-9d46-7526f72f2625,charleston-battery,-79.944349,32.785583,7.498457908630371,6,5.5,False,0.165,low
0f668d3b-3084-436a-9138-fdc31e16d607,charleston-battery,-79.944223,32.785642,9.708614349365234,6,5.5,False,0.165,low
3925a531-6c5d-45fc-b714-a4a05b19402a,charleston-battery,-79.94436,32.785774,8.198297500610352,5,4.5,False,0.135,low
bce4d590-58a2-4d2e-8d92-379622ff9039,charleston-battery,-79.944349,32.785979,,6,5.5,False,0.165,low
6159938c-e5c5-443a-aa4e-a4449ee834df,charleston-battery,-79.944297,32.785902,5.308487415313721,6,5.5,False,0.165,low
232928e9-6f68-4b77-8a87-590068bfeb77,charleston-battery,-79.944119,32.785962,5.231081962585449,6,5.5,False,0.165,low
d6694b4c-93ef-4d5f-a376-069e33cc259a,charleston-battery,-79.943906,32.785949,,6,5.5,False,0.165,low
478f13bc-9f01-4c65-bdd8-eebbff8b8196,charleston-battery,-79.943989,32.785999,8.099928855895996,5,4.5,False,0.135,low
3d56b93b-6f50-4f2f-801e-a5bf09069c91,charleston-battery,-79.94395,32.785806,5.518052101135254,6,5.5,False,0.165,low
39d46b5e-7776-436f-9bec-b3965b0a7f4f,charleston-battery,-79.944042,32.785798,,5,4.5,False,0.135,low
9ead1e43-4c7c-4202-9b49-d39cf391079c,charleston-battery,-79.944103,32.78565,6.792866230010986,7,6.5,False,0.195,low
fae9de10-2344-473f-90da-6899c2f5f772,charleston-battery,-79.943997,32.785674,7.253833770751953,7,6.5,False,0.195,low
c4d59911-5b48-476d-8064-e253d9bde7ac,charleston-battery,-79.943879,32.785687,5.0866899490356445,7,6.5,False,0.195,low
2ce30a77-1101-43eb-a126-03d7f47c9807,charleston-battery,-79.943774,32.785727,5.589203357696533,6,5.5,False,0.165,low
2ee465ab-6bbe-4fd5-be26-c8201ea24a80,charleston-battery,-79.943626,32.785763,,6,5.5,False,0.165,low
7d4d325e-1c4a-4392-987c-75ef9b1bd6ce,charleston-battery,-79.943775,32.785835,4.696787357330322,6,5.5,False,0.165,low
02c63aab-0be4-4946-9ec9-76a618f653a2,charleston-battery,-79.943819,32.786062,6.926236152648926,5,4.5,False,0.135,low
fe2a04f0-19c5-4981-9be4-f38aa47145e6,charleston-battery,-79.943508,32.786027,3.0,6,5.5,False,0.165,low
77e910c6-c117-4263-abe9-b00a766dfffd,charleston-battery,-79.943294,32.78592,15.0,5,4.5,False,0.135,low
775ac677-2521-404e-bc19-b7c9b91416a7,charleston-battery,-79.943493,32.785392,7.530081748962402,5,4.5,False,0.135,low
e37e7bf6-97c7-4520-9b5c-7c5e13affa5e,charleston-battery,-79.943566,32.785536,,5,4.5,False,0.135,low
a57c5871-ecac-4b03-87bf-0b183c16c167,charleston-battery,-79.943698,32.785467,,6,5.5,False,0.165,low
538aa804-ce83-405e-97a3-fd4689514dba,charleston-battery,-79.943798,32.785432,6.253881454467773,7,6.5,False,0.195,low
48fd3f8c-b239-4f3b-a82e-cf98112e7281,charleston-battery,-79.94377,32.785217,,7,6.5,False,0.195,low
125eb5f6-7f50-4370-a3ca-b66cb1dc754f,charleston-battery,-79.943807,32.785117,15.0,6,5.5,False,0.165,low
b6011b93-b1e4-4733-a645-4bf6b8fc8131,charleston-battery,-79.943383,32.785249,7.237390041351318,5,4.5,False,0.135,low
a623952c-e1fb-4df6-be3e-2c297f3dd7e0,charleston-battery,-79.94337,32.785076,6.504612445831299,6,5.5,False,0.165,low
e334bcfe-de48-4c94-a8f1-eaf4d5cbc479,charleston-battery,-79.942994,32.785246,5.0,6,5.5,False,0.165,low
3f598f36-b0a0-4542-981e-18c5cf0d5e7c,charleston-battery,-79.942888,32.785078,12.0,6,5.5,False,0.165,low
3b1c22b2-67f0-459e-be1e-683ccba44250,charleston-battery,-79.942797,32.78529,10.0,6,5.5,False,0.165,low
34a858fd-1229-4cc6-9ef6-678aafd7eafe,charleston-battery,-79.943095,32.785451,10.0,5,4.5,False,0.135,low
7b447101-1261-4f04-8db8-b2be332e175d,charleston-battery,-79.943012,32.785353,10.0,5,4.5,False,0.135,low
b14d26ea-5c87-499e-86ce-02829d9bf8ed,charleston-battery,-79.943155,32.785535,12.0,5,4.5,False,0.135,low
8f4c8050-2f48-415e-a52d-12700ae8a639,charleston-battery,-79.943207,32.785625,12.0,5,4.5,False,0.135,low
80bc889d-9418-4245-a062-a146336f1221,charleston-battery,-79.942998,32.785624,12.0,4,3.5,False,0.105,low
1f10e291-6b97-470c-9165-4ddb54a304bf,charleston-battery,-79.943243,32.786085,8.0,5,4.5,False,0.135,low
31d6db78-fb4f-47c7-b8a5-191dc7438d30,charleston-battery,-79.94306,32.786014,11.0,5,4.5,False,0.135,low
e263491e-2e26-402a-b06d-4f9a92a90fd9,charleston-battery,-79.942936,32.78604,10.0,5,4.5,False,0.135,low
1a25103a-f893-4f5d-8a14-5a894b86d951,charleston-battery,-79.94273,32.786078,13.0,4,3.5,False,0.105,low
d7779602-7b15-4128-b56d-80d95fea6fca,charleston-battery,-79.942892,32.785656,11.0,4,3.5,False,0.105,low
e4ccf240-11e4-4f2c-81a4-2c0eff237d49,charleston-battery,-79.942711,32.785681,15.0,5,4.5,False,0.135,low
6dd4ecea-db04-4162-b873-aeefacb09b60,charleston-battery,-79.94211,32.785846,9.0,4,3.5,False,0.105,low
f2ca69d1-2673-4367-9611-92ab8a775007,charleston-battery,-79.94232,32.785657,20.0,4,3.5,False,0.105,low
6579dc97-d04d-422f-9fa4-3fb2f850f185,charleston-battery,-79.942108,32.785308,12.0,5,4.5,False,0.135,low
d63d1a58-3237-4c5a-ae95-10af0b4a6f98,charleston-battery,-79.942601,32.785358,11.0,6,5.5,False,0.165,low
113ccc77-bc68-48c3-8f35-102dc5d9f098,charleston-battery,-79.942554,32.785134,9.0,6,5.5,False,0.165,low
27c8d2b1-4955-4c43-97ff-80995f3e87fc,charleston-battery,-79.942458,32.785164,9.0,7,6.5,False,0.195,low
2f1eaa5f-a97b-4f06-b038-6e614d079003,charleston-battery,-79.94236,32.78519,9.0,6,5.5,False,0.165,low
900b71e5-f204-4141-951f-2e69ac821b8c,charleston-battery,-79.942264,32.785213,9.0,6,5.5,False,0.165,low
a83968c9-bd50-4e91-b4b0-c38bffb84c12,charleston-battery,-79.942193,32.785018,9.0,4,3.5,False,0.105,low
f0c69d32-7623-4c89-a420-1d101dc93930,charleston-battery,-79.94229,32.784995,9.0,4,3.5,False,0.105,low
e44b70c5-548f-48fe-8042-01be739f1f67,charleston-battery,-79.942357,32.784784,9.0,3,2.5,False,0.075,low
ac9aab8e-a325-4feb-ab0b-ec13e1cf35ee,charleston-battery,-79.942254,32.784809,9.0,4,3.5,False,0.105,low
c2aa4675-7fc9-42e2-a480-a5c59ce8a85a,charleston-battery,-79.942152,32.784834,9.0,3,2.5,False,0.075,low
1035194c-a550-4c3c-a4e4-46fc0771e9fb,charleston-battery,-79.942459,32.78468,3.0,4,3.5,False,0.105,low
8833db84-9a8a-44ec-8877-29c2e751fd2a,charleston-battery,-79.942623,32.784527,8.0,6,5.5,False,0.165,low
cb5d09d6-2751-445c-880a-cf42770293ee,charleston-battery,-79.942624,32.784628,8.0,5,4.5,False,0.135,low
8cd9c363-1889-4001-ab58-de8cb11744e0,charleston-battery,-79.942563,32.784733,9.0,5,4.5,False,0.135,low
79395bb7-fe67-47e3-9e76-681659eda304,charleston-battery,-79.942461,32.784758,9.0,4,3.5,False,0.105,low
eac5dc94-618d-440a-be74-846d2806ac5b,charleston-battery,-79.942487,32.784946,9.0,4,3.5,False,0.105,low
da5e52ce-513b-4706-8c9e-c9a1035e6232,charleston-battery,-79.942389,32.784971,9.0,5,4.5,False,0.135,low
3b7e71ec-90b5-451c-aea3-7ead30cd5bed,charleston-battery,-79.942584,32.784923,9.0,5,4.5,False,0.135,low
0f73ac19-2646-4293-877b-345eae42de3a,charleston-battery,-79.942682,32.784898,9.0,5,4.5,False,0.135,low
fa08f952-064e-499d-a275-0be1ff00da2c,charleston-battery,-79.942814,32.784878,10.0,6,5.5,False,0.165,low
fc3ceeb8-0667-4988-95bb-a8b83a995368,charleston-battery,-79.942857,32.78499,11.0,6,5.5,False,0.165,low
6eac1e21-3c6d-4630-9144-00a8caf13b33,charleston-battery,-79.943225,32.784875,7.133528709411621,6,5.5,False,0.165,low
fe16c55d-f8a1-4f47-8a97-4b4160169cc1,charleston-battery,-79.943147,32.784802,6.478325843811035,6,5.5,False,0.165,low
ab2b97a3-d7d1-4eb3-9439-ccc383cc0bae,charleston-battery,-79.943061,32.784656,7.189363479614258,7,6.5,False,0.195,low
98ce618d-7031-4899-b8d9-0741d19f49f7,charleston-battery,-79.943085,32.784741,6.467555999755859,6,5.5,False,0.165,low
30d813af-b5fc-4c77-99fe-284dd253ecdd,charleston-battery,-79.942955,32.784591,,5,4.5,False,0.135,low
7b76613c-c14e-4b2f-8293-5ffd45af57f6,charleston-battery,-79.94272,32.78472,9.0,6,5.5,False,0.165,low
007175bd-653e-46d0-a0a8-b1c12265e356,charleston-battery,-79.942844,32.784294,7.924040794372559,3,2.5,False,0.075,low
a95a40b5-f9f2-4ae2-901b-84a40d4b4c57,charleston-battery,-79.942538,32.784449,11.0,5,4.5,False,0.135,low
ee398bd5-2869-435f-a489-6f4a4cd92d36,charleston-battery,-79.942399,32.78446,9.0,2,1.5,False,0.045,low
6d4182e8-d1aa-4d98-842d-914a1df1e69e,charleston-battery,-79.942388,32.784262,8.0,3,2.5,False,0.075,low
656cd21a-5fa9-4d64-91f8-9dd269f64495,charleston-battery,-79.942198,32.784367,4.0,3,2.5,False,0.075,low
6d6b663b-0804-4bfa-8ab7-1a3031737bab,charleston-battery,-79.94201,32.783949,10.0,4,3.5,False,0.105,low
cb8901d9-d7a3-45cf-831a-b48ca49faedd,charleston-battery,-79.941865,32.783941,4.947308540344238,2,1.5,False,0.045,low
c45c54d9-c8df-4bea-ad1b-4138d493fc2d,charleston-battery,-79.941698,32.783994,8.323587417602539,3,2.5,False,0.075,low
407ac5c7-942a-4901-bae5-d3d07c390c15,charleston-battery,-79.941527,32.784451,7.0,1,0.5,False,0.015,low
05a5c980-b715-4904-929e-36732db0f668,charleston-battery,-79.941799,32.784381,16.0,2,1.5,False,0.045,low
dc984542-b54f-4aa9-beb4-754f6a14e7d4,charleston-battery,-79.942067,32.784474,12.0,1,0.5,False,0.015,low
f66ca27a-d3a1-408f-8ca4-58c0472450da,charleston-battery,-79.941837,32.784535,8.0,2,1.5,False,0.045,low
0b34b615-d403-4cae-9e67-d45281bbf9bf,charleston-battery,-79.941912,32.784951,7.0,3,2.5,False,0.075,low
64709b70-8b50-409c-9134-e2517324373e,charleston-battery,-79.941778,32.784888,9.0,4,3.5,False,0.105,low
b6e9d02d-c7ea-4e6c-abd3-7dfc61493ad3,charleston-battery,-79.941495,32.78494,11.0,4,3.5,False,0.105,low
e2f4a346-1872-48c5-8421-3968b72d698e,charleston-battery,-79.941602,32.784727,4.0,2,1.5,False,0.045,low
ed4ea4f3-e291-4f48-a359-2d6dbc1eccc7,charleston-battery,-79.941685,32.784742,5.0,2,1.5,False,0.045,low
1b797479-90c1-44a3-aff2-6bf6cdf669b3,charleston-battery,-79.941684,32.784464,12.0,1,0.5,False,0.015,low
7e4def04-ce98-4c34-b5d5-a8dceb398178,charleston-battery,-79.94132,32.784525,15.0,0,0.0,False,0.0,none
364a058f-c4c3-497b-91c6-67319e653135,charleston-battery,-79.941401,32.784745,8.0,0,0.0,False,0.0,none
ed76d524-b5a2-4b4b-b662-d71318afd6f2,charleston-battery,-79.941417,32.784845,12.0,2,1.5,False,0.045,low
442d4e3f-7074-4adf-b894-a3cf87bff467,charleston-battery,-79.941105,32.785004,10.0,4,3.5,False,0.105,low
8eda3fe4-5603-4357-93e4-a166cf76a5f6,charleston-battery,-79.94107,32.784905,16.0,3,2.5,False,0.075,low
f4d0c503-90b8-4c1c-8317-4344de3995d5,charleston-battery,-79.940951,32.784799,12.0,1,0.5,False,0.015,low
9f1efa04-2eaf-4790-bf21-67d9f9f27325,charleston-battery,-79.941084,32.783985,15.0,0,0.0,False,0.0,none
b9377c12-e953-4ba5-bb6e-abf093053dc5,charleston-battery,-79.940608,32.784073,5.727570533752441,0,0.0,False,0.0,none
6fdc4c12-c99f-4ed7-82e8-d1c72fa6a327,charleston-battery,-79.940444,32.784217,15.0,0,0.0,False,0.0,none
e1610a75-2645-4fed-8b02-2da314917f6b,charleston-battery,-79.940547,32.783997,7.556191921234131,0,0.0,False,0.0,none
ff9e6e20-d5a9-4d78-819d-a8f98e6a72f2,charleston-battery,-79.939814,32.784193,15.0,0,0.0,False,0.0,none
55f9a6b0-0c07-4555-ad5c-edb476cfc7c8,charleston-battery,-79.940526,32.784688,12.0,0,0.0,False,0.0,none
dcab02c1-82a0-4f00-9abe-db927d6dbad1,charleston-battery,-79.940632,32.784662,11.0,0,0.0,False,0.0,none
f2bb1f0a-92e5-42c6-89d6-b0ddfab76fbb,charleston-battery,-79.94079,32.784619,17.0,0,0.0,False,0.0,none
3f76c79b-22f5-46a2-a379-31c85f91f661,charleston-battery,-79.940696,32.784995,10.0,0,0.0,False,0.0,none
e2877dcb-05ae-4b7b-a230-026508d2477d,charleston-battery,-79.940832,32.785085,8.0,5,4.5,False,0.135,low
3549ac77-9878-4ae0-8511-d10335e51c1f,charleston-battery,-79.940794,32.785241,9.0,5,4.5,False,0.135,low
8f4689fa-73b7-445b-8b7a-2a9c983579a3,charleston-battery,-79.940876,32.785222,9.0,5,4.5,False,0.135,low
e46db7ed-3fdc-477e-8f76-1f14ed5b259a,charleston-battery,-79.94086,32.785488,10.0,4,3.5,False,0.105,low
1ef06cd1-4733-4249-a5d9-c85a8effd470,charleston-battery,-79.940801,32.785554,9.0,4,3.5,False,0.105,low
e077ed23-0978-4abf-9f4a-0c8c524a92a2,charleston-battery,-79.940705,32.785545,10.0,5,4.5,False,0.135,low
a1bcac58-d83f-4ac5-adcd-b7407477ea28,charleston-battery,-79.940596,32.785547,9.0,5,4.5,False,0.135,low
f7f1f2d6-267c-401f-a9cb-b21ce9055a44,charleston-battery,-79.940065,32.784985,16.0,0,0.0,False,0.0,none
89bb9659-8035-408a-83f9-27cd97dc842d,charleston-battery,-79.940218,32.785608,8.0,4,3.5,False,0.105,low
632930a5-c652-486d-90f3-a8119722c2bf,charleston-battery,-79.940187,32.785718,10.0,2,1.5,False,0.045,low
32104b02-8499-43c0-ae67-2364117059dd,charleston-battery,-79.940189,32.785802,8.0,2,1.5,False,0.045,low
84bbac31-44f7-48b4-956b-3fb548468375,charleston-battery,-79.940052,32.785658,10.0,4,3.5,False,0.105,low
a889b6e1-9a5d-4389-a3e8-85cfda8f29ca,charleston-battery,-79.93985,32.785842,11.0,2,1.5,False,0.045,low
bea410f0-b717-4a1b-93fa-4745fcf10c1b,charleston-battery,-79.939905,32.78595,9.0,3,2.5,False,0.075,low
9d6f44c2-e9d0-45d9-aad6-c9ed2d396100,charleston-battery,-79.939965,32.786033,9.0,2,1.5,False,0.045,low
8f31333c-c21e-4a53-a1f8-1d2bf324c2f0,charleston-battery,-79.94001,32.78612,8.0,2,1.5,False,0.045,low
bb891c2c-7d40-4490-a71a-0b3345c29963,charleston-battery,-79.9402,32.78588,8.0,3,2.5,False,0.075,low
f46ee445-4d5b-4a81-a08b-cd35bd212426,charleston-battery,-79.940268,32.78595,8.0,3,2.5,False,0.075,low
6826bfa8-d4fa-4ce2-bd99-7519ecb89316,charleston-battery,-79.940335,32.786074,11.0,2,1.5,False,0.045,low
d7393035-470c-4471-a7f7-d5afddc9221d,charleston-battery,-79.940441,32.785882,3.0,4,3.5,False,0.105,low
ca10cfb3-71cd-4d1a-81f0-a739176c3b91,charleston-battery,-79.940376,32.785851,7.0,4,3.5,False,0.105,low
7df1549f-8def-433b-9c45-3fc9e5c2b607,charleston-battery,-79.94035,32.785615,10.0,4,3.5,False,0.105,low
ccc9a1ae-851b-4242-ba24-b1f354acacb5,charleston-battery,-79.940445,32.785596,9.0,5,4.5,False,0.135,low
beab1a9a-e785-4f0c-b29d-6cd37f45228b,charleston-battery,-79.940517,32.785684,7.0,5,4.5,False,0.135,low
223150c7-2485-407c-8eae-3c01cbd609df,charleston-battery,-79.940571,32.785791,5.0,4,3.5,False,0.105,low
e864dd3b-8c2f-430a-94e9-68128b60d6a3,charleston-battery,-79.940726,32.785753,10.0,4,3.5,False,0.105,low
9db01eec-23c2-4c1c-9b86-631d63942a86,charleston-battery,-79.940686,32.785665,9.0,4,3.5,False,0.105,low
2b89f1d4-58b8-4635-aed3-fccc7199edb8,charleston-battery,-79.940753,32.785822,8.0,4,3.5,False,0.105,low
16bf0646-80f0-464a-899d-0f68d0a14ee0,charleston-battery,-79.940644,32.786009,10.0,3,2.5,False,0.075,low
5e73869f-8495-494c-85c5-50a2f9d7ae0d,charleston-battery,-79.94077,32.786147,9.0,1,0.5,False,0.015,low
ff861853-b779-4402-88ad-27088e980f2d,charleston-battery,-79.940864,32.786114,10.0,0,0.0,False,0.0,none
430caa0d-7759-4c6c-a658-6f67e8e36392,charleston-battery,-79.941006,32.786132,9.0,1,0.5,False,0.015,low
02fa6bea-c41f-4ed2-aae9-ae33f74fe581,charleston-battery,-79.940952,32.786022,8.0,1,0.5,False,0.015,low
d5382b54-d903-45dc-8c3f-81e01e346085,charleston-battery,-79.940908,32.785915,7.0,2,1.5,False,0.045,low
c410071f-bbb4-4f04-a52e-2adea2cfea1d,charleston-battery,-79.941118,32.786043,11.0,1,0.5,False,0.015,low
17bb3db5-aa42-4d4c-968a-592bfacd884d,charleston-battery,-79.941316,32.786042,12.0,1,0.5,False,0.015,low
df99a376-bf24-4fbc-a6f0-ec17e3878f9c,charleston-battery,-79.941365,32.785876,11.0,1,0.5,False,0.015,low
8be40804-820e-474f-a232-6e0fc878a820,charleston-battery,-79.941422,32.785641,11.0,5,4.5,False,0.135,low
d0ac089f-322c-4eaa-b854-a8e1d3865d48,charleston-battery,-79.941139,32.785591,9.0,4,3.5,False,0.105,low
f1b727c6-7b9b-4548-bbdc-d05983fa0669,charleston-battery,-79.941173,32.785787,5.0,0,0.0,False,0.0,none
2c013e43-579c-4502-88da-f9cfeacdbaa1,charleston-battery,-79.940996,32.785744,8.0,3,2.5,False,0.075,low
03809b17-278e-45b7-b419-d70b6558e590,charleston-battery,-79.940927,32.785646,9.0,4,3.5,False,0.105,low
e19d9769-b2d3-4b65-b250-41cabbfe9957,charleston-battery,-79.941006,32.78547,11.0,5,4.5,False,0.135,low
86f42a09-9f4d-4abd-88b5-47716fa1781f,charleston-battery,-79.941162,32.785421,8.0,5,4.5,False,0.135,low
50c4263b-8af9-4519-8d0a-c01dec3dfa3c,charleston-battery,-79.941015,32.7852,9.0,5,4.5,False,0.135,low
d35d5fbc-3c38-4d3c-9c3a-4669bd087a97,charleston-battery,-79.941127,32.785083,8.0,5,4.5,False,0.135,low
25c8ef52-06fe-4343-81ca-c3c2fc2b5586,charleston-battery,-79.941226,32.785168,12.0,6,5.5,False,0.165,low
448c9919-04b7-4f89-84f0-a9519271c0a3,charleston-battery,-79.941343,32.785385,10.0,5,4.5,False,0.135,low
49c829c5-853f-4468-a330-d4273fdd3cbe,charleston-battery,-79.94141,32.785475,9.0,5,4.5,False,0.135,low
41d16d12-3aa5-4c8a-aac7-d92758735c09,charleston-battery,-79.94145,32.785556,9.0,5,4.5,False,0.135,low
c4487832-fdb1-4e9e-8e3c-52c92b5e48ef,charleston-battery,-79.941738,32.785411,14.0,5,4.5,False,0.135,low
01005a69-0dda-4c46-bb8e-5816d76f1e04,charleston-battery,-79.941543,32.785031,10.0,4,3.5,False,0.105,low
e86fffd7-bdf4-49d9-932a-c1d5b1358d85,charleston-battery,-79.941715,32.785146,12.0,5,4.5,False,0.135,low
ce3e97e7-2e5f-4f72-8afe-2a54d42f02f5,charleston-battery,-79.941742,32.785278,13.0,5,4.5,False,0.135,low
b7ca994f-0f69-466d-8524-2922d3070b9d,charleston-battery,-79.942002,32.785223,6.0,5,4.5,False,0.135,low
aedf20a2-9447-456e-a11a-8f734efde591,charleston-battery,-79.941883,32.785535,11.0,5,4.5,False,0.135,low
e4c4ca7f-0782-4393-a707-6290c2b7d3d2,charleston-battery,-79.942036,32.785577,7.0,5,4.5,False,0.135,low
02092497-b20f-4b6e-802f-4b1cda1bcaa4,charleston-battery,-79.941925,32.78568,9.0,5,4.5,False,0.135,low
ff278c1e-cec0-4a93-9673-46fd3bb43091,charleston-battery,-79.94201,32.785874,9.0,4,3.5,False,0.105,low
7887b99b-17ef-4989-9c89-d55e8fc79d41,charleston-battery,-79.941647,32.786001,13.0,4,3.5,False,0.105,low
1f886d68-2073-4595-888c-1933f3f0a0f4,charleston-battery,-79.941915,32.7859,9.0,4,3.5,False,0.105,low
6c2f66fd-06b1-4b03-a3ac-df9d73a1532d,charleston-battery,-79.941911,32.786276,11.0,3,2.5,False,0.075,low
5cd2050b-8aff-43ea-82ff-3e5b58cd2892,charleston-battery,-79.941731,32.786252,14.0,2,1.5,False,0.045,low
fa0fbf22-092f-4ef9-ac95-6bf8b95b7f5b,charleston-battery,-79.94161,32.786375,10.0,1,0.5,False,0.015,low
3ba77b03-0eea-43f6-b9bb-12ca92802c96,charleston-battery,-79.941675,32.786643,4.0,1,0.5,False,0.015,low
97bcae5f-653e-4afd-8760-7f4b16997b6f,charleston-battery,-79.941968,32.786534,2.0,1,0.5,False,0.015,low
6c543353-fd34-486e-adcd-ff2061d53b29,charleston-battery,-79.942043,32.786538,2.0,1,0.5,False,0.015,low
6c5796f5-af77-47f7-b2b9-a40d4c8d6aa1,charleston-battery,-79.942071,32.786613,3.0,1,0.5,False,0.015,low
f714d5b6-459c-4267-b83b-02750878218d,charleston-battery,-79.941944,32.786673,9.0,1,0.5,False,0.015,low
243bbe2f-c8c9-478e-bd40-9bbdd2a8a742,charleston-battery,-79.941815,32.786804,12.0,1,0.5,False,0.015,low
6fa18862-0a68-4818-aac9-c517475dcfe0,charleston-battery,-79.942062,32.787207,9.0,4,3.5,False,0.105,low
e9ae82a3-e922-4f16-be37-a79b15ba75b2,charleston-battery,-79.941932,32.78725,9.0,2,1.5,False,0.045,low
73bb1773-d83a-4479-9366-759a69004b9e,charleston-battery,-79.941541,32.786948,10.0,1,0.5,False,0.015,low
7dbf37e6-b897-4786-9f52-7b630222e65a,charleston-battery,-79.941631,32.786946,10.0,2,1.5,False,0.045,low
71b59def-04db-4591-bb81-1916b99b1408,charleston-battery,-79.94165,32.786816,10.0,1,0.5,False,0.015,low
7aa377ac-3424-4de7-bb22-401ed1e1acde,charleston-battery,-79.941421,32.786766,8.0,0,0.0,False,0.0,none
d64a7d1c-9843-42ad-b60c-aeb18b71bcf3,charleston-battery,-79.941338,32.786911,7.0,0,0.0,False,0.0,none
1f24be7d-cffa-4feb-b8f0-58d75826d16f,charleston-battery,-79.941307,32.787047,9.0,1,0.5,False,0.015,low
9eff00ed-98ad-4b10-a370-d8d5397e7eb8,charleston-battery,-79.941196,32.787065,8.0,0,0.0,False,0.0,none
35f6ff9e-73e4-4bf9-8203-ad62dd3ce64d,charleston-battery,-79.940994,32.787157,13.0,0,0.0,False,0.0,none
85cdbbb2-6be8-4798-a5ef-40d0dd432617,charleston-battery,-79.940989,32.786582,8.0,0,0.0,False,0.0,none
fe71eb57-5465-4d18-95a7-2ee05d50a7cb,charleston-battery,-79.941099,32.786468,11.0,0,0.0,False,0.0,none
8ae91424-b051-439e-ace3-e06013b9a81e,charleston-battery,-79.9412,32.786661,4.0,0,0.0,False,0.0,none
83ad02c7-99d2-4b87-a670-8c3a1a2f153f,charleston-battery,-79.941466,32.786659,3.0,1,0.5,False,0.015,low
073ec132-0a95-4478-b803-4329dd4fcbca,charleston-battery,-79.941422,32.78666,3.0,1,0.5,False,0.015,low
1c3f06b1-b72d-4e3e-b67c-20ebfeb314e9,charleston-battery,-79.94127,32.786446,8.0,0,0.0,False,0.0,none
425b7c53-e5d0-463e-893e-f9f2ec21e11a,charleston-battery,-79.941417,32.786357,11.0,1,0.5,False,0.015,low
f60411d4-57f1-4f1e-b7a2-4b7f9e5758a0,charleston-battery,-79.940957,32.786432,10.0,0,0.0,False,0.0,none
5b246d9b-04a6-4021-8d56-db3c6ba25dc7,charleston-battery,-79.940638,32.786206,10.0,1,0.5,False,0.015,low
ce998ed3-6584-499a-8cc8-f633d3c505ef,charleston-battery,-79.94069,32.786614,12.0,0,0.0,False,0.0,none
2f5c3756-eef8-4443-93b8-f632d3afcbc4,charleston-battery,-79.940636,32.786513,10.0,0,0.0,False,0.0,none
96211887-7a58-4b7a-91cd-677b2a737b5a,charleston-battery,-79.940469,32.7863,13.0,1,0.5,False,0.015,low
bfa0a113-6b0d-44e9-8943-5f86de219c58,charleston-battery,-79.940414,32.786161,9.0,1,0.5,False,0.015,low
5db6b827-db68-4288-8d4b-d7082ad04d5a,charleston-battery,-79.940117,32.786347,10.0,1,0.5,False,0.015,low
82be640c-ff43-43dc-9dfe-6f7c4213904b,charleston-battery,-79.940051,32.786205,8.0,1,0.5,False,0.015,low
10efff63-d2ea-483c-b5b3-4c800a79a097,charleston-battery,-79.939771,32.786371,11.0,0,0.0,False,0.0,none
bb53bb5f-ae8d-41ef-920b-5278cbe131bc,charleston-battery,-79.939929,32.786308,12.0,0,0.0,False,0.0,none
c21e65e0-8a09-4ba4-95dc-232e151563d1,charleston-battery,-79.940266,32.786987,21.0,0,0.0,False,0.0,none
e461c6c1-ecbb-48b9-80b1-5801d195c87f,charleston-battery,-79.93993,32.786783,11.0,0,0.0,False,0.0,none
2ff6dab1-2b97-4d46-9d01-e1ceddfb24d8,charleston-battery,-79.939821,32.786876,4.0,0,0.0,False,0.0,none
78006dd3-c3ff-4daa-bd58-e8f4cac0f009,charleston-battery,-79.939819,32.786975,4.0,0,0.0,False,0.0,none
75b25333-cd16-413f-ae0a-3b1e65903eea,charleston-battery,-79.939844,32.787131,2.0,0,0.0,False,0.0,none
fd58f6fa-8d12-4b25-bb87-05c0b353c1fd,charleston-battery,-79.939834,32.787255,3.0,0,0.0,False,0.0,none
ff3f2aa1-1239-41c3-b777-e5b09e1f5f4d,charleston-battery,-79.939908,32.78724,3.0,0,0.0,False,0.0,none
0a5beac4-0114-4b7a-bcf6-8f666d4271eb,charleston-battery,-79.939886,32.787203,3.0,0,0.0,False,0.0,none
e4408d43-5d97-4584-9aad-af520f3d3386,charleston-battery,-79.940319,32.787253,2.0,0,0.0,False,0.0,none
8d38e0e7-50b2-4cbc-b44d-81b55cb44ba9,charleston-battery,-79.940803,32.786758,10.0,0,0.0,False,0.0,none
b63f662f-e2ba-4f95-b1e9-c829fe67b8b4,charleston-battery,-79.940624,32.78717,5.0,0,0.0,False,0.0,none
13fe09cc-1d36-4fc2-90f1-5674c9df0124,charleston-battery,-79.940765,32.787506,9.0,0,0.0,False,0.0,none
cb8780cc-d2c6-4c8b-9d54-2483960724a1,charleston-battery,-79.940847,32.787627,8.0,0,0.0,False,0.0,none
e4a3ca5b-cef2-4d73-b785-357e5dae158c,charleston-battery,-79.940807,32.787574,8.0,0,0.0,False,0.0,none
04858159-7103-4f57-a49d-86a0ddb54e0a,charleston-battery,-79.940881,32.787684,10.0,0,0.0,False,0.0,none
e6a26195-fa12-4ad0-9c01-7bb11487850a,charleston-battery,-79.94054,32.787805,8.0,0,0.0,False,0.0,none
2a2a618c-e990-4e6a-8cf9-1d64c4c7609b,charleston-battery,-79.940412,32.787603,8.0,0,0.0,False,0.0,none
92f1c523-9d65-43f2-a760-cde07d0573e1,charleston-battery,-79.94031,32.787595,9.0,0,0.0,False,0.0,none
8278bdcf-f918-49b9-bf09-d1ac6c705f69,charleston-battery,-79.940489,32.787555,9.0,0,0.0,False,0.0,none
6011601f-7935-40ca-b0dc-be39578d768c,charleston-battery,-79.940588,32.787537,9.0,0,0.0,False,0.0,none
bb33e61d-cdae-4a7d-b099-4356a2e5a0a9,charleston-battery,-79.939889,32.787684,8.0,0,0.0,False,0.0,none
5e7dda30-3c0b-4e20-bef8-ee34b92deb70,charleston-battery,-79.939776,32.787713,8.0,0,0.0,False,0.0,none
18c02ad2-3c69-4b32-87d0-58131145c81c,charleston-battery,-79.94004,32.787702,9.0,0,0.0,False,0.0,none
e2672385-7d3f-4f25-8dcc-831377119226,charleston-battery,-79.940139,32.787684,9.0,0,0.0,False,0.0,none
833e8846-0ddd-44aa-bd44-bc2170badd2c,charleston-battery,-79.940229,32.787635,9.0,0,0.0,False,0.0,none
dc6813c8-eebe-418d-a21e-42989816b84e,charleston-battery,-79.939745,32.787951,9.0,0,0.0,False,0.0,none
ad3193d2-44ae-47bd-bc29-96c1f1730c74,charleston-battery,-79.939791,32.788038,9.0,0,0.0,False,0.0,none
988e0906-d2be-4d4d-82d9-3addde9a74ac,charleston-battery,-79.939896,32.788166,7.0,1,0.5,False,0.015,low
d41bcc3f-9663-45b7-af31-85971dcf12ce,charleston-battery,-79.939815,32.78819,2.0,1,0.5,False,0.015,low
bcfc310e-afac-43b2-a76e-1e6e9129424c,charleston-battery,-79.940296,32.788184,10.0,0,0.0,False,0.0,none
75a191e1-451b-4703-a93d-1d02d85cc995,charleston-battery,-79.940583,32.788162,8.0,0,0.0,False,0.0,none
94900ce8-ad79-4814-b930-875ded487bb6,charleston-battery,-79.940506,32.787931,10.0,0,0.0,False,0.0,none
67c9d3d2-263a-41fa-8cdd-67c894a7b11f,charleston-battery,-79.940607,32.788025,3.0,0,0.0,False,0.0,none
8208aa37-b791-4cd3-89cb-eb0caf048768,charleston-battery,-79.940731,32.787957,8.0,0,0.0,False,0.0,none
b3ec0917-b518-4d34-a6b8-3af6fbdfa12c,charleston-battery,-79.940812,32.788104,8.0,0,0.0,False,0.0,none
c82528a4-bcff-45b0-8f3b-fa2bfc14fde4,charleston-battery,-79.940871,32.78809,8.0,0,0.0,False,0.0,none
9e282ce6-26c4-42c7-bfc0-e25a28121408,charleston-battery,-79.940756,32.788124,8.0,0,0.0,False,0.0,none
1a1d6a89-7fc4-4e15-afee-65ecd6cd7343,charleston-battery,-79.940698,32.788133,8.0,0,0.0,False,0.0,none
0abd532a-8b94-4cb3-9ccd-3b6496a2038f,charleston-battery,-79.94064,32.788148,8.0,0,0.0,False,0.0,none
876171db-71e9-4e07-b776-1478f08a4a16,charleston-battery,-79.941287,32.788356,10.0,0,0.0,False,0.0,none
534157ae-4a9b-4d92-b134-b0c06b5873f6,charleston-battery,-79.941451,32.788027,8.0,0,0.0,False,0.0,none
be2b1ec7-9238-4f0a-b3ed-c1e2577ca562,charleston-battery,-79.941385,32.787945,7.0,0,0.0,False,0.0,none
62b6c0d2-76d6-447f-bf6d-8ae9a9f60536,charleston-battery,-79.941413,32.787868,12.0,0,0.0,False,0.0,none
85314fa6-5ea7-48e7-a7a9-bff0a303e72c,charleston-battery,-79.941073,32.788103,10.0,0,0.0,False,0.0,none
d9dfc6ba-b0cb-4cea-89e0-349dc8cba9f0,charleston-battery,-79.941033,32.788007,9.0,0,0.0,False,0.0,none
a3312e59-eaa7-4242-a9f9-ba231a8df431,charleston-battery,-79.940984,32.787952,8.0,0,0.0,False,0.0,none
54e9aa81-ea1d-484c-8f74-faea998bf4ff,charleston-battery,-79.940989,32.787884,7.0,0,0.0,False,0.0,none
d98706a5-06ee-48bf-9be3-af131acc4d5f,charleston-battery,-79.940946,32.787815,7.0,0,0.0,False,0.0,none
5ab6f607-07ab-4aa8-9141-5a775f52e846,charleston-battery,-79.940922,32.787763,10.0,0,0.0,False,0.0,none
334ced1d-c3e5-4fbc-8199-bc452071e897,charleston-battery,-79.941014,32.787408,9.0,0,0.0,False,0.0,none
c558d9a5-ec7a-4928-beed-0e30f4bebaa3,charleston-battery,-79.941107,32.787383,9.0,0,0.0,False,0.0,none
0fea8ffa-cfbf-4f86-a937-2eacc966c73c,charleston-battery,-79.941148,32.787526,11.0,0,0.0,False,0.0,none
f7f28008-bd8f-4ddf-a5c1-3d0882612214,charleston-battery,-79.941214,32.787385,9.0,1,0.5,False,0.015,low
06b1f060-7346-40cb-9863-ed3190d6f6c2,charleston-battery,-79.941293,32.787354,8.0,1,0.5,False,0.015,low
a6876c28-71ad-45a9-81ac-a5d1cf36e468,charleston-battery,-79.941377,32.78733,7.0,1,0.5,False,0.015,low
5a07dbab-f781-4486-a511-4f05c6eeb88f,charleston-battery,-79.941197,32.787622,11.0,0,0.0,False,0.0,none
7bcac90d-d665-4153-a294-d01eae91994f,charleston-battery,-79.941299,32.787788,9.0,0,0.0,False,0.0,none
23f5cce8-bdb8-4cba-ad9f-312818ba4e55,charleston-battery,-79.941599,32.787287,13.0,2,1.5,False,0.045,low
b9d65134-f17b-4dcf-8d52-c96e2b5826c3,charleston-battery,-79.941778,32.787282,12.0,2,1.5,False,0.045,low
3f8e9fd3-19b1-4e9d-9914-1fca244a4987,charleston-battery,-79.941872,32.787506,3.0,0,0.0,False,0.0,none
627b50d7-13a9-4ffa-86d0-03704ff51bb8,charleston-battery,-79.94194,32.787622,6.0,0,0.0,False,0.0,none
eae51f99-b88b-4f57-a7d2-263882fac867,charleston-battery,-79.941902,32.787847,11.0,0,0.0,False,0.0,none
225706f0-d976-4095-b466-b14f0719a524,charleston-battery,-79.941787,32.787888,11.0,0,0.0,False,0.0,none
56313c36-12d6-4e35-a3a1-af6fd9c9e12c,charleston-battery,-79.94164,32.787942,10.0,0,0.0,False,0.0,none
9502a27f-5b69-4b62-9f08-129e99e1db6f,charleston-battery,-79.941684,32.788383,8.0,0,0.0,False,0.0,none
0c4b9701-cfef-4475-808d-73eb685ca448,charleston-battery,-79.941656,32.788309,8.0,0,0.0,False,0.0,none
d98066bd-3028-412c-9fa4-ef586b8feb14,charleston-battery,-79.941884,32.788218,9.0,0,0.0,False,0.0,none
0f84d005-3ee7-4a0c-85dd-8fe94d4100c1,charleston-battery,-79.942011,32.78829,4.0,0,0.0,False,0.0,none
8dbae1c9-cf8f-44f3-a3dc-ca8a8797c59b,charleston-battery,-79.942266,32.788398,10.0,0,0.0,False,0.0,none
f3ce354f-bbde-4fa8-81b2-8b1b706eebb7,charleston-battery,-79.942231,32.788322,10.0,1,0.5,False,0.015,low
fe66d976-1136-4c0f-a2c1-df67f0849ad4,charleston-battery,-79.94208,32.788183,7.0,0,0.0,False,0.0,none
a737e2bd-fe93-491a-9571-fce6e0a17109,charleston-battery,-79.942146,32.788127,8.0,1,0.5,False,0.015,low
b10a2b1c-ddce-4284-85a7-c8647ba68b97,charleston-battery,-79.942082,32.787843,11.0,0,0.0,False,0.0,none
e8072a8e-b715-4181-a96b-e9a4f92b5834,charleston-battery,-79.942352,32.788089,9.0,1,0.5,False,0.015,low
62221335-ce1d-43a4-bf20-9272a473884e,charleston-battery,-79.942494,32.788067,9.0,1,0.5,False,0.015,low
bff3985f-1561-45df-8705-0e828af01e1e,charleston-battery,-79.942623,32.78802,9.0,2,1.5,False,0.045,low
7146dfdf-42bb-44e0-978a-1270a5a8f2bd,charleston-battery,-79.942449,32.788222,9.0,0,0.0,False,0.0,none
eacf74c5-4bfa-4467-beff-f517d3b86554,charleston-battery,-79.942521,32.788309,10.0,0,0.0,False,0.0,none
16e44bce-e2ef-45d2-972a-5e9abc53099d,charleston-battery,-79.942607,32.788387,10.0,0,0.0,False,0.0,none
eb586c59-1cdc-4879-836e-c1b518cb82e0,charleston-battery,-79.942762,32.78838,3.0,1,0.5,False,0.015,low
899bd6ba-d6e1-4952-bbc4-bfd4382a2f0d,charleston-battery,-79.942832,32.788253,9.0,1,0.5,False,0.015,low
14ad0f82-72a5-4748-9b29-6903cb91428a,charleston-battery,-79.942979,32.788314,10.0,0,0.0,False,0.0,none
cba9f02d-c462-4a10-9186-95b2d5d86e10,charleston-battery,-79.943101,32.788,8.0,1,0.5,False,0.015,low
277725b6-56f2-4cb5-858e-4c3fe889af07,charleston-battery,-79.943211,32.788107,8.0,1,0.5,False,0.015,low
facbb176-54b0-4d9f-a50e-04eb08c326e7,charleston-battery,-79.943265,32.788012,3.0,1,0.5,False,0.015,low
c5ef8203-7659-4709-a6f1-af23fd81f343,charleston-battery,-79.943169,32.787905,11.0,2,1.5,False,0.045,low
1ceafb3d-c7c9-40ad-b0bc-f71d34782b68,charleston-battery,-79.943042,32.78789,10.0,2,1.5,False,0.045,low
6fa27d02-39e8-499d-be33-2c696ce28f77,charleston-battery,-79.942871,32.788118,7.0,1,0.5,False,0.015,low
7d7d58d1-d6f8-4092-a11a-0dd0f3fbe1fe,charleston-battery,-79.942744,32.78797,10.0,2,1.5,False,0.045,low
aa14533e-3506-4423-978e-2113057fd68b,charleston-battery,-79.942687,32.787693,8.0,2,1.5,False,0.045,low
b7125f3e-215b-46d0-9057-b57e20e15628,charleston-battery,-79.942755,32.787614,2.0,2,1.5,False,0.045,low
31173edc-9b13-44a9-8824-a25c0e57cef3,charleston-battery,-79.942769,32.787692,4.0,2,1.5,False,0.045,low
d7546b66-9669-4548-8b9b-580b5c46f93f,charleston-battery,-79.942849,32.787615,10.0,2,1.5,False,0.045,low
8711ff82-e9c7-415c-ab78-ad20ce72bb83,charleston-battery,-79.942931,32.787591,3.0,2,1.5,False,0.045,low
3b9014f0-5496-4b24-a7a3-10b8d07564d5,charleston-battery,-79.943068,32.787563,13.0,1,0.5,False,0.015,low
22b351e3-0b54-4671-a331-d49edacba4a2,charleston-battery,-79.942886,32.787322,9.0,3,2.5,False,0.075,low
4acd2efb-f3f2-46f9-a908-662ce0b3b46c,charleston-battery,-79.942963,32.787402,12.0,3,2.5,False,0.075,low
6c2b8174-c6a9-4ade-86c0-aba1fa27b5bd,charleston-battery,-79.942538,32.787701,8.0,1,0.5,False,0.015,low
271f9215-c293-49bf-bde5-87ff58ccf3d5,charleston-battery,-79.942407,32.787627,8.0,0,0.0,False,0.0,none
94cf371a-571b-4267-8d3d-7bc3f5630dff,charleston-battery,-79.942289,32.787662,8.0,0,0.0,False,0.0,none
65b9cdf2-60ad-4d30-b467-202671e28cd2,charleston-battery,-79.942349,32.787645,8.0,0,0.0,False,0.0,none
321fec5a-d516-4f97-b4fa-f308746fac91,charleston-battery,-79.942168,32.787693,8.0,0,0.0,False,0.0,none
da453a7e-759f-444e-930b-365caa295a4c,charleston-battery,-79.942229,32.787679,8.0,0,0.0,False,0.0,none
b9632ac3-c368-4b87-a176-a9f0e990b347,charleston-battery,-79.942285,32.787383,3.0,4,3.5,False,0.105,low
5b78f850-d9c8-4ab8-bd43-2e6ac63c5fbd,charleston-battery,-79.942182,32.787172,7.0,5,4.5,False,0.135,low
6c28edb8-9c4f-4169-b49b-8e3ff93c043e,charleston-battery,-79.94232,32.787116,8.0,4,3.5,False,0.105,low
f1fbf741-a032-42f7-a69e-78428aff8096,charleston-battery,-79.942607,32.787054,13.0,4,3.5,False,0.105,low
8a6bb6b0-ffad-4337-a136-c92decfe6a84,charleston-battery,-79.942584,32.786732,11.0,5,4.5,False,0.135,low
9f6d6b80-813c-487b-9711-24be19a7ef66,charleston-battery,-79.94233,32.786741,11.0,3,2.5,False,0.075,low
b4a95a63-8d91-4743-9093-a3a2ea43910f,charleston-battery,-79.942194,32.786805,10.0,2,1.5,False,0.045,low
c816704c-0f84-432d-8cc7-6f8f113b7967,charleston-battery,-79.942118,32.786641,3.0,1,0.5,False,0.015,low
b611b4c2-e27c-464f-be8e-68cb31e2a79b,charleston-battery,-79.942332,32.786586,7.0,2,1.5,False,0.045,low
6953bc4e-7c45-4ef9-a9fc-2cbf40af7d6c,charleston-battery,-79.942128,32.786571,3.0,1,0.5,False,0.015,low
12cacbc3-c3f0-4443-b15b-0e0775744efc,charleston-battery,-79.942111,32.786509,2.0,1,0.5,False,0.015,low
0c527852-d5c6-4d3e-834d-1500e0b8c1eb,outer-banks-nags-head,-75.624541,35.941005,4.300833225250244,3,2.5,False,0.075,low
50136f4f-a8b3-41c1-b631-386456aeaef1,outer-banks-nags-head,-75.624434,35.940845,4.870104789733887,1,0.5,False,0.015,low
c1cbe3d7-895d-4964-880f-e9bdb9b7dccc,outer-banks-nags-head,-75.624361,35.940698,4.833063125610352,2,1.5,False,0.045,low
0c1f17fc-a50a-4ddb-b620-d181d57ba3ab,outer-banks-nags-head,-75.624264,35.94054,5.348564624786377,3,2.5,False,0.075,low
c31bbe94-a200-4067-ae1a-fc691365cb96,outer-banks-nags-head,-75.623778,35.939538,5.545263290405273,2,1.5,False,0.045,low
3ccc4a9d-6cab-415e-b9d6-ddfa93a3c5d5,outer-banks-nags-head,-75.624025,35.940053,5.053126335144043,1,0.5,False,0.015,low
4eb21c98-7012-405f-a324-ad45d1e392a4,outer-banks-nags-head,-75.624096,35.940216,4.6523919105529785,1,0.5,False,0.015,low
86153594-b7cd-4048-8283-016ee756a3d4,outer-banks-nags-head,-75.623964,35.941052,6.4184441566467285,1,0.5,False,0.015,low
27c14cf1-fd40-4390-afab-b54c27416592,outer-banks-nags-head,-75.623868,35.940898,6.240528106689453,1,0.5,False,0.015,low
43f1fa43-143d-4a81-80e6-26ad0b8e9ce2,outer-banks-nags-head,-75.623777,35.940759,5.5361151695251465,1,0.5,False,0.015,low
68dbd9e7-30f5-4810-bc6d-a84d6c91b07b,outer-banks-nags-head,-75.623962,35.9399,4.510591983795166,1,0.5,False,0.015,low
5e7ba70f-7f37-4083-87b8-13c3f1d1c643,outer-banks-nags-head,-75.623838,35.939685,5.539823055267334,0,0.0,False,0.0,none
b44f7dda-929e-4580-9e8f-f2d0a7db3910,outer-banks-nags-head,-75.6235,35.940324,6.2890825271606445,1,0.5,False,0.015,low
215e73cb-e837-472d-af58-0f99dc2af16c,outer-banks-nags-head,-75.623594,35.940459,5.986701011657715,1,0.5,False,0.015,low
1a41d615-e55d-4237-b16e-ab82a9004afb,outer-banks-nags-head,-75.623634,35.940638,5.7654523849487305,1,0.5,False,0.015,low
c66bf926-dc23-40e5-b3ec-ffd6202ebf43,outer-banks-nags-head,-75.62366,35.940815,2.274509906768799,2,1.5,False,0.045,low
f156390d-6f9e-494f-8e11-ad2cf3eac6d5,outer-banks-nags-head,-75.623225,35.941091,5.636684417724609,2,1.5,False,0.045,low
13347d8e-fd54-457a-88d7-888bc4a66333,outer-banks-nags-head,-75.623162,35.940954,5.816513538360596,2,1.5,False,0.045,low
69c804e0-ce63-42ce-b988-8b413c0ff329,outer-banks-nags-head,-75.623371,35.940173,3.364096164703369,1,0.5,False,0.015,low
a436cdcb-0a4b-4c4f-bbfa-277f578b36bc,outer-banks-nags-head,-75.623317,35.940024,5.1695380210876465,0,0.0,False,0.0,none
6c49509f-5267-40b1-93b6-e98f08ae1f29,outer-banks-nags-head,-75.623274,35.939859,5.353925704956055,0,0.0,False,0.0,none
2e16cec6-0051-4b59-8252-59c22f460251,outer-banks-nags-head,-75.623191,35.93971,5.838134288787842,1,0.5,False,0.015,low
44fe714b-0c87-4d0d-9420-512e0fabcf89,outer-banks-nags-head,-75.623693,35.939382,4.539825439453125,2,1.5,False,0.045,low
b14b89f6-6777-4a12-a8eb-07cb82a27557,outer-banks-nags-head,-75.623599,35.939194,6.512612819671631,1,0.5,False,0.015,low
957f8cd6-b6d9-41bd-91fa-d5039ff07e92,outer-banks-nags-head,-75.623484,35.939052,4.813040256500244,0,0.0,False,0.0,none
fd88313b-6f1e-4680-a9ab-2cc6b0fed2df,outer-banks-nags-head,-75.623388,35.93887,3.5500781536102295,1,0.5,False,0.015,low
f4b18a28-fe82-4be5-a10b-81765e66b49b,outer-banks-nags-head,-75.623324,35.93872,3.249171018600464,2,1.5,False,0.045,low
2c1aaca3-5626-4bca-9cfb-68599e701022,outer-banks-nags-head,-75.623202,35.93858,6.038076877593994,1,0.5,False,0.015,low
3c6c27cb-f739-4e08-abeb-6d55dd5fe2cf,outer-banks-nags-head,-75.623102,35.938418,3.6768581867218018,0,0.0,False,0.0,none
47ef3fc5-ecc4-43ae-b329-473a7b57f8db,outer-banks-nags-head,-75.622686,35.938727,5.283140659332275,0,0.0,False,0.0,none
5b86fdd4-0039-4a62-b231-fd99865390d8,outer-banks-nags-head,-75.622766,35.938898,5.358640670776367,0,0.0,False,0.0,none
af14bf7b-4b56-454a-a884-aa210e978b2a,outer-banks-nags-head,-75.622819,35.939046,5.7272725105285645,1,0.5,False,0.015,low
cd62cbc4-46df-46da-a4c7-2a920167f021,outer-banks-nags-head,-75.623001,35.939356,5.04976224899292,0,0.0,False,0.0,none
bf5809e8-bf8c-477f-aec5-c5769a944a7e,outer-banks-nags-head,-75.622907,35.939202,4.1951093673706055,2,1.5,False,0.045,low
aef254e5-e4dc-4fdf-bef7-7e0670ff8955,outer-banks-nags-head,-75.623084,35.939561,5.841311931610107,0,0.0,False,0.0,none
c687ff0f-a070-4545-93d3-1784d7a7480f,outer-banks-nags-head,-75.62306,35.940784,5.645938396453857,3,2.5,False,0.075,low
fcb08f4f-180a-4b91-b635-a308fc62e4c1,outer-banks-nags-head,-75.622934,35.94066,5.7200798988342285,2,1.5,False,0.045,low
a755ebb3-f1a3-4c0b-91bf-ac27898d602e,outer-banks-nags-head,-75.622897,35.940503,3.765230417251587,2,1.5,False,0.045,low
a3902d01-5c28-4e24-963f-b4b1d94c2eb9,outer-banks-nags-head,-75.622679,35.94015,3.1499783992767334,2,1.5,False,0.045,low
9a0ac761-f373-4171-8459-a29564980ac3,outer-banks-nags-head,-75.622816,35.940371,2.9094767570495605,2,1.5,False,0.045,low
c23938d5-4f5f-4c3a-a97e-916eeb94a3a9,outer-banks-nags-head,-75.622638,35.939974,3.4073522090911865,1,0.5,False,0.015,low
55065e63-3b2a-4863-ac91-9f8a1a04a699,outer-banks-nags-head,-75.622563,35.939833,6.00463342666626,1,0.5,False,0.015,low
c5a4cabc-5a8b-468d-9c2e-b8b4650872d8,outer-banks-nags-head,-75.62247,35.939673,5.318583965301514,0,0.0,False,0.0,none
317162f9-f663-45cb-b908-a9df8413e2af,outer-banks-nags-head,-75.622436,35.9409,4.396976947784424,0,0.0,False,0.0,none
9a8b0668-95a3-40eb-9c99-643e34162785,outer-banks-nags-head,-75.622363,35.940763,5.121212005615234,1,0.5,False,0.015,low
43e93923-44c7-471e-8699-a26911c6a04e,outer-banks-nags-head,-75.622301,35.940565,3.892733573913574,1,0.5,False,0.015,low
e3287a23-8e65-4af6-b716-d011a747fd3e,outer-banks-nags-head,-75.622087,35.940209,3.759425401687622,2,1.5,False,0.045,low
df4e9242-62fb-4bdf-ad4a-5da66231fc8d,outer-banks-nags-head,-75.622116,35.939004,5.698450565338135,0,0.0,False,0.0,none
030e641b-a0c5-4365-b9ab-a44679891218,outer-banks-nags-head,-75.62223,35.939208,6.256371974945068,2,1.5,False,0.045,low
1cdfe6fe-5b3c-486f-a519-97bd933b0154,outer-banks-nags-head,-75.622292,35.939391,4.624846935272217,0,0.0,False,0.0,none
89a88704-2e7a-42b1-8d0f-a662e5b440e3,outer-banks-nags-head,-75.622559,35.938524,4.865860462188721,0,0.0,False,0.0,none
a7de8ae4-3395-43ce-9a38-9f9ecd63d89a,outer-banks-nags-head,-75.622423,35.938347,4.093514442443848,1,0.5,False,0.015,low
4145dc11-58d0-4523-9363-de1105efd6fe,outer-banks-nags-head,-75.622194,35.937969,4.3585944175720215,1,0.5,False,0.015,low
9d2596e2-45ec-40c9-b092-69eaff50ee37,outer-banks-nags-head,-75.622329,35.938174,4.216931343078613,2,1.5,False,0.045,low
1e5e5b2c-6b54-4c5b-801f-4e1b6c56f432,outer-banks-nags-head,-75.622296,35.936845,,0,0.0,False,0.0,none
c44378b7-0370-41bb-b820-3b3c24b82a4a,outer-banks-nags-head,-75.622325,35.937113,5.814230918884277,0,0.0,False,0.0,none
a4dc380f-bd69-493b-8d22-561d12a07379,outer-banks-nags-head,-75.622436,35.937302,4.51811408996582,0,0.0,False,0.0,none
56910569-8f86-42bc-af04-fe5a3a0764ae,outer-banks-nags-head,-75.62253,35.93749,4.403027057647705,2,1.5,False,0.045,low
e7dde363-67c9-4f2f-88a1-f0016ddaac73,outer-banks-nags-head,-75.622676,35.937695,5.311514377593994,1,0.5,False,0.015,low
6e50148d-5619-4643-8a19-6865ca9409d1,outer-banks-nags-head,-75.622777,35.937859,5.4417572021484375,0,0.0,False,0.0,none
a15664e5-9eff-4dad-b6ae-217f3ce31ec6,outer-banks-nags-head,-75.622893,35.938027,4.97896671295166,0,0.0,False,0.0,none
a4001ad1-4290-4e5d-b6ad-f8de09bebddc,outer-banks-nags-head,-75.623009,35.938217,5.699075698852539,0,0.0,False,0.0,none
0f3fdc5a-17c0-4e74-84bb-14b7819d4ddd,outer-banks-nags-head,-75.619999,35.935004,6.739192485809326,3,2.5,False,0.075,low
a86ccb8f-474f-4c5a-b5ae-fc2465b8f068,outer-banks-nags-head,-75.620346,35.935254,6.322276592254639,2,1.5,False,0.045,low
59095cd3-a494-4e47-bb13-b13193e59b97,outer-banks-nags-head,-75.622073,35.936774,2.354285717010498,0,0.0,False,0.0,none
1882ff02-486e-493d-b862-fac9a78cac95,outer-banks-nags-head,-75.621097,35.936391,6.7056474685668945,4,3.5,False,0.105,low
efcdf20a-895f-424d-8641-2df183a85915,outer-banks-nags-head,-75.621247,35.937847,5.661306381225586,1,0.5,False,0.015,low
8e7cbe9d-c58f-4bf7-87a5-0be36545b017,outer-banks-nags-head,-75.621104,35.937992,5.609731197357178,0,0.0,False,0.0,none
b5ab2231-f5b5-493c-bcca-66a4f085103f,outer-banks-nags-head,-75.621371,35.937653,4.349903583526611,0,0.0,False,0.0,none
d2a768e2-f20c-4082-9f4d-39aed27b801b,outer-banks-nags-head,-75.621689,35.938176,5.680026054382324,2,1.5,False,0.045,low
263c8d54-7cd7-4409-92bf-d4d387f14c93,outer-banks-nags-head,-75.621556,35.937552,5.779654502868652,0,0.0,False,0.0,none
70764161-d930-42ff-ad77-2b3ac9658566,outer-banks-nags-head,-75.621649,35.937209,5.232361793518066,1,0.5,False,0.015,low
f9efaafc-862f-47ac-9ef8-4056aebf1baa,outer-banks-nags-head,-75.621748,35.93731,5.377963066101074,0,0.0,False,0.0,none
c6f353dc-463b-41af-9c21-bc94ec4946d0,outer-banks-nags-head,-75.621884,35.937469,5.764071464538574,2,1.5,False,0.045,low
595821e8-36fa-4dd2-9118-d83eedb8768b,outer-banks-nags-head,-75.621982,35.937632,4.2228827476501465,1,0.5,False,0.015,low
6737e57c-a980-4203-86b1-0f97bcb60dcc,outer-banks-nags-head,-75.621992,35.938775,5.980669021606445,2,1.5,False,0.045,low
424caa1c-733a-41ff-9f05-ec8ce5a2dd52,outer-banks-nags-head,-75.621903,35.938538,4.418010711669922,2,1.5,False,0.045,low
d0fc2167-928b-4166-bff5-df433a513a44,outer-banks-nags-head,-75.621801,35.938354,,2,1.5,False,0.045,low
0a591e38-3e2b-4e65-bde9-e06e0490d3f3,outer-banks-nags-head,-75.621552,35.93915,,0,0.0,False,0.0,none
c908734e-35d5-499a-a7e5-c420ba719013,outer-banks-nags-head,-75.621636,35.939358,4.432497501373291,0,0.0,False,0.0,none
67019367-9422-499f-8496-28f30a3d02d0,outer-banks-nags-head,-75.621749,35.939553,8.659492492675781,0,0.0,False,0.0,none
6e387275-1002-4ac2-b9cd-49466bcba201,outer-banks-nags-head,-75.621855,35.939716,5.256521701812744,0,0.0,False,0.0,none
1f979d72-41c7-4ea8-b66b-4d51ee49165f,outer-banks-nags-head,-75.621924,35.939882,4.499850749969482,0,0.0,False,0.0,none
279d25bf-db8b-4f9d-b65e-1211f1960082,outer-banks-nags-head,-75.621863,35.940991,4.75323486328125,2,1.5,False,0.045,low
7510561e-f001-4ed9-8e4b-470cbd5111d4,outer-banks-nags-head,-75.621591,35.94093,5.437733173370361,2,1.5,False,0.045,low
6384dd67-8016-4eec-9cc4-6be909bbe477,outer-banks-nags-head,-75.621586,35.940495,,4,3.5,False,0.105,low
b2fbe058-958d-4bd0-96a6-25e667fe2b74,outer-banks-nags-head,-75.621561,35.939933,4.089174270629883,1,0.5,False,0.015,low
58a31123-737f-4745-946c-07cdedb84fbc,outer-banks-nags-head,-75.621323,35.939992,4.5966386795043945,1,0.5,False,0.015,low
e38629e8-543e-43e7-8c55-1deefe4eb46a,outer-banks-nags-head,-75.621359,35.941082,6.226687908172607,1,0.5,False,0.015,low
d9340d7b-d409-4af2-8b7f-e34ab1d770be,outer-banks-nags-head,-75.621348,35.940531,5.157232761383057,4,3.5,False,0.105,low
70906558-baff-4fdd-bb8b-4b7e2f413d42,outer-banks-nags-head,-75.621125,35.940642,5.54581880569458,4,3.5,False,0.105,low
3ba25b15-c049-4685-afc1-d3784579ecfb,outer-banks-nags-head,-75.621093,35.940107,4.605207443237305,0,0.0,False,0.0,none
3b960dcf-d4d4-4fa8-92c7-b3b8051c0fc7,outer-banks-nags-head,-75.621101,35.939259,4.413393020629883,0,0.0,False,0.0,none
afc77db2-2521-47bb-b1f1-b3cc7ad25afd,outer-banks-nags-head,-75.621244,35.939461,4.710112571716309,0,0.0,False,0.0,none
29b74e15-5c95-402d-9562-bbaf44fb7128,outer-banks-nags-head,-75.621352,35.939658,4.423651218414307,0,0.0,False,0.0,none
e9b89686-4f19-4825-9253-44d025c0a285,outer-banks-nags-head,-75.621448,35.938957,4.26085090637207,0,0.0,False,0.0,none
af24c068-da42-49fe-9ddc-0fb1fe0b66bd,outer-banks-nags-head,-75.62136,35.938776,5.888302803039551,0,0.0,False,0.0,none
5d77e334-e09b-41d3-a4e6-cfe8d275b40a,outer-banks-nags-head,-75.620971,35.938922,6.6058549880981445,0,0.0,False,0.0,none
da4a258e-19a7-4c4d-b2c7-4b80549f2567,outer-banks-nags-head,-75.620752,35.938269,5.554337978363037,0,0.0,False,0.0,none
48dc860e-29e2-4560-8094-f79fc5b38feb,outer-banks-nags-head,-75.620627,35.938485,6.190079689025879,0,0.0,False,0.0,none
f9a1bfaf-9d20-4bfc-92c1-674bad0f0105,outer-banks-nags-head,-75.620542,35.938628,5.438885688781738,0,0.0,False,0.0,none
60efd20a-c2fa-4a70-aed1-443b3ca895f6,outer-banks-nags-head,-75.620689,35.939227,4.899061679840088,0,0.0,False,0.0,none
8ba7782e-0199-461e-ba5e-7a6358b21900,outer-banks-nags-head,-75.620848,35.939063,5.323178291320801,0,0.0,False,0.0,none
245d7e2f-c90d-4b0d-b379-582ecf9e7425,outer-banks-nags-head,-75.620893,35.940229,5.308995246887207,0,0.0,False,0.0,none
2cab1917-7f98-45e6-8c77-8104e57bfb14,outer-banks-nags-head,-75.620891,35.940689,5.216557025909424,6,5.5,False,0.165,low
f1a9a68d-5ed1-4629-98a0-d56ec2ea9f3a,outer-banks-nags-head,-75.620699,35.940809,5.3355584144592285,4,3.5,False,0.105,low
2b8ef350-1f02-4127-bbba-84cb9e783c43,outer-banks-nags-head,-75.620465,35.940903,5.240751266479492,4,3.5,False,0.105,low
d66e4aec-3c4a-4e53-876a-272c19b120eb,outer-banks-nags-head,-75.620498,35.940341,4.803023338317871,0,0.0,False,0.0,none
38d106e9-b2e4-4057-b3ff-6fd443b99cf1,outer-banks-nags-head,-75.620636,35.940221,5.10317850112915,1,0.5,False,0.015,low
ebada64f-edd0-4ae1-8492-3ebb9df61568,outer-banks-nags-head,-75.620502,35.93993,4.837705135345459,0,0.0,False,0.0,none
abf4056b-2fd9-4dbb-8e88-de541088001f,outer-banks-nags-head,-75.6203,35.93967,5.4906392097473145,0,0.0,False,0.0,none
914d8928-792e-4328-8ef0-6e4610460ae0,outer-banks-nags-head,-75.62028,35.94045,5.2308030128479,0,0.0,False,0.0,none
adf526da-089b-4ab0-852c-a8ad80297326,outer-banks-nags-head,-75.619923,35.940097,4.868525981903076,0,0.0,False,0.0,none
ace1736c-3cde-45e6-b40f-7881ca0c5f43,outer-banks-nags-head,-75.620133,35.940307,5.946310997009277,0,0.0,False,0.0,none
65885ea5-2245-4a01-a14d-cd5b7dcd41bc,outer-banks-nags-head,-75.620043,35.939945,5.355932235717773,0,0.0,False,0.0,none
3525ee88-0fca-4847-9b47-f217fe28aec0,outer-banks-nags-head,-75.62015,35.939812,5.328271865844727,0,0.0,False,0.0,none
708d2d88-baa6-420f-b452-dfa593d4859e,outer-banks-nags-head,-75.620017,35.939157,6.498671054840088,0,0.0,False,0.0,none
ea9e8b56-1b3a-42dd-8599-3a436138c3ce,outer-banks-nags-head,-75.620406,35.939521,5.2441487312316895,0,0.0,False,0.0,none
ab3a3d3d-95ef-4cd9-8b99-a9ed1852b621,outer-banks-nags-head,-75.620205,35.938974,4.343198299407959,0,0.0,False,0.0,none
26884c72-ae68-42ff-a328-bba195b0521c,outer-banks-nags-head,-75.620364,35.938812,6.264091968536377,0,0.0,False,0.0,none
7dfcb6c6-e566-4306-ba8d-cc76d0b79192,outer-banks-nags-head,-75.62043,35.93684,6.239161968231201,0,0.0,False,0.0,none
5e53d52f-3987-49d5-b382-f15f7bcbe229,outer-banks-nags-head,-75.620959,35.938164,6.030625820159912,0,0.0,False,0.0,none
228d3e50-8b65-425b-9332-2be22f13fb94,outer-banks-nags-head,-75.620935,35.936173,6.8271484375,2,1.5,False,0.045,low
8863cf05-c4e5-404f-beb6-2b667f3a7c78,outer-banks-nags-head,-75.620764,35.935918,7.355576515197754,3,2.5,False,0.075,low
31da2144-5caa-46ca-b702-abb8bf759146,outer-banks-nags-head,-75.620607,35.93566,7.069592475891113,1,0.5,False,0.015,low
e0d8a440-9bdc-45fa-b038-83a2223a32e8,outer-banks-nags-head,-75.620533,35.935505,7.87962532043457,2,1.5,False,0.045,low
166f25e5-90c5-4340-a964-6e7371e40aca,outer-banks-nags-head,-75.619761,35.93661,6.422145366668701,0,0.0,False,0.0,none
3d67ceae-50b0-47b0-a861-733b68164c39,outer-banks-nags-head,-75.619754,35.936776,6.233962059020996,0,0.0,False,0.0,none
55417a72-1c00-4fff-a4f7-d4fad29f5484,outer-banks-nags-head,-75.619674,35.936446,6.7300920486450195,0,0.0,False,0.0,none
9f94a939-bd6e-4236-aa97-028b1bdc2480,outer-banks-nags-head,-75.619748,35.93643,4.7959184646606445,0,0.0,False,0.0,none
6cac831a-3d07-41ca-a56f-aee18d7006cd,outer-banks-nags-head,-75.619563,35.936137,5.925797462463379,0,0.0,False,0.0,none
09fcecc4-8e4e-4671-9074-73dcfc4765ba,outer-banks-nags-head,-75.619624,35.936301,6.119912147521973,0,0.0,False,0.0,none
724211a2-8d01-4d52-a399-29b43100efd2,outer-banks-nags-head,-75.619595,35.936448,5.08562707901001,0,0.0,False,0.0,none
7a58e965-115e-443b-be5a-d06eeeb0c337,outer-banks-nags-head,-75.619426,35.936009,5.29455041885376,0,0.0,False,0.0,none
1111a0b7-2839-4e9d-bb12-cb7994aa6dd8,outer-banks-nags-head,-75.619308,35.935883,5.698374271392822,0,0.0,False,0.0,none
02b6be1d-87e5-4c77-a420-e68cce258ccb,outer-banks-nags-head,-75.619222,35.935772,5.656516075134277,0,0.0,False,0.0,none
a5d1d414-0af2-4b22-bdff-c264836c2886,outer-banks-nags-head,-75.619093,35.935635,5.591658115386963,0,0.0,False,0.0,none
c2e2147a-1fd3-4d7d-a3c7-ed37a8ca0c35,outer-banks-nags-head,-75.618915,35.935513,6.70073938369751,0,0.0,False,0.0,none
7f0d3e1a-bbbe-47a5-bcc9-3ab31e141bfe,outer-banks-nags-head,-75.619762,35.937461,6.258620738983154,0,0.0,False,0.0,none
9f63727c-dce9-4a06-a0d0-009e11b7c6cd,outer-banks-nags-head,-75.619799,35.937099,6.330443859100342,0,0.0,False,0.0,none
cb0fcf44-8526-467d-8cba-33a1fdda3e6b,outer-banks-nags-head,-75.619797,35.936941,6.831660270690918,0,0.0,False,0.0,none
44ae40b9-8d97-4739-b0fc-cfd1b19bd59f,outer-banks-nags-head,-75.619793,35.937286,6.198921203613281,0,0.0,False,0.0,none
8b6dc8c5-4fc2-4e19-895d-c7ffb52d31df,outer-banks-nags-head,-75.619796,35.937678,6.858222484588623,0,0.0,False,0.0,none
fbde8f63-288f-4102-9716-e68c5859ef52,outer-banks-nags-head,-75.619615,35.939636,5.6842451095581055,0,0.0,False,0.0,none
d0bad651-8aa9-4eb9-8071-fb61911604df,outer-banks-nags-head,-75.619704,35.93948,5.425745964050293,0,0.0,False,0.0,none
09b4e648-2dc0-461c-a60a-9772b79a2186,outer-banks-nags-head,-75.619893,35.939304,5.582342147827148,0,0.0,False,0.0,none
dc0c0a60-f71e-48df-adac-a3c85435c900,outer-banks-nags-head,-75.619797,35.940232,5.638606071472168,0,0.0,False,0.0,none
2cc180ae-3e7f-45d6-8229-a90f23d88acc,outer-banks-nags-head,-75.61989,35.940887,4.900185585021973,0,0.0,False,0.0,none
dc281e62-980a-40df-b27e-361e546847dc,outer-banks-nags-head,-75.619761,35.940704,5.503685474395752,0,0.0,False,0.0,none
bb6034f4-05da-486e-8ac8-0a1aa30dce76,outer-banks-nags-head,-75.619567,35.940552,5.638484954833984,0,0.0,False,0.0,none
5bf47964-8370-4bdc-bf05-739850a9376f,outer-banks-nags-head,-75.619409,35.940649,5.349430084228516,0,0.0,False,0.0,none
507f7fd8-d051-4a75-bfe3-23b3b6cd9150,outer-banks-nags-head,-75.619433,35.939795,6.395734786987305,0,0.0,False,0.0,none
c396476f-1216-4fd4-9504-2883ce7ac485,outer-banks-nags-head,-75.619296,35.939976,5.9189653396606445,0,0.0,False,0.0,none
ad4626bc-1f8c-49ce-890a-110d264742d9,outer-banks-nags-head,-75.619164,35.940105,5.379960060119629,0,0.0,False,0.0,none
e8e56e95-363b-43f4-8022-3966f7e40463,outer-banks-nags-head,-75.619344,35.941075,5.638983249664307,0,0.0,False,0.0,none
00886472-175f-4f7e-8d04-a4bd4ec2d843,outer-banks-nags-head,-75.619265,35.940815,5.2191162109375,1,0.5,False,0.015,low
4e5f6662-aca2-42de-9145-6b7f685e0773,outer-banks-nags-head,-75.618895,35.940398,5.006457328796387,0,0.0,False,0.0,none
a1ae51f8-8bfe-48e5-90ff-98d914e3439a,outer-banks-nags-head,-75.619056,35.940233,5.637907028198242,0,0.0,False,0.0,none
281c92a0-5c33-4731-a8df-c0a5f71ecf36,outer-banks-nags-head,-75.619363,35.93871,0.48615384101867676,0,0.0,False,0.0,none
fcb7f8e6-a736-4d3c-a7b4-a35c1e17bcb2,outer-banks-nags-head,-75.618715,35.938327,6.334500789642334,0,0.0,False,0.0,none
e2ca83c1-56f4-4ea6-b647-a7f881844380,outer-banks-nags-head,-75.618759,35.94052,5.707369327545166,0,0.0,False,0.0,none
9b37db35-087d-4b7d-b45a-2c065e359c4f,outer-banks-nags-head,-75.618707,35.941085,5.601360321044922,0,0.0,False,0.0,none
01964a4c-64e8-4111-90b1-63dfcfdb3cc1,outer-banks-nags-head,-75.618579,35.940923,5.46422815322876,0,0.0,False,0.0,none
9842e396-691a-4f48-b09a-c3118b34aa09,outer-banks-nags-head,-75.618601,35.940702,5.354953765869141,0,0.0,False,0.0,none
3450393b-4ecd-460c-a56a-4abb85561955,outer-banks-nags-head,-75.617906,35.939798,6.69082498550415,0,0.0,False,0.0,none
6a1c6fb3-4c40-4651-8366-0f7c74d29904,outer-banks-nags-head,-75.617786,35.937299,1.0,0,0.0,False,0.0,none
20c9b825-497b-4c57-89fc-802598f8ac45,outer-banks-nags-head,-75.61786,35.937113,5.410175800323486,0,0.0,False,0.0,none
740ab235-161c-482c-9ace-ba59a2a03876,outer-banks-nags-head,-75.617885,35.936992,5.289896488189697,0,0.0,False,0.0,none
b77e2525-0f36-4b76-893f-bd3b8b8fd129,outer-banks-nags-head,-75.617961,35.936887,4.431702136993408,0,0.0,False,0.0,none
14c95573-cf34-4b42-92ec-5a3cd2761268,outer-banks-nags-head,-75.617864,35.937239,4.254002094268799,0,0.0,False,0.0,none
2bc47e9e-61cf-49c0-9350-4e7fedc481f1,outer-banks-nags-head,-75.618023,35.93727,4.677985191345215,0,0.0,False,0.0,none
beb76ffa-a9cb-44a1-9775-85f9a955bcae,outer-banks-nags-head,-75.618188,35.937296,4.151378631591797,0,0.0,False,0.0,none
1ed5aa52-fa64-4079-9208-bc05edf15794,outer-banks-nags-head,-75.61821,35.937734,5.7463555335998535,0,0.0,False,0.0,none
c4bc02ef-229a-441f-93ec-1fb44a09f93c,outer-banks-nags-head,-75.618163,35.93784,4.4641923904418945,0,0.0,False,0.0,none
04eca2e3-5e79-41f8-b93d-d328dad7735a,outer-banks-nags-head,-75.618261,35.937949,3.993309259414673,0,0.0,False,0.0,none
607ec341-3249-4747-b8f5-999a60745b62,outer-banks-nags-head,-75.618402,35.93799,6.306399345397949,0,0.0,False,0.0,none
ebb8e911-1e38-40e5-9509-57b65ffcf28f,outer-banks-nags-head,-75.618337,35.937626,4.384013652801514,0,0.0,False,0.0,none
7e373cc2-3ef9-426e-b238-d3b007db80fd,outer-banks-nags-head,-75.618423,35.937522,3.937913417816162,0,0.0,False,0.0,none
da839a21-71be-42cd-bc63-67788e04053e,outer-banks-nags-head,-75.618607,35.938124,7.207990646362305,0,0.0,False,0.0,none
e4e39aa3-89c8-4207-bfa3-57c6bbf20c7d,outer-banks-nags-head,-75.618566,35.938023,6.6113362312316895,0,0.0,False,0.0,none
6b8b31bb-d6b5-4555-a713-173befa1b233,outer-banks-nags-head,-75.618656,35.93822,6.985480785369873,0,0.0,False,0.0,none
7bfcd9f0-8567-48b0-ba01-1d9c7ace3ba5,outer-banks-nags-head,-75.618429,35.937416,4.723804473876953,0,0.0,False,0.0,none
7bd3c8e2-8cee-4117-b4fc-5bd0e82c8dda,outer-banks-nags-head,-75.618398,35.937296,4.960294723510742,0,0.0,False,0.0,none
178b82bf-69c0-46ff-9670-6c42d958567b,outer-banks-nags-head,-75.618777,35.935375,5.828873634338379,0,0.0,False,0.0,none
6fb5f788-8ccb-4f2a-a56e-90713f9bcedc,outer-banks-nags-head,-75.618193,35.936669,4.79054069519043,0,0.0,False,0.0,none
6e15ac26-32ab-4c2a-9592-24e436bbd9d5,outer-banks-nags-head,-75.618156,35.93656,6.353437900543213,0,0.0,False,0.0,none
829b07a9-7540-4982-b4ba-22c8ec4a8292,outer-banks-nags-head,-75.618059,35.936778,5.23911714553833,0,0.0,False,0.0,none
dfc6cd59-929e-4e0e-9a0f-d11e8756a5d0,outer-banks-nags-head,-75.618055,35.936471,5.740572929382324,0,0.0,False,0.0,none
ef6cb555-9405-4c8c-97f9-416efb106bf7,outer-banks-nags-head,-75.617869,35.936483,4.978785991668701,0,0.0,False,0.0,none
f1cb96fa-e59b-4e58-9574-2fac9a82860a,outer-banks-nags-head,-75.618155,35.934853,5.403874397277832,0,0.0,False,0.0,none
f33968c8-d414-4947-87ab-f6121c15148d,outer-banks-nags-head,-75.618012,35.93474,5.521077632904053,0,0.0,False,0.0,none
70beac74-bbd3-4b88-99f4-e99b90fbbc0d,outer-banks-nags-head,-75.618257,35.934202,5.7527055740356445,0,0.0,False,0.0,none
210a9ed8-455a-4ff2-865f-bb726eee2034,outer-banks-nags-head,-75.618223,35.933962,6.506451606750488,0,0.0,False,0.0,none
d6a3c551-27f8-426d-9c28-a3c48e8950ad,outer-banks-nags-head,-75.618203,35.934076,6.0775980949401855,0,0.0,False,0.0,none
cefaee7b-57a6-44da-bacb-644a10aa08d8,outer-banks-nags-head,-75.617857,35.934622,5.501754283905029,0,0.0,False,0.0,none
70e599c3-8888-4053-b61b-7751efff3266,outer-banks-nags-head,-75.617824,35.933643,5.617814540863037,0,0.0,False,0.0,none
26210850-ac0a-4ee3-8117-afd16e60edb9,outer-banks-nags-head,-75.61784,35.933278,5.344827651977539,0,0.0,False,0.0,none
79b86089-7195-4ffe-942f-b4ce1b050430,outer-banks-nags-head,-75.617845,35.933119,6.292607307434082,0,0.0,False,0.0,none
f4d67f02-f53d-4146-b7f4-c0eeb7a7f86d,outer-banks-nags-head,-75.617888,35.932793,6.844178676605225,0,0.0,False,0.0,none
657ffc0e-6114-408f-b11e-ba8f861b99ae,outer-banks-nags-head,-75.617928,35.93263,6.487997531890869,0,0.0,False,0.0,none
1be11db1-5340-4b6b-9c91-53ab6d0888f8,outer-banks-nags-head,-75.61788,35.932961,6.812130451202393,0,0.0,False,0.0,none
94308630-e5ea-4762-94ea-0507944b2a49,outer-banks-nags-head,-75.618013,35.933716,6.276325225830078,0,0.0,False,0.0,none
f09575e7-4e87-4dc8-9a39-6fd3d2f23951,outer-banks-nags-head,-75.618742,35.93424,6.523281574249268,0,0.0,False,0.0,none
27e57c42-258e-44a7-b638-42dd76a87674,outer-banks-nags-head,-75.618598,35.934248,7.4498982429504395,0,0.0,False,0.0,none
2dbb221c-581d-4f4c-8bcb-84d597aded92,outer-banks-nags-head,-75.618453,35.934264,5.807161331176758,0,0.0,False,0.0,none
398ce90c-c446-45fc-9dec-3cd9ae7aa04b,outer-banks-nags-head,-75.61832,35.934982,5.76998233795166,0,0.0,False,0.0,none
cb1a5a95-cf60-4134-a274-f028ed0f2ea1,outer-banks-nags-head,-75.618463,35.93513,5.886758327484131,0,0.0,False,0.0,none
97a1a930-8422-4c34-8a6c-4ef859cd40ae,outer-banks-nags-head,-75.618613,35.935265,5.9919538497924805,0,0.0,False,0.0,none
0d7e295e-e51b-47e7-a67e-9d504cf5656e,outer-banks-nags-head,-75.618946,35.93474,6.226551055908203,0,0.0,False,0.0,none
99995169-8669-46fb-b4a9-19a20c60db8b,outer-banks-nags-head,-75.618943,35.93462,6.178315162658691,0,0.0,False,0.0,none
9d517c5b-5f07-4ddd-8176-35f07e1951cb,outer-banks-nags-head,-75.618922,35.934504,5.656689167022705,0,0.0,False,0.0,none
1a40efcf-cf7e-440b-8868-ddc037141604,outer-banks-nags-head,-75.618904,35.934314,6.021299362182617,0,0.0,False,0.0,none
7d5563d7-96cd-46f2-bac8-73110281d2a1,outer-banks-nags-head,-75.619221,35.934837,5.6304144859313965,0,0.0,False,0.0,none
8bea2800-bc50-406d-bf16-21d1858e73ee,outer-banks-nags-head,-75.619408,35.934783,6.825231075286865,0,0.0,False,0.0,none
e1c1690b-c5aa-4aad-9207-b043657f3b42,outer-banks-nags-head,-75.619622,35.934862,6.416312217712402,0,0.0,False,0.0,none
72ebfba4-1dd5-43f0-9f62-f4fc13e31800,outer-banks-nags-head,-75.619584,35.935291,,0,0.0,False,0.0,none
a49e0660-d417-4076-b433-519a343a4da0,outer-banks-nags-head,-75.619763,35.935177,6.376775741577148,0,0.0,False,0.0,none
8037cad2-967d-43cf-a34f-4b36705445aa,outer-banks-nags-head,-75.619808,35.934868,5.737758159637451,0,0.0,False,0.0,none
4fb46afb-0427-4ea6-b666-07296913e76b,outer-banks-nags-head,-75.617947,35.93215,6.390665531158447,0,0.0,False,0.0,none
084f3d9f-bde3-41ab-bac5-b39c8af62bc9,outer-banks-nags-head,-75.617948,35.93247,6.309281826019287,0,0.0,False,0.0,none
5b2834d1-0dfc-4e8a-8d2b-d5221c85544e,outer-banks-nags-head,-75.617935,35.93231,5.908419609069824,0,0.0,False,0.0,none
a003e905-1e6d-4a6c-a559-3e813342b7d4,outer-banks-nags-head,-75.617843,35.932022,5.872139930725098,0,0.0,False,0.0,none
bab49471-1154-4a1e-bfb4-94a638a0f5e8,outer-banks-nags-head,-75.617754,35.931875,5.73371696472168,0,0.0,False,0.0,none
92fb6ab9-79ae-4ac2-8173-bfd5eb6f148a,outer-banks-nags-head,-75.617561,35.931584,5.046827793121338,0,0.0,False,0.0,none
4c020cb6-cf53-4cb4-8ce7-02b1559eaa8d,outer-banks-nags-head,-75.617672,35.931732,5.2817912101745605,0,0.0,False,0.0,none
ac4d6e8b-5944-4c15-a7ff-76ff4a68cd56,outer-banks-nags-head,-75.617494,35.932465,6.187991619110107,0,0.0,False,0.0,none
aa24ffd0-11bc-4fef-9f77-42f8e154c200,outer-banks-nags-head,-75.61737,35.932138,5.320402145385742,0,0.0,False,0.0,none
949b9062-db04-4ba4-ac47-d96714817c9e,outer-banks-nags-head,-75.617258,35.932456,6.159122943878174,0,0.0,False,0.0,none
27db5e54-3613-4349-9459-31d858397504,outer-banks-nags-head,-75.617256,35.931945,6.411544322967529,0,0.0,False,0.0,none
145ac41a-4bd7-4a9c-9644-1c4826f3319f,outer-banks-nags-head,-75.617441,35.931449,4.546485424041748,0,0.0,False,0.0,none
ec8134c3-a5d1-4373-981c-77a0de421dd3,outer-banks-nags-head,-75.617341,35.931307,5.590782642364502,0,0.0,False,0.0,none
64fc6571-8305-46d3-a59e-03bc6630e4c5,outer-banks-nags-head,-75.617262,35.931163,6.375594615936279,0,0.0,False,0.0,none
44b9935d-0764-420c-ae80-69adfc56f94d,outer-banks-nags-head,-75.617133,35.932131,5.290519714355469,0,0.0,False,0.0,none
23481a96-99aa-4ce8-8401-50a4784a26ca,outer-banks-nags-head,-75.617034,35.932453,5.1888580322265625,0,0.0,False,0.0,none
8f2a0478-a3c0-4d9c-b7a3-400e0ad8a3e1,outer-banks-nags-head,-75.616948,35.932176,5.07692289352417,0,0.0,False,0.0,none
f12737c8-ce74-4d5d-9bf1-e85703f7ac0a,outer-banks-nags-head,-75.616937,35.932118,6.347600936889648,0,0.0,False,0.0,none
30091c13-130a-4419-9939-f2a78cfd528d,outer-banks-nags-head,-75.61701,35.931869,6.752129077911377,0,0.0,False,0.0,none
503a2f67-d93c-4707-ae75-2a30eb8bf98f,outer-banks-nags-head,-75.617176,35.931027,6.382335662841797,0,0.0,False,0.0,none
02aff557-c7ec-4c7e-a3b5-ddfc03c3e0b7,outer-banks-nags-head,-75.617105,35.930829,6.109306335449219,0,0.0,False,0.0,none
5e8cc228-ed10-4a73-bd07-6046128fcd3b,outer-banks-nags-head,-75.615905,35.930052,,5,4.5,False,0.135,low
16aee524-1dac-4fbb-a327-06853f1a5659,outer-banks-nags-head,-75.616036,35.931673,5.033255577087402,0,0.0,False,0.0,none
f2aa6e1e-d2c9-48bb-90ff-2059bcc63c13,outer-banks-nags-head,-75.615894,35.93161,6.266976356506348,0,0.0,False,0.0,none
6b2fa312-ce77-4b77-90c1-8526b7bb67e0,outer-banks-nags-head,-75.615753,35.931529,5.074285507202148,0,0.0,False,0.0,none
a347960e-9a21-4b75-ae4a-5ba8d3b1c88d,outer-banks-nags-head,-75.615649,35.93201,5.239443302154541,0,0.0,False,0.0,none
b3fa58aa-be8d-48a4-a23e-eb4ceb2902f1,outer-banks-nags-head,-75.615656,35.932343,4.904276371002197,0,0.0,False,0.0,none
dfdd1948-8f05-4045-a7ae-a9496a960d65,outer-banks-nags-head,-75.615727,35.93246,5.553205490112305,0,0.0,False,0.0,none
f40900fd-3c89-4945-b223-f481c5549391,outer-banks-nags-head,-75.61586,35.932151,5.9870500564575195,0,0.0,False,0.0,none
65eec71b-bbec-46dd-a102-0f755fcf4d5d,outer-banks-nags-head,-75.615842,35.931959,5.215031147003174,0,0.0,False,0.0,none
8cdc3f78-9f5e-4115-a7c4-939a863e9408,outer-banks-nags-head,-75.616275,35.932427,5.802551746368408,0,0.0,False,0.0,none
8e20b7bc-d776-4f66-92a0-c1d7eb529ba1,outer-banks-nags-head,-75.616305,35.932229,6.825122356414795,0,0.0,False,0.0,none
69d5263f-bf9b-4de9-a6e4-fe098b12e7f6,outer-banks-nags-head,-75.61635,35.932071,6.738515853881836,0,0.0,False,0.0,none
f17eee91-4214-4e6e-bc4f-0ad23df3b374,outer-banks-nags-head,-75.616308,35.931814,6.576910018920898,0,0.0,False,0.0,none
8b5b4a38-f826-4c39-a9e4-8cb87c7d2843,outer-banks-nags-head,-75.616146,35.931748,5.906185150146484,0,0.0,False,0.0,none
04d81962-76b4-4ea0-bcfc-d705ffe2dee7,outer-banks-nags-head,-75.616419,35.931915,6.0656328201293945,0,0.0,False,0.0,none
d0195b19-09be-45ee-877f-c3fb05070757,outer-banks-nags-head,-75.616423,35.933018,6.333482265472412,0,0.0,False,0.0,none
67e02c9e-8ec6-4d94-9d03-05e66a721598,outer-banks-nags-head,-75.616486,35.933132,5.780620098114014,0,0.0,False,0.0,none
3a40d57c-2c47-4bbe-966c-030742935f60,outer-banks-nags-head,-75.616551,35.933253,,0,0.0,False,0.0,none
6dd021e9-19ad-4e25-a1fb-42e9bc9e1115,outer-banks-nags-head,-75.616451,35.933911,5.824419975280762,0,0.0,False,0.0,none
7ce4edb6-8bca-4f37-812b-8fc441b87341,outer-banks-nags-head,-75.616348,35.933765,5.439002990722656,0,0.0,False,0.0,none
44eda361-9fd4-4a50-b939-035d1c8b9b82,outer-banks-nags-head,-75.616291,35.933641,6.279153347015381,0,0.0,False,0.0,none
744c958d-ffd8-43af-9d78-249e2f656ec3,outer-banks-nags-head,-75.616209,35.933511,6.322256565093994,0,0.0,False,0.0,none
2875acc5-5117-4d4c-b33c-0e5cd86a5c3f,outer-banks-nags-head,-75.616132,35.933325,4.721280574798584,0,0.0,False,0.0,none
1867a977-f2f2-466e-9e88-3816c10c1965,outer-banks-nags-head,-75.616368,35.93288,6.073051452636719,0,0.0,False,0.0,none
ed71b8a5-a97f-4da7-8c82-baa2164ec7b7,outer-banks-nags-head,-75.61632,35.932746,6.354174613952637,0,0.0,False,0.0,none
8913dd41-6b64-4ec2-83bb-2096dc387a50,outer-banks-nags-head,-75.616287,35.932615,6.783355712890625,0,0.0,False,0.0,none
cba74c5b-5f56-4452-b776-00b6c7ab3ad5,outer-banks-nags-head,-75.61607,35.933123,6.565319538116455,0,0.0,False,0.0,none
a6752448-252b-4252-a1bd-d87c8d8c9db2,outer-banks-nags-head,-75.61596,35.932751,6.0883684158325195,0,0.0,False,0.0,none
6a7cafed-05a1-4ada-b867-4facedca63d8,outer-banks-nags-head,-75.61584,35.932609,5.827925682067871,0,0.0,False,0.0,none
70ea76cf-45ad-4691-aa15-213465de02e7,outer-banks-nags-head,-75.616563,35.934508,4.936309337615967,0,0.0,False,0.0,none
567808b2-e6c6-4650-bca4-def9b3d8466c,outer-banks-nags-head,-75.616631,35.934598,5.054285526275635,0,0.0,False,0.0,none
27e8bd41-befb-4ada-ba52-8e6bcb6a5ba9,outer-banks-nags-head,-75.616755,35.935332,6.689507484436035,1,0.5,False,0.015,low
b6ad6832-921d-4f51-aef6-463c224154b7,outer-banks-nags-head,-75.616763,35.935203,8.161349296569824,0,0.0,False,0.0,none
56ec9266-943a-41bb-bdab-8f66074139e9,outer-banks-nags-head,-75.616747,35.935092,8.12879753112793,0,0.0,False,0.0,none
8c009bd3-2c6c-43bf-a2cb-c6944e543939,outer-banks-nags-head,-75.616695,35.934684,8.011043548583984,0,0.0,False,0.0,none
49209862-f35a-476f-ab1a-af90a6615dee,outer-banks-nags-head,-75.616723,35.93479,8.807862281799316,0,0.0,False,0.0,none
d8d4a7ef-481c-478f-9b84-7ca9fefdb7f4,outer-banks-nags-head,-75.616732,35.934888,9.375265121459961,0,0.0,False,0.0,none
4bee913b-dc22-47c0-8962-0824d87d5df3,outer-banks-nags-head,-75.616746,35.934991,8.730667114257812,0,0.0,False,0.0,none
43fd36a6-3fbf-47cb-aef1-1d6c655c9892,outer-banks-nags-head,-75.616984,35.934149,6.107901573181152,0,0.0,False,0.0,none
1f301c46-7403-4b3a-981e-72b61e3767b3,outer-banks-nags-head,-75.616673,35.933568,5.202108860015869,0,0.0,False,0.0,none
53fce624-2efe-43a3-9419-3083c54beab7,outer-banks-nags-head,-75.617112,35.93263,5.935391426086426,0,0.0,False,0.0,none
339980a8-5a44-4c94-a700-278d8403393d,outer-banks-nags-head,-75.617143,35.93278,6.815487384796143,0,0.0,False,0.0,none
c7b2eae3-2ed5-4013-98d5-a75aca846c01,outer-banks-nags-head,-75.617376,35.933574,3.4526920318603516,0,0.0,False,0.0,none
eee93c10-e41c-48b3-9743-369a6cf8180f,outer-banks-nags-head,-75.617333,35.933253,6.950706481933594,0,0.0,False,0.0,none
17797fd5-6561-46bc-b434-49564cbbd388,outer-banks-nags-head,-75.617232,35.933078,5.784833908081055,0,0.0,False,0.0,none
bd65d724-b106-4471-8eb7-1b725066ffa5,outer-banks-nags-head,-75.617212,35.932935,6.994669437408447,0,0.0,False,0.0,none
67efb33a-49b7-4136-aae9-c7f66734c3dc,outer-banks-nags-head,-75.617473,35.932686,5.920516490936279,0,0.0,False,0.0,none
a789c844-e102-4514-be2d-89f13fb7d34c,outer-banks-nags-head,-75.617516,35.93361,3.687608003616333,0,0.0,False,0.0,none
251858fa-7dda-4bdb-8f91-d7701c497e51,outer-banks-nags-head,-75.617664,35.933629,6.5187225341796875,0,0.0,False,0.0,none
abd59fcc-9e4b-4827-94e9-f9428da51881,outer-banks-nags-head,-75.617686,35.934486,5.51413631439209,0,0.0,False,0.0,none
abd13575-72aa-47aa-a01e-e606564bc4ea,outer-banks-nags-head,-75.617549,35.93438,6.023587703704834,0,0.0,False,0.0,none
cb9f41bc-b53b-465a-b324-c6342d043cab,outer-banks-nags-head,-75.617198,35.934203,6.774746894836426,0,0.0,False,0.0,none
6d0cb8c3-a1da-47eb-98b8-d60341e7b5db,outer-banks-nags-head,-75.617371,35.93429,5.682125568389893,0,0.0,False,0.0,none
754a3b08-c7e2-4607-bb5c-aadae4e01ac2,outer-banks-nags-head,-75.617547,35.93589,4.6484785079956055,0,0.0,False,0.0,none
46b667f3-438d-4b04-b8d3-939b2038fe83,outer-banks-nags-head,-75.617627,35.935984,6.392666816711426,1,0.5,False,0.015,low
fbb82282-e5c4-4867-8016-51e7cee1fd19,outer-banks-nags-head,-75.617688,35.936501,3.988830089569092,0,0.0,False,0.0,none
8718114c-ae5b-4ef5-9ace-ae70fa5b51d9,outer-banks-nags-head,-75.617507,35.936529,4.282527923583984,0,0.0,False,0.0,none
3b7a2e7e-4c46-44d8-9a68-fff1f36329a7,outer-banks-nags-head,-75.617543,35.936109,5.1162638664245605,1,0.5,False,0.015,low
b5ccf57b-d73e-4fa6-8104-ed5c9a41a945,outer-banks-nags-head,-75.617442,35.936222,4.032098770141602,0,0.0,False,0.0,none
577826d3-00ab-4b5d-a42c-e12b3ffbf761,outer-banks-nags-head,-75.617346,35.936334,6.10079288482666,0,0.0,False,0.0,none
01ea6184-e166-4a4d-bd95-e8928983f07e,outer-banks-nags-head,-75.617357,35.936451,5.532173156738281,0,0.0,False,0.0,none
c2799dc7-2423-4f8a-8299-d70012786015,outer-banks-nags-head,-75.617294,35.935789,5.341405868530273,0,0.0,False,0.0,none
6e65664c-e93f-484e-bedc-6ed75ace73ec,outer-banks-nags-head,-75.617461,35.935798,3.8962039947509766,0,0.0,False,0.0,none
f303f322-ee37-4efb-86ab-565bcc306322,outer-banks-nags-head,-75.617063,35.935712,4.693495273590088,0,0.0,False,0.0,none
deaa5471-4638-432f-8ec3-423c7215da27,outer-banks-nags-head,-75.617153,35.93578,5.150191307067871,0,0.0,False,0.0,none
7255a0d5-c95d-4b4b-9d50-453a1783e439,outer-banks-nags-head,-75.61698,35.935637,5.823884010314941,0,0.0,False,0.0,none
9c31d403-ae91-4fce-bb85-094ae24368bb,outer-banks-nags-head,-75.6169,35.935552,5.688487529754639,0,0.0,False,0.0,none
ded92f31-3688-4343-8c4d-d22358fb03ad,outer-banks-nags-head,-75.616826,35.935461,5.156768321990967,0,0.0,False,0.0,none
76e03444-7d45-495e-8a00-1b97100bea5e,outer-banks-nags-head,-75.617378,35.938383,,0,0.0,False,0.0,none
999e2470-7b64-4778-bf33-a6036f9c2bdb,outer-banks-nags-head,-75.617052,35.939359,4.50432014465332,0,0.0,False,0.0,none
5f279d4a-0237-4fbe-bb5f-fb9ec12efef6,outer-banks-nags-head,-75.616535,35.940996,6.703925132751465,0,0.0,False,0.0,none
5664b270-0e46-4c2c-9f0e-41321d6943f5,outer-banks-nags-head,-75.616413,35.940851,5.110583305358887,0,0.0,False,0.0,none
6145e63d-04fa-4f93-9ffd-292f00b289d9,outer-banks-nags-head,-75.61627,35.940557,7.115440845489502,0,0.0,False,0.0,none
dd373126-4649-4cef-ae32-a350f8decb99,outer-banks-nags-head,-75.616333,35.940697,7.3778557777404785,0,0.0,False,0.0,none
e58c2dc7-c5a8-4b8a-bd99-a5a1df233785,outer-banks-nags-head,-75.616183,35.940376,6.771209239959717,1,0.5,False,0.015,low
02694f5a-d6ff-405f-8b1b-13670b3475fc,outer-banks-nags-head,-75.615868,35.94028,5.842473030090332,1,0.5,False,0.015,low
e2f5dc08-2d4f-4af1-8d00-dc22544754e5,outer-banks-nags-head,-75.616045,35.940188,2.202176094055176,0,0.0,False,0.0,none
0df960e0-5d6a-4e53-bca4-f5229f7ffee5,outer-banks-nags-head,-75.616044,35.940974,4.763473987579346,2,1.5,False,0.045,low
22a4c077-15de-4ab4-8d83-a3914a6ca681,outer-banks-nags-head,-75.615901,35.940698,6.207831382751465,0,0.0,False,0.0,none
2ed197f8-4a50-4958-be2f-e3239e624dd1,outer-banks-nags-head,-75.61581,35.940955,5.4378743171691895,0,0.0,False,0.0,none
d16e62bf-d509-418d-b650-015490b6cd97,outer-banks-nags-head,-75.615687,35.940759,4.606039047241211,1,0.5,False,0.015,low
a388e613-2924-498b-a3d5-ba7db31a431f,outer-banks-nags-head,-75.615636,35.941055,6.42085075378418,1,0.5,False,0.015,low
5294d98f-bd8e-4aee-83e8-b72f9013899b,outer-banks-nags-head,-75.615675,35.940369,6.044832229614258,2,1.5,False,0.045,low
de7be1ea-d9ce-4856-8ad3-f60d60546c2e,outer-banks-nags-head,-75.615768,35.937532,7.460026741027832,0,0.0,False,0.0,none
3f722c03-6d2f-43b7-b41c-9be04fb62a44,outer-banks-nags-head,-75.615833,35.935742,6.478399276733398,0,0.0,False,0.0,none
becb2196-24b5-4dec-9c1e-57c7cf4d0d1f,outer-banks-nags-head,-75.616096,35.936672,5.359842300415039,0,0.0,False,0.0,none
64cefb34-451a-4bfc-9613-c040ab36c6a4,outer-banks-nags-head,-75.614715,35.935563,2.10331654548645,0,0.0,False,0.0,none
f262ea21-40fd-4717-8233-e298963bb103,outer-banks-nags-head,-75.614567,35.937804,,0,0.0,False,0.0,none
2ccd4c87-643b-4fb4-b280-99beb65b8cdf,outer-banks-nags-head,-75.61528,35.939084,0.31147539615631104,0,0.0,False,0.0,none
2bc423d2-45f8-4443-8610-01c3386ae7e2,outer-banks-nags-head,-75.615125,35.939076,0.4097652733325958,0,0.0,False,0.0,none
5ab1ab4d-a5c4-427f-907d-0a442585f5f9,outer-banks-nags-head,-75.615384,35.939346,,0,0.0,False,0.0,none
833bc6b3-3ad7-443b-a7bb-6a29424f9699,outer-banks-nags-head,-75.61546,35.940132,,2,1.5,False,0.045,low
7f95252d-6f67-43a6-a60f-5737d9139310,outer-banks-nags-head,-75.615473,35.94043,4.9461822509765625,1,0.5,False,0.015,low
6f0db364-9bb7-45db-bc7e-a4307617fa61,outer-banks-nags-head,-75.615524,35.940855,5.233667850494385,0,0.0,False,0.0,none
13d9c146-7f18-4bee-aac2-6d557fe441d3,outer-banks-nags-head,-75.615312,35.940918,6.168363571166992,0,0.0,False,0.0,none
e3fbef94-2222-47b5-9d58-6af51458dca8,outer-banks-nags-head,-75.615275,35.940496,5.933635711669922,0,0.0,False,0.0,none
909ff0b2-1848-4d8c-bc3e-aea071fb7354,outer-banks-nags-head,-75.615056,35.940623,3.674556255340576,1,0.5,False,0.015,low
4f28bc27-e083-4838-a7e4-eabb2ec732ee,outer-banks-nags-head,-75.615097,35.940564,4.92533540725708,0,0.0,False,0.0,none
22dd097e-1590-4a08-abd8-18189a583088,outer-banks-nags-head,-75.615208,35.939784,,0,0.0,False,0.0,none
67fe3b03-f86c-4e4a-9446-80dffdf4e31c,outer-banks-nags-head,-75.614591,35.939682,7.520845413208008,1,0.5,False,0.015,low
ec5474d6-8197-45fd-af40-a6f582e66621,outer-banks-nags-head,-75.614496,35.939534,7.4945387840271,2,1.5,False,0.045,low
6887c0eb-69e5-43ce-a85f-d654fc10d6b1,outer-banks-nags-head,-75.614481,35.93939,,1,0.5,False,0.015,low
a64e7260-c94c-416c-b895-334ea8b51585,outer-banks-nags-head,-75.61466,35.938948,4.678758144378662,1,0.5,False,0.015,low
77b6ec61-dbb6-4eba-930b-863707d4a710,outer-banks-nags-head,-75.614787,35.939103,,1,0.5,False,0.015,low
c0e88ee1-64b5-40f0-bc22-4c0a34b20a01,outer-banks-nags-head,-75.61501,35.938652,,0,0.0,False,0.0,none
a07e849a-2018-4da6-9819-7daf94d33f0b,outer-banks-nags-head,-75.614575,35.938811,4.5086565017700195,1,0.5,False,0.015,low
4315c314-922b-49d4-96cd-5539e1c7ecc6,outer-banks-nags-head,-75.614502,35.938662,4.461625099182129,1,0.5,False,0.015,low
773856e0-5695-45ce-bcd4-c4d82762234c,outer-banks-nags-head,-75.614207,35.938231,3.577881097793579,2,1.5,False,0.045,low
51777f9e-cc28-4d52-b05e-9ab37c3e3d92,outer-banks-nags-head,-75.614164,35.938816,,0,0.0,False,0.0,none
49365e56-7d03-4346-95ae-55316c68cc31,outer-banks-nags-head,-75.614245,35.938961,,0,0.0,False,0.0,none
cf37b7ea-65f4-48bc-a847-09965ad119d3,outer-banks-nags-head,-75.614321,35.939104,,0,0.0,False,0.0,none
1b01d1ad-0743-4dfb-99a7-15764a88b596,outer-banks-nags-head,-75.614404,35.939248,,0,0.0,False,0.0,none
9366d3bc-6550-4353-a395-a910d50189eb,outer-banks-nags-head,-75.614258,35.940308,,1,0.5,False,0.015,low
48807aa7-94a0-4c51-a930-d5b307292488,outer-banks-nags-head,-75.614354,35.940971,9.309891700744629,0,0.0,False,0.0,none
7102005f-5064-4912-a6ff-8b337778a2c1,outer-banks-nags-head,-75.614213,35.940722,7.7076921463012695,0,0.0,False,0.0,none
502f82a8-dccc-44ab-a1ee-64bfd525de15,outer-banks-nags-head,-75.614075,35.940476,9.448348045349121,0,0.0,False,0.0,none
3532af5c-02fc-488c-ba8e-da9448a7db00,outer-banks-nags-head,-75.614071,35.940153,6.89123010635376,0,0.0,False,0.0,none
5254099b-2d32-4213-aa32-bf51af18d24e,outer-banks-nags-head,-75.613745,35.939953,8.31043815612793,0,0.0,False,0.0,none
54d901b1-2179-4c4e-b109-388ba9454fb2,outer-banks-nags-head,-75.613424,35.939767,3.4594595432281494,0,0.0,False,0.0,none
22e70c31-b3ea-4389-b501-671637dd3797,outer-banks-nags-head,-75.613427,35.939048,3.4886562824249268,0,0.0,False,0.0,none
fb6e45e0-6b94-42f0-adc6-b1cf87bd1855,outer-banks-nags-head,-75.613533,35.939203,5.062857151031494,0,0.0,False,0.0,none
09466cd9-989d-4e69-a0cb-ccf429e7db29,outer-banks-nags-head,-75.613658,35.939316,7.160585403442383,0,0.0,False,0.0,none
06c25e65-ae34-4f72-9526-82612bedb418,outer-banks-nags-head,-75.613734,35.939453,7.620479106903076,1,0.5,False,0.015,low
7cf8e883-1a19-44da-87d9-58e76e622714,outer-banks-nags-head,-75.613896,35.938398,3.624441623687744,0,0.0,False,0.0,none
daac76ca-f765-4189-8d50-11a2b553ede6,outer-banks-nags-head,-75.61386,35.938257,,0,0.0,False,0.0,none
44457673-8826-4242-9479-ce4cce3b8c0c,outer-banks-nags-head,-75.61364,35.937888,,0,0.0,False,0.0,none
aae94e7d-278c-4c1e-b095-4e8c963d8713,outer-banks-nags-head,-75.61358,35.937757,,0,0.0,False,0.0,none
d0554b31-9ec7-41fc-a18c-ac2d693ff918,outer-banks-nags-head,-75.613461,35.937648,1.06497323513031,0,0.0,False,0.0,none
428ecc96-023d-4954-8e59-24d654ef5289,outer-banks-nags-head,-75.613423,35.937464,2.5409915447235107,0,0.0,False,0.0,none
8bad59ca-4225-4dd3-a836-a685fae5b863,outer-banks-nags-head,-75.613751,35.937354,0.8832833170890808,2,1.5,False,0.045,low
836de529-247c-4423-8b38-856526fdf470,outer-banks-nags-head,-75.613722,35.938006,4.707098960876465,0,0.0,False,0.0,none
ecc97a77-dd4d-4eec-893c-8d99e348b028,outer-banks-nags-head,-75.613781,35.938139,2.8269283771514893,0,0.0,False,0.0,none
c6b4c04f-2c94-4c9c-9040-87f41c407158,outer-banks-nags-head,-75.614436,35.938161,3.5645575523376465,0,0.0,False,0.0,none
3ee77900-f1e8-4f72-bfce-fbdf91de068d,outer-banks-nags-head,-75.61423,35.937218,,0,0.0,False,0.0,none
96e587fe-d11d-4acb-bfb9-f2ddafe4c073,outer-banks-nags-head,-75.613822,35.936383,,0,0.0,False,0.0,none
cd4c3929-78ed-4146-8e5d-5fd95459b734,outer-banks-nags-head,-75.613845,35.936679,5.858771800994873,0,0.0,False,0.0,none
a3085229-0e11-4e95-a652-c873eeb77427,outer-banks-nags-head,-75.613555,35.936226,,0,0.0,False,0.0,none
c2fb2b93-2481-48cc-9039-46124baf1d6a,outer-banks-nags-head,-75.613523,35.935834,9.111753463745117,0,0.0,False,0.0,none
bf4a8e85-e5a2-4ab1-a8a7-f68f8d88f66d,outer-banks-nags-head,-75.613549,35.936025,,0,0.0,False,0.0,none
d456d7d9-bbe5-4dd8-aad4-836fbdb7b0a9,outer-banks-nags-head,-75.613979,35.932572,6.007132053375244,0,0.0,False,0.0,none
d2006071-0b76-4f7a-8e97-cb8488d66f8b,outer-banks-nags-head,-75.614074,35.933091,1.28009831905365,0,0.0,False,0.0,none
2bc47fdf-9f74-449e-89e4-112c51b3d482,outer-banks-nags-head,-75.614308,35.932885,5.161952018737793,0,0.0,False,0.0,none
e1d38065-0bc6-4a98-bc2d-5f0c2db0e6ae,outer-banks-nags-head,-75.613942,35.933971,5.643033027648926,0,0.0,False,0.0,none
1526388a-9e26-45b7-b75b-b3c21b7b142d,outer-banks-nags-head,-75.614056,35.93455,5.578971862792969,0,0.0,False,0.0,none
8b86dbfb-cd59-4334-8e9a-651011709665,outer-banks-nags-head,-75.614147,35.934436,,0,0.0,False,0.0,none
dcf438b8-1c40-475e-ae1d-d3c3534eccd9,outer-banks-nags-head,-75.614561,35.934511,6.15891170501709,0,0.0,False,0.0,none
1dcf847a-a0ff-4e11-9eed-b53eda812900,outer-banks-nags-head,-75.614923,35.933968,7.81544828414917,0,0.0,False,0.0,none
330a2b25-b0da-4546-96a1-7ed19626a543,outer-banks-nags-head,-75.614952,35.934049,7.9934401512146,0,0.0,False,0.0,none
9a02debf-abe4-4411-a892-678f98daae8a,outer-banks-nags-head,-75.615002,35.934146,7.798685073852539,0,0.0,False,0.0,none
9a1cada3-823e-4b89-b773-06876c9d44dd,outer-banks-nags-head,-75.615205,35.934485,6.526479721069336,0,0.0,False,0.0,none
aa4aa8fc-425d-4cc1-86b9-c7886ad2d94f,outer-banks-nags-head,-75.615168,35.934393,6.711969375610352,0,0.0,False,0.0,none
1969ce0d-50a7-479d-95fc-0f60077349bb,outer-banks-nags-head,-75.615097,35.93432,6.94291877746582,0,0.0,False,0.0,none
b9cf7639-5cfe-45ac-a678-4b67ac741d89,outer-banks-nags-head,-75.615053,35.934282,7.511551380157471,0,0.0,False,0.0,none
95d388a5-3d05-47de-94b2-6f90fd2e820d,outer-banks-nags-head,-75.61505,35.934231,7.567610740661621,0,0.0,False,0.0,none
6820d848-3179-4ffd-91b3-ee67172d236d,outer-banks-nags-head,-75.61458,35.933615,5.328283309936523,0,0.0,False,0.0,none
324c2900-587f-421e-a0aa-cbcf60989d58,outer-banks-nags-head,-75.61549,35.93209,4.548491477966309,0,0.0,False,0.0,none
2907e5a6-8904-4197-80e2-a1ce92ac48bb,outer-banks-nags-head,-75.615413,35.931895,5.541040897369385,0,0.0,False,0.0,none
957643db-2b99-4726-8f7e-96e1a938ffc7,outer-banks-nags-head,-75.615336,35.931761,5.699999809265137,0,0.0,False,0.0,none
ee320392-6cd4-47b6-ad45-693e888dce62,outer-banks-nags-head,-75.615521,35.931577,6.4681196212768555,0,0.0,False,0.0,none
fd282a33-2a1d-4e5c-8a05-988a61956a28,outer-banks-nags-head,-75.614307,35.932447,7.357830047607422,0,0.0,False,0.0,none
3ec56aad-3b09-47cc-9e20-e0baa299c8df,outer-banks-nags-head,-75.614212,35.932296,5.646970272064209,0,0.0,False,0.0,none
2a579378-d716-42a0-b019-24d65d5a62e2,outer-banks-nags-head,-75.614138,35.932142,5.599308490753174,0,0.0,False,0.0,none
7aeb83dd-6e12-4ebd-9de5-e2cecbf871a4,outer-banks-nags-head,-75.614035,35.932021,6.070924758911133,0,0.0,False,0.0,none
ea21557b-4971-4ebd-b1a8-ac80c92de922,outer-banks-nags-head,-75.613703,35.931171,5.172765731811523,1,0.5,False,0.015,low
cd1a7b35-feb3-426c-8a40-b40c15e97ce6,outer-banks-nags-head,-75.613738,35.931461,6.035004138946533,0,0.0,False,0.0,none
c73d2e5b-825f-4e27-9955-a461c3858f58,outer-banks-nags-head,-75.613856,35.931748,5.200074195861816,0,0.0,False,0.0,none
24b1dc05-d670-4067-bea3-46aca43c5caa,outer-banks-nags-head,-75.61382,35.931618,5.051858901977539,0,0.0,False,0.0,none
86e8c945-673e-468d-8298-9f00c4e456fb,outer-banks-nags-head,-75.613914,35.931903,5.296149253845215,0,0.0,False,0.0,none
001cfff8-f480-4eee-9e23-d17cb51b9102,outer-banks-nags-head,-75.613879,35.932421,6.036496162414551,0,0.0,False,0.0,none
e6f4cfe9-eb0c-4a33-8f2e-bb0ab799de4f,outer-banks-nags-head,-75.613697,35.932037,5.050136566162109,0,0.0,False,0.0,none
0134498c-91e3-4a47-8758-8bc5c91b9f5d,outer-banks-nags-head,-75.613568,35.931809,5.627800941467285,0,0.0,False,0.0,none
45cfa575-eb43-4330-8bf9-2ed31d15c47f,outer-banks-nags-head,-75.613529,35.932071,5.3099589347839355,0,0.0,False,0.0,none
00eafd95-f19f-4366-b955-7d9cfdb18b05,outer-banks-nags-head,-75.613546,35.931459,5.57744836807251,0,0.0,False,0.0,none
338b5a23-754f-40b6-8523-b65abd560d78,outer-banks-nags-head,-75.613472,35.931205,5.803651332855225,0,0.0,False,0.0,none
c974b477-3aac-45f7-b8e6-db9f9cf52a69,outer-banks-nags-head,-75.613563,35.930754,4.886003494262695,0,0.0,False,0.0,none
a382159f-004a-4407-9bf7-f5d4f1beaedd,outer-banks-nags-head,-75.613656,35.930884,5.588260173797607,0,0.0,False,0.0,none
cc083ae5-4371-4cad-b3d7-05e9a45c5a7e,outer-banks-nags-head,-75.613727,35.931031,5.593639373779297,1,0.5,False,0.015,low
3357d958-c2b3-47a0-82fe-df6b7fb9de73,outer-banks-nags-head,-75.613186,35.929989,4.745283126831055,0,0.0,False,0.0,none
a4b89f95-9037-48d9-9bd3-2186096755b9,outer-banks-nags-head,-75.613094,35.930109,4.222184658050537,0,0.0,False,0.0,none
36716ac0-98f6-41fe-85c0-e02d0d000b9c,outer-banks-nags-head,-75.613087,35.930253,4.594125747680664,0,0.0,False,0.0,none
4f9b8e57-2449-4295-b8e5-72acbc7a74f2,outer-banks-nags-head,-75.613113,35.930392,4.5731706619262695,0,0.0,False,0.0,none
779a7cf9-168e-4519-8c7a-d24ad41ca864,outer-banks-nags-head,-75.612876,35.930611,5.470991134643555,0,0.0,False,0.0,none
b0648387-ee18-4e2c-9110-7a8a05a889c9,outer-banks-nags-head,-75.612908,35.930813,4.72145414352417,0,0.0,False,0.0,none
94c3ce8d-2544-40fe-80db-c782e93b42f6,outer-banks-nags-head,-75.612974,35.930932,5.331329822540283,0,0.0,False,0.0,none
6c9b22c9-3437-4b7f-82b0-cf2fdedeebbb,outer-banks-nags-head,-75.613166,35.930692,4.899048328399658,0,0.0,False,0.0,none
a4d2421b-0217-4334-8ef4-c42083927bc1,outer-banks-nags-head,-75.61314,35.930533,4.438751220703125,0,0.0,False,0.0,none
ae86358d-fdbf-40ce-b86f-c27c3aac318b,outer-banks-nags-head,-75.613363,35.93072,5.115978240966797,0,0.0,False,0.0,none
0ce3b28d-4002-4897-9a95-9db92bf0ee19,outer-banks-nags-head,-75.613278,35.931208,5.150107383728027,0,0.0,False,0.0,none
d8378788-0d5e-430a-8933-6862419eb06c,outer-banks-nags-head,-75.613217,35.931483,4.677060127258301,0,0.0,False,0.0,none
c9162d0e-9db6-4add-8c5c-cb1d8be30397,outer-banks-nags-head,-75.613381,35.931467,5.320655822753906,0,0.0,False,0.0,none
1fe9d0b4-e00f-47d5-b2ca-32abf31f76dc,outer-banks-nags-head,-75.613379,35.931814,4.619629859924316,0,0.0,False,0.0,none
769cea02-6cff-4a1b-838b-f5c03272951f,outer-banks-nags-head,-75.613085,35.931218,5.222653388977051,0,0.0,False,0.0,none
df145478-0e78-4f31-9bb0-25e9503c6293,outer-banks-nags-head,-75.612754,35.931325,4.282224178314209,1,0.5,False,0.015,low
c80eeb4b-2312-496d-aa94-9ad85a424fe8,outer-banks-nags-head,-75.612587,35.931364,4.838162422180176,0,0.0,False,0.0,none
6fa01bc8-f8cc-4394-a1ca-ffd09fc96372,outer-banks-nags-head,-75.612402,35.931451,4.5816779136657715,0,0.0,False,0.0,none
789db213-f39f-4532-b594-dab5d46746dd,outer-banks-nags-head,-75.612447,35.931071,4.107158184051514,0,0.0,False,0.0,none
f235f1e4-f4d3-46a4-8c16-974ac433e072,outer-banks-nags-head,-75.61233,35.931306,4.912845611572266,0,0.0,False,0.0,none
1c0aa0fa-7ef4-4dbf-91fb-726dd5f54a75,outer-banks-nags-head,-75.612493,35.930477,4.919498920440674,0,0.0,False,0.0,none
16a5fee7-ed87-4843-8e28-47bd854171b3,outer-banks-nags-head,-75.612473,35.930774,5.353482246398926,0,0.0,False,0.0,none
358e3ce2-a9b3-48ca-b2a4-19fc2afab64b,outer-banks-nags-head,-75.612625,35.93104,5.197088241577148,0,0.0,False,0.0,none
fb8bd2e7-e35d-44c7-abcc-ada6dc8233ce,outer-banks-nags-head,-75.612638,35.930094,5.798534870147705,0,0.0,False,0.0,none
12a26f2b-6379-45c8-9745-58a8512f00fe,outer-banks-nags-head,-75.612386,35.930208,4.975793838500977,0,0.0,False,0.0,none
5ea2c96e-88ae-489c-a269-b454cdd9f12d,outer-banks-nags-head,-75.612219,35.929948,5.2940568923950195,0,0.0,False,0.0,none
8dea5b9b-000e-4048-b59b-50c6e34b6a7e,outer-banks-nags-head,-75.61225,35.930089,4.762077808380127,0,0.0,False,0.0,none
3e2bc78c-184b-4700-80b8-a7e06bfdddf0,outer-banks-nags-head,-75.612269,35.930481,4.896287441253662,0,0.0,False,0.0,none
9b356fc0-874c-4e44-ad1f-4785b326e293,outer-banks-nags-head,-75.612202,35.930612,5.318999767303467,0,0.0,False,0.0,none
2b9ca105-69aa-4809-a8ac-291d552423e9,outer-banks-nags-head,-75.612213,35.930836,5.391809463500977,0,0.0,False,0.0,none
faef77a4-e921-46bb-a1d4-3f21483f9393,outer-banks-nags-head,-75.611281,35.931708,5.509615421295166,1,0.5,False,0.015,low
0eb71d53-d282-4d2a-86b2-df6dd0df27d2,outer-banks-nags-head,-75.611296,35.932199,6.230769157409668,0,0.0,False,0.0,none
9d58e356-d49b-459e-b414-f546c65b3285,outer-banks-nags-head,-75.611546,35.932294,4.852695465087891,0,0.0,False,0.0,none
586b17a7-3ef2-4823-83d8-a7b8caf2f8f4,outer-banks-nags-head,-75.611639,35.932432,4.894983291625977,0,0.0,False,0.0,none
90923cfc-fd7b-437d-a723-d52a58cfeb35,outer-banks-nags-head,-75.612265,35.931096,4.657573699951172,0,0.0,False,0.0,none
25cd1f17-729b-4ca2-a2ae-e43a774eec92,outer-banks-nags-head,-75.612037,35.933035,5.053185939788818,1,0.5,False,0.015,low
2ae0996e-c7f1-4941-bc3b-21ddc7edf5a1,outer-banks-nags-head,-75.612217,35.933168,4.999514579772949,1,0.5,False,0.015,low
4423d3a2-5ab1-4d95-aeba-d6a2e6bd558e,outer-banks-nags-head,-75.61219,35.933446,6.091235637664795,0,0.0,False,0.0,none
8073f8d6-18fd-4eab-9972-da1d6a7d5877,outer-banks-nags-head,-75.612259,35.933691,5.804327964782715,1,0.5,False,0.015,low
5e823ef0-d68c-47b8-89b5-22cf5d0ad4ce,outer-banks-nags-head,-75.612127,35.933741,4.473540306091309,0,0.0,False,0.0,none
93145874-f9ff-429d-8acd-4412b3b973d5,outer-banks-nags-head,-75.612032,35.933564,4.960103511810303,0,0.0,False,0.0,none
80d7307c-f6e5-4dfe-973e-c0e921692bab,outer-banks-nags-head,-75.611673,35.932661,5.944337844848633,0,0.0,False,0.0,none
8deb2b28-e4e0-4098-bd60-fefc5f75c8e7,outer-banks-nags-head,-75.611739,35.933061,5.339137077331543,1,0.5,False,0.015,low
9af05a0d-3152-4816-af12-9199a2e0465d,outer-banks-nags-head,-75.611305,35.932802,5.726076126098633,0,0.0,False,0.0,none
ea789665-80f3-4a45-aab6-d6a02cd98987,outer-banks-nags-head,-75.611273,35.933179,4.033390045166016,0,0.0,False,0.0,none
f0dababf-4046-41f5-8e9b-395768f54d6a,outer-banks-nags-head,-75.611494,35.933122,5.467134475708008,1,0.5,False,0.015,low
ed4e9a4a-000f-43b6-8cca-fc758703b9a7,outer-banks-nags-head,-75.611218,35.933709,4.798543453216553,0,0.0,False,0.0,none
0d8f1bc4-1953-4497-9f44-025bb9874618,outer-banks-nags-head,-75.61153,35.933629,5.333950996398926,0,0.0,False,0.0,none
dfa22e40-678c-4872-8d7b-b99b3e65e396,outer-banks-nags-head,-75.611737,35.933587,5.457282543182373,0,0.0,False,0.0,none
4d522d0a-f811-42de-970c-6d3618364aed,outer-banks-nags-head,-75.611605,35.934056,5.08120059967041,0,0.0,False,0.0,none
cc83c495-987f-4459-bd98-235d45684fa5,outer-banks-nags-head,-75.611826,35.934035,1.907192587852478,1,0.5,False,0.015,low
7c3c1224-8d2c-45f9-8430-1565fb11a3d1,outer-banks-nags-head,-75.61216,35.935148,5.096582412719727,0,0.0,False,0.0,none
3efc50d2-68e4-40dd-b940-5f1da369171b,outer-banks-nags-head,-75.61219,35.935305,4.045482635498047,0,0.0,False,0.0,none
3745d036-9654-48b5-94df-4d0152873e93,outer-banks-nags-head,-75.612596,35.935323,4.8717169761657715,0,0.0,False,0.0,none
732b9705-dc1a-421a-ad6b-b3d228305d82,outer-banks-nags-head,-75.612641,35.934489,8.753314018249512,0,0.0,False,0.0,none
ff40cde5-4b0c-471c-b84d-4775b5362f26,outer-banks-nags-head,-75.612946,35.934926,6.4691267013549805,0,0.0,False,0.0,none
c386d3dd-e9ea-4c34-a1b1-1be986f3b47d,outer-banks-nags-head,-75.612989,35.936669,5.8096537590026855,0,0.0,False,0.0,none
df546fe8-fe3e-4787-9aa9-6a7e9c4107b7,outer-banks-nags-head,-75.612319,35.935592,6.932891845703125,0,0.0,False,0.0,none
8648ec84-c337-4743-92d0-3cdbe2d41750,outer-banks-nags-head,-75.612538,35.936015,6.002894878387451,0,0.0,False,0.0,none
a5a8b4d6-7327-44ea-b9f3-f30b88af5ea0,outer-banks-nags-head,-75.612623,35.936153,6.118244171142578,0,0.0,False,0.0,none
e2106970-d51e-43c5-b7cb-cc6c7551e9a5,outer-banks-nags-head,-75.612741,35.936331,,0,0.0,False,0.0,none
f0ec1880-c2e3-476c-ad27-2967953ef503,outer-banks-nags-head,-75.612848,35.936508,,1,0.5,False,0.015,low
b692a4a3-8b5b-48b1-a115-700b706eb9fa,outer-banks-nags-head,-75.61239,35.937288,7.155925750732422,0,0.0,False,0.0,none
139c40cc-4f07-4b80-8d3f-67efeafc3d43,outer-banks-nags-head,-75.612359,35.937526,6.52082633972168,0,0.0,False,0.0,none
c95cfd1c-4c43-40bc-80d3-c0228a2c520f,outer-banks-nags-head,-75.612603,35.937655,6.421633243560791,0,0.0,False,0.0,none
20cda1db-de13-4d6f-a183-1ca4ce1f57f4,outer-banks-nags-head,-75.612698,35.937847,6.396280765533447,0,0.0,False,0.0,none
12fda62d-f025-4128-abad-bb6c0792eae5,outer-banks-nags-head,-75.612805,35.93804,10.091825485229492,0,0.0,False,0.0,none
45069493-d2d2-4285-91ff-6168383a7ab1,outer-banks-nags-head,-75.61306,35.936841,5.876570224761963,0,0.0,False,0.0,none
b7f8d54e-9640-4f1e-8472-b7843660d404,outer-banks-nags-head,-75.613133,35.936979,5.7534403800964355,0,0.0,False,0.0,none
c092ebeb-51ec-4d9c-80b1-9431295e224c,outer-banks-nags-head,-75.613264,35.937126,6.364262104034424,0,0.0,False,0.0,none
69644d8c-86eb-4e60-8d93-683febf5cb35,outer-banks-nags-head,-75.613299,35.937315,5.149089813232422,0,0.0,False,0.0,none
63c6c762-a289-4042-9f81-953f3c32e05d,outer-banks-nags-head,-75.613317,35.938909,4.11445426940918,0,0.0,False,0.0,none
24e8f200-2e41-4dd9-b9f4-74dcdc1f6356,outer-banks-nags-head,-75.613203,35.938769,5.575226306915283,0,0.0,False,0.0,none
8592a5bc-82bf-48c1-a2af-7ee2f8275361,outer-banks-nags-head,-75.613021,35.938414,10.317743301391602,0,0.0,False,0.0,none
056c4dec-ea19-4c61-85f0-790763e42044,outer-banks-nags-head,-75.613005,35.93865,,0,0.0,False,0.0,none
5632ff9e-0a94-4490-a5d0-4a7385d52617,outer-banks-nags-head,-75.613278,35.939861,,0,0.0,False,0.0,none
bf6a17fd-16b3-435f-ab54-5d6b1a686207,outer-banks-nags-head,-75.612813,35.938274,6.833021640777588,0,0.0,False,0.0,none
b884229f-c67f-4675-978e-72db64b92753,outer-banks-nags-head,-75.612236,35.937113,7.373915672302246,0,0.0,False,0.0,none
54adb611-b391-40f4-b7c5-45c6ef50b0dc,outer-banks-nags-head,-75.612172,35.936906,7.198544979095459,0,0.0,False,0.0,none
8761a0ee-dd33-4306-b894-41d983e1dfc3,outer-banks-nags-head,-75.611802,35.936599,4.725541114807129,0,0.0,False,0.0,none
e373f048-34dd-4e5d-a47c-7fc41a6d635d,outer-banks-nags-head,-75.61181,35.936384,6.215515613555908,0,0.0,False,0.0,none
7ea96d80-f9ac-43c0-bbef-ef93fd5beb67,outer-banks-nags-head,-75.61207,35.936738,,0,0.0,False,0.0,none
cb91adcf-6eef-4b0e-b3ef-02ad3a3e638e,outer-banks-nags-head,-75.612258,35.935448,6.0286993980407715,0,0.0,False,0.0,none
8d7cefad-1d23-401a-a0bb-922664462f55,outer-banks-nags-head,-75.611609,35.935625,,0,0.0,False,0.0,none
28c38886-916b-427c-880b-8615abefb1e0,outer-banks-nags-head,-75.611573,35.936226,6.759161472320557,0,0.0,False,0.0,none
21caa4c8-21c0-4166-bd8e-b921c9590b95,outer-banks-nags-head,-75.611338,35.935861,7.273889541625977,0,0.0,False,0.0,none
4c4169ea-18f6-4721-a63e-a6bb68d96bd9,outer-banks-nags-head,-75.611448,35.936048,6.7639007568359375,0,0.0,False,0.0,none
ea5d2608-0203-4af5-84bf-d8abc7301054,outer-banks-nags-head,-75.611216,35.935681,9.51931095123291,0,0.0,False,0.0,none
f13c991f-3322-4fdb-b836-d3120fb8b0b9,outer-banks-nags-head,-75.611122,35.935491,12.427644729614258,0,0.0,False,0.0,none
507887aa-01eb-469e-9cfd-a9184ef4cca1,outer-banks-nags-head,-75.609817,35.933023,9.24666976928711,0,0.0,False,0.0,none
73e9f19c-5684-4eb4-9f8a-7feda7e55eff,outer-banks-nags-head,-75.610066,35.933363,9.7816743850708,0,0.0,False,0.0,none
5ec05a9a-636c-443b-8f81-a20379671dab,outer-banks-nags-head,-75.610012,35.933784,6.496682167053223,0,0.0,False,0.0,none
c4d484ae-5363-40e0-994d-59bb7644f350,outer-banks-nags-head,-75.610108,35.933933,5.657108306884766,0,0.0,False,0.0,none
3b2b07ad-cf2a-416f-a115-1a855a696f28,outer-banks-nags-head,-75.610272,35.93414,6.840242385864258,0,0.0,False,0.0,none
1d6ac4eb-ad5d-4846-a3f3-39dae5769c32,outer-banks-nags-head,-75.610395,35.934412,7.695425987243652,0,0.0,False,0.0,none
b3f61f06-333e-4e7c-8a58-179806527c5b,outer-banks-nags-head,-75.610742,35.934724,8.53054428100586,0,0.0,False,0.0,none
d41ef9f8-cea8-4af8-81c9-1ecfe5c293e7,outer-banks-nags-head,-75.610814,35.934926,8.958827018737793,0,0.0,False,0.0,none
3229f680-e8be-495b-ad7e-41f88df41ca9,outer-banks-nags-head,-75.61101,35.935307,12.476308822631836,0,0.0,False,0.0,none
66efc90a-2817-4d83-86ec-95fde6cdc7ec,outer-banks-nags-head,-75.610953,35.935102,10.826810836791992,0,0.0,False,0.0,none
b7dc5e4e-e556-4e06-a825-3a74feff2668,outer-banks-nags-head,-75.610678,35.934364,6.475128650665283,0,0.0,False,0.0,none
5dec3c79-109d-4810-b9d4-6654000b1f06,outer-banks-nags-head,-75.610713,35.933971,5.670517444610596,0,0.0,False,0.0,none
37fcf833-d4d3-48e1-bcc0-d5fe85a666b4,outer-banks-nags-head,-75.610916,35.933318,3.2980639934539795,1,0.5,False,0.015,low
b9e3c3e7-cc6f-4526-8a53-18102601ecd6,outer-banks-nags-head,-75.611126,35.932864,5.201282501220703,0,0.0,False,0.0,none
94fe2755-e068-4315-9733-79b379f84199,outer-banks-nags-head,-75.610822,35.932957,5.550395488739014,2,1.5,False,0.045,low
7cb8923b-e746-49e2-a668-0174d9f9236a,outer-banks-nags-head,-75.610608,35.932495,0.8933823704719543,2,1.5,False,0.045,low
610e9c2a-7123-4c37-8f61-cec05aa252d2,outer-banks-nags-head,-75.610493,35.933559,4.4262213706970215,1,0.5,False,0.015,low
89b030a8-f9eb-48f0-8491-c4bd2f0984cf,outer-banks-nags-head,-75.610336,35.931807,5.788454055786133,0,0.0,False,0.0,none
8e278f0b-0f66-4428-b06a-c4dc55b0d134,outer-banks-nags-head,-75.610243,35.93167,6.412408828735352,0,0.0,False,0.0,none
e0db0a09-f404-465f-99ca-b98b95475ff4,outer-banks-nags-head,-75.610218,35.931534,7.542234420776367,0,0.0,False,0.0,none
db47a648-fd59-4b51-b9f6-9abfdbb50bcc,outer-banks-nags-head,-75.610148,35.931409,5.399338722229004,0,0.0,False,0.0,none
6cd96662-ba0a-4a08-953f-ac01f4429573,outer-banks-nags-head,-75.610486,35.931182,5.425820350646973,1,0.5,False,0.015,low
9a7ffc31-a7c3-4f3d-b733-9469370e2bb1,outer-banks-nags-head,-75.610558,35.931314,3.7704384326934814,1,0.5,False,0.015,low
0c5323f8-f1e7-4298-af21-1e4941651ef2,outer-banks-nags-head,-75.610655,35.931441,5.387152194976807,1,0.5,False,0.015,low
9b8af60b-4f03-47fe-8ef4-339d283e8738,outer-banks-nags-head,-75.610634,35.932038,7.3538689613342285,0,0.0,False,0.0,none
504534d0-d3f1-41a9-9978-8428e149db04,outer-banks-nags-head,-75.61043,35.931948,7.235171318054199,0,0.0,False,0.0,none
4e031c76-907b-4cc9-9817-35c86040ab7e,outer-banks-nags-head,-75.610782,35.932446,5.8239545822143555,0,0.0,False,0.0,none
a41f74b6-024f-404d-9f01-25c90c25849e,outer-banks-nags-head,-75.610806,35.931969,5.059914588928223,1,0.5,False,0.015,low
b930afc9-552c-4ce6-abac-fdd1a0b2d521,outer-banks-nags-head,-75.611042,35.932274,6.008883476257324,1,0.5,False,0.015,low
87f578de-25e2-44c1-83e4-5f39fff08aeb,outer-banks-nags-head,-75.61117,35.931833,5.674663066864014,1,0.5,False,0.015,low
3be807da-4d64-4af3-bdd8-00e6e695d9d7,outer-banks-nags-head,-75.610967,35.93191,5.447195529937744,0,0.0,False,0.0,none
dce5c118-e5a8-4a6c-bec0-85a57ea0020c,outer-banks-nags-head,-75.611214,35.931557,5.540436267852783,1,0.5,False,0.015,low
bcd06505-0f4a-4b45-aa1d-386ca4bbac49,outer-banks-nags-head,-75.611106,35.931435,5.3185954093933105,1,0.5,False,0.015,low
4efb5394-9f5d-4395-a486-e489f1450503,outer-banks-nags-head,-75.610907,35.931437,5.380660533905029,1,0.5,False,0.015,low
de40bb23-67e3-4fef-9f46-022394267ed1,outer-banks-nags-head,-75.610629,35.930537,4.810606002807617,2,1.5,False,0.045,low
1c9a069d-bc2f-4dad-8dc1-90cd1f2b85bf,outer-banks-nags-head,-75.610543,35.930712,5.2655439376831055,2,1.5,False,0.045,low
50e8fb9c-a63a-4de9-93ca-9e28f91dc2a6,outer-banks-nags-head,-75.610416,35.931046,5.778454303741455,1,0.5,False,0.015,low
7f01cf87-9219-4279-af3d-f90c5bace560,outer-banks-nags-head,-75.610342,35.93091,5.816352367401123,1,0.5,False,0.015,low
b8263df7-2fba-4381-9ea7-cffd1d703035,outer-banks-nags-head,-75.610296,35.93075,5.744842052459717,2,1.5,False,0.045,low
469a9719-4a43-4535-9ee5-da6a3e7f3c34,outer-banks-nags-head,-75.610263,35.930621,6.391955852508545,1,0.5,False,0.015,low
6a034f78-13c2-4005-87a5-595bc5d5fa66,outer-banks-nags-head,-75.61015,35.930248,6.1650166511535645,2,1.5,False,0.045,low
db5ab9bc-a2ea-4e7a-b28a-aefc8e85517f,outer-banks-nags-head,-75.610401,35.930129,4.833333492279053,0,0.0,False,0.0,none
f3b1508a-55a4-47f3-851f-17b0d60c7f42,outer-banks-nags-head,-75.610128,35.930094,5.769615173339844,1,0.5,False,0.015,low
ec1e8838-86dc-4218-af90-c05604b957d1,outer-banks-nags-head,-75.609933,35.93103,5.989795684814453,1,0.5,False,0.015,low
8ede91b2-cd7c-4db7-8543-4104c1e7eedf,outer-banks-nags-head,-75.610065,35.931281,3.602404832839966,0,0.0,False,0.0,none
cbe11b3b-9865-4403-8bcd-5740c3cc8be1,outer-banks-nags-head,-75.610002,35.931148,5.313079357147217,0,0.0,False,0.0,none
5368ce1d-283d-4964-925a-74521c0df22a,outer-banks-nags-head,-75.646391,35.979929,4.213751792907715,0,0.0,False,0.0,none
c8841396-61bf-43a0-bc67-8a643916ea64,outer-banks-nags-head,-75.646691,35.979822,4.730534076690674,0,0.0,False,0.0,none
a79a99e0-f977-4579-8da0-5b3fe597e076,outer-banks-nags-head,-75.646621,35.979553,,0,0.0,False,0.0,none
8f274ce3-7371-47fd-a331-2024f6602eb0,outer-banks-nags-head,-75.646437,35.979639,3.7843735218048096,0,0.0,False,0.0,none
99424239-c474-4e5e-b171-35f1328af82b,outer-banks-nags-head,-75.646251,35.979709,,0,0.0,False,0.0,none
badd4317-1460-4206-b251-4c653fa57d59,outer-banks-nags-head,-75.646081,35.979768,6.7504096031188965,0,0.0,False,0.0,none
01fb8402-a1bd-4a29-8bc2-044ea6be1d84,outer-banks-nags-head,-75.646205,35.980007,5.367268085479736,0,0.0,False,0.0,none
df812a42-e45e-448f-ac65-5c585fc40861,outer-banks-nags-head,-75.646066,35.980062,5.668571472167969,0,0.0,False,0.0,none
325e81a9-23d0-49ce-9fac-a0fdbdca743e,outer-banks-nags-head,-75.645756,35.979905,,0,0.0,False,0.0,none
f17e1661-0d50-4dcd-921b-442c60fe335f,outer-banks-nags-head,-75.645939,35.97983,7.486363410949707,0,0.0,False,0.0,none
0aa65ecf-c585-49bc-83d4-baceabe1c913,outer-banks-nags-head,-75.645834,35.979275,,0,0.0,False,0.0,none
be5adc56-ea34-44e1-89a7-6ff3670cef74,outer-banks-nags-head,-75.645739,35.97912,5.605589866638184,0,0.0,False,0.0,none
dd572cd5-4034-4635-9200-2eafb93651be,outer-banks-nags-head,-75.64588,35.979399,4.752589702606201,0,0.0,False,0.0,none
4fa24679-6a03-4001-8470-cc9ec1501a06,outer-banks-nags-head,-75.645757,35.978645,,0,0.0,False,0.0,none
617ea9c8-1cab-45c8-81c7-da12c431a549,outer-banks-nags-head,-75.645777,35.977844,5.760092735290527,0,0.0,False,0.0,none
92f17eb5-9374-4a3b-b2c9-e60659215c6f,outer-banks-nags-head,-75.646139,35.977976,5.860093116760254,0,0.0,False,0.0,none
84f57e7a-e98d-43a9-b19f-f6f77178c816,outer-banks-nags-head,-75.646095,35.9785,,0,0.0,False,0.0,none
94a99b93-cc66-4696-95b3-3f3a61441859,outer-banks-nags-head,-75.646305,35.978071,6.529506206512451,0,0.0,False,0.0,none
456a81c3-58f2-411b-92b4-3fb51c360a7d,outer-banks-nags-head,-75.646485,35.978098,6.427977085113525,0,0.0,False,0.0,none
a807bbc7-0074-468e-ac68-a91bbb73fbc6,outer-banks-nags-head,-75.646676,35.978194,,0,0.0,False,0.0,none
fa3f9921-91df-4c04-b401-1096ffdfacb3,outer-banks-nags-head,-75.646617,35.978939,,0,0.0,False,0.0,none
222e798e-128b-439c-8c9a-1948e6fc972d,outer-banks-nags-head,-75.646483,35.978784,,0,0.0,False,0.0,none
36d1c1fa-af82-401e-ade1-3c181ad47b05,outer-banks-nags-head,-75.646217,35.978912,5.940184593200684,0,0.0,False,0.0,none
604e5d05-3dc2-45ca-b4e1-a1295ca35643,outer-banks-nags-head,-75.646349,35.979038,,0,0.0,False,0.0,none
2d6fd1e4-faa8-4ece-be85-d8d8bd84e7a2,outer-banks-nags-head,-75.646407,35.979225,10.239930152893066,0,0.0,False,0.0,none
ecd0eb59-bb33-4caa-b106-f99ca551958b,outer-banks-nags-head,-75.646705,35.97908,,0,0.0,False,0.0,none
47a1a22d-aca3-4fa4-bf39-5430da9a6527,outer-banks-nags-head,-75.647005,35.979403,4.40871000289917,0,0.0,False,0.0,none
f6d25e61-57e0-4655-ba71-95b21028f98c,outer-banks-nags-head,-75.647164,35.978737,6.250632286071777,0,0.0,False,0.0,none
52ed8bbf-a168-4838-9cd0-102f50a0cf6a,outer-banks-nags-head,-75.646973,35.978454,6.558210849761963,0,0.0,False,0.0,none
179c1e0f-e965-44ce-9070-1ceece18cc9d,outer-banks-nags-head,-75.64709,35.978598,7.1713666915893555,0,0.0,False,0.0,none
4511b5de-b0b8-4831-83a1-2a503b7f3476,outer-banks-nags-head,-75.647284,35.978904,,0,0.0,False,0.0,none
0a78bafa-47f3-4c2e-a95f-1e6bb4ead70a,outer-banks-nags-head,-75.647338,35.979054,,0,0.0,False,0.0,none
ae32ebcf-bff7-4105-b875-636b2eefc3a5,outer-banks-nags-head,-75.647482,35.979344,4.932342529296875,0,0.0,False,0.0,none
500c9cc6-e90a-4929-9b80-701f136d2e41,outer-banks-nags-head,-75.647452,35.97919,,0,0.0,False,0.0,none
786dece0-a76c-47c2-8c4b-c42e42bfdefb,outer-banks-nags-head,-75.64759,35.979482,4.86673641204834,0,0.0,False,0.0,none
a38e96b6-709a-462b-a2d4-d9076b8c5551,outer-banks-nags-head,-75.647048,35.979659,,0,0.0,False,0.0,none
5d3bd182-2e8f-4db6-8c96-34f9e82d9907,outer-banks-nags-head,-75.646828,35.979478,,0,0.0,False,0.0,none
c874da78-aa19-4f86-8c32-1a06477ac316,outer-banks-nags-head,-75.647706,35.979655,5.418216228485107,0,0.0,False,0.0,none
2934069d-39e5-4a05-87a0-7f32e1e32821,outer-banks-nags-head,-75.649102,35.978534,4.362806797027588,0,0.0,False,0.0,none
9f5e13f9-0644-4c87-b6b6-b499975e63d4,outer-banks-nags-head,-75.648858,35.978191,1.8667711019515991,0,0.0,False,0.0,none
122b088f-260f-4baa-9349-7a39d5378eaa,outer-banks-nags-head,-75.648644,35.977081,5.500360012054443,0,0.0,False,0.0,none
9cf36e09-3514-475b-a88a-f1f92ea82170,outer-banks-nags-head,-75.646955,35.977652,,0,0.0,False,0.0,none
54244f26-9fda-4b1c-b1fa-cb9341db0223,outer-banks-nags-head,-75.649705,35.968641,7.258373260498047,0,0.0,False,0.0,none
550b91c2-a4dc-4f55-9e0a-1fa5f316ae5f,outer-banks-nags-head,-75.653007,35.971463,,0,0.0,False,0.0,none
2326d24c-b631-4270-8867-bed45fbe908f,outer-banks-nags-head,-75.646309,35.966725,5.357595920562744,0,0.0,False,0.0,none
12b77c3f-b1bc-4473-a8b0-7e308e197e52,outer-banks-nags-head,-75.646618,35.966991,8.524742126464844,0,0.0,False,0.0,none
faee0007-295a-4ed1-8742-591cc752dfb8,outer-banks-nags-head,-75.646211,35.967579,,0,0.0,False,0.0,none
806d0644-e720-4b55-a058-105c56218cc7,outer-banks-nags-head,-75.646068,35.966467,6.541703224182129,0,0.0,False,0.0,none
44bde038-7257-424a-ba6a-1268f70dda79,outer-banks-nags-head,-75.645735,35.966383,7.193485260009766,0,0.0,False,0.0,none
21a1d584-bc23-45d8-94b5-0e79ded0d4bd,outer-banks-nags-head,-75.631523,35.949202,5.470311641693115,0,0.0,False,0.0,none
fa6162c2-7b21-4b8c-ba1d-5968d6d265d8,outer-banks-nags-head,-75.630249,35.948108,4.5672688484191895,3,2.5,False,0.075,low
1e1867c5-d915-4ae7-8187-19936c87c016,outer-banks-nags-head,-75.630426,35.948328,3.2257893085479736,3,2.5,False,0.075,low
4f49acef-ad0b-4636-85d0-b215075e485b,outer-banks-nags-head,-75.630528,35.948793,5.6770501136779785,3,2.5,False,0.075,low
8677a296-358b-4f5d-8659-4fe6957c6e5c,outer-banks-nags-head,-75.630112,35.948623,,5,4.5,False,0.135,low
9171745b-d436-4084-9bb8-698a2310f056,outer-banks-nags-head,-75.630199,35.948946,6.574028015136719,5,4.5,False,0.135,low
30d101bf-d05d-4ac1-81d5-580e7e844e68,outer-banks-nags-head,-75.630465,35.949107,5.498695373535156,5,4.5,False,0.135,low
58cc16fa-7e14-4274-856a-237250894757,outer-banks-nags-head,-75.630983,35.94941,,4,3.5,False,0.105,low
062cf7cd-fffd-4ec7-8c51-cc272cac5e17,outer-banks-nags-head,-75.630914,35.950234,5.690052032470703,4,3.5,False,0.105,low
19804c6a-e5c6-45b5-8c7e-1e1744749995,outer-banks-nags-head,-75.630738,35.949944,5.855587005615234,5,4.5,False,0.135,low
65e99071-e3a0-4f96-840d-7fecf01034e7,outer-banks-nags-head,-75.630483,35.949627,6.407591342926025,5,4.5,False,0.135,low
5bb1c657-4d6c-436e-9c60-f9884dbb8e76,outer-banks-nags-head,-75.630548,35.949843,,4,3.5,False,0.105,low
e93e37c3-fa39-4b11-a2f9-5290f59b719e,outer-banks-nags-head,-75.631009,35.950391,4.083668231964111,5,4.5,False,0.135,low
19aca55b-f3be-4308-99a6-7f37196b0995,outer-banks-nags-head,-75.630988,35.950966,,4,3.5,False,0.105,low
6c9042d5-343c-4370-94fb-c9eee86aaf3f,outer-banks-nags-head,-75.631424,35.951085,6.632911205291748,3,2.5,False,0.075,low
eeb6fd30-2e48-4e06-9950-a21c137f6539,outer-banks-nags-head,-75.631507,35.950056,,5,4.5,False,0.135,low
a96fe615-2cf5-4337-8439-3b4c9c1611b9,outer-banks-nags-head,-75.631716,35.95027,,6,5.5,False,0.165,low
7b54d4e2-2a42-4668-a6b7-400c86bc2b4c,outer-banks-nags-head,-75.631894,35.950662,7.039035797119141,3,2.5,False,0.075,low
b300aae7-cd9b-4e87-aa03-e002e21adce8,outer-banks-nags-head,-75.632061,35.951449,5.06240701675415,4,3.5,False,0.105,low
438f3a4f-d90f-47e8-b251-21455b50b00a,outer-banks-nags-head,-75.631569,35.952136,,0,0.0,False,0.0,none
b36c7874-f710-4650-979b-75bc24dbc75b,outer-banks-nags-head,-75.6315,35.952381,5.835532188415527,4,3.5,False,0.105,low
f4f1d6b3-7f5c-4839-8cd9-33d5afd0a937,outer-banks-nags-head,-75.631211,35.952572,6.694862365722656,3,2.5,False,0.075,low
61597992-747c-477c-ac00-b27e1dbd049e,outer-banks-nags-head,-75.63135,35.951533,4.626760482788086,3,2.5,False,0.075,low
5fa4868e-1dbc-40eb-9fb5-1050909f2686,outer-banks-nags-head,-75.630875,35.951302,,5,4.5,False,0.135,low
5db11cf5-0a7e-4203-89ba-cd93e363c6cc,outer-banks-nags-head,-75.631002,35.951711,3.803196907043457,4,3.5,False,0.105,low
ab048d7d-cc63-482c-8e6f-8490592d8208,outer-banks-nags-head,-75.630901,35.951846,,4,3.5,False,0.105,low
2f5b052e-fe30-4e65-9ed2-f8a34bcaf56b,outer-banks-nags-head,-75.630688,35.951459,,4,3.5,False,0.105,low
4fdc8c73-6e9e-4cb5-ac74-3fcf435265bd,outer-banks-nags-head,-75.630796,35.951121,5.339890956878662,5,4.5,False,0.135,low
851e1b68-587d-4217-b7a4-f8a6f323bffa,outer-banks-nags-head,-75.630511,35.951442,5.628657817840576,5,4.5,False,0.135,low
5714aa1e-30e1-4aeb-9174-caa9f335e5cd,outer-banks-nags-head,-75.630146,35.952433,5.544954299926758,3,2.5,False,0.075,low
0ae0863e-6764-445b-b2b9-e8856af8b180,outer-banks-nags-head,-75.630808,35.952656,5.668758869171143,0,0.0,False,0.0,none
a352f276-d27f-428d-8184-2aba6c5f3ad7,outer-banks-nags-head,-75.630772,35.951987,5.145112991333008,2,1.5,False,0.045,low
1b121aaf-12d8-4c1b-9a26-a33979dea5db,outer-banks-nags-head,-75.632727,35.963663,,0,0.0,False,0.0,none
c2288fe3-177b-4766-bfd2-192466f13442,outer-banks-nags-head,-75.632145,35.963823,6.690387725830078,0,0.0,False,0.0,none
a64a9733-69b5-43fb-afbe-172a738f4019,outer-banks-nags-head,-75.632253,35.963585,5.63413143157959,0,0.0,False,0.0,none
d480f627-3701-4aa3-b3c1-000c68d4fa41,outer-banks-nags-head,-75.631399,35.964106,,0,0.0,False,0.0,none
ab981d41-5467-4575-80b9-39008804bca9,outer-banks-nags-head,-75.631408,35.963847,,1,0.5,False,0.015,low
bfe4ee08-27e7-44d8-897f-a8186b2f48e8,outer-banks-nags-head,-75.631487,35.963676,,0,0.0,False,0.0,none
acb5812d-4f14-4abe-99dc-a4f392b8f3fb,outer-banks-nags-head,-75.631315,35.963716,,0,0.0,False,0.0,none
11641314-8318-4ace-8fce-3c71b0d99bcd,outer-banks-nags-head,-75.631293,35.963578,,0,0.0,False,0.0,none
a8ce03da-62f0-4a3c-9e63-20dc1f66e615,outer-banks-nags-head,-75.631243,35.963371,,0,0.0,False,0.0,none
343c8be8-c551-466f-86cc-fa1d2fc3169e,outer-banks-nags-head,-75.631885,35.964033,,1,0.5,False,0.015,low
8e92690e-fe4d-421a-8e97-a45db1ae1889,outer-banks-nags-head,-75.631776,35.963862,7.6053786277771,0,0.0,False,0.0,none
a7cdf0f7-2976-4674-87fb-906f4212515a,outer-banks-nags-head,-75.631684,35.964307,,0,0.0,False,0.0,none
99bbde7c-f9f6-4e29-a04a-7541c2063b45,outer-banks-nags-head,-75.631888,35.965226,3.2776851654052734,1,0.5,False,0.015,low
8e67db4c-4783-4638-adf1-6fc6b29bd71e,outer-banks-nags-head,-75.630336,35.967108,3.4349894523620605,0,0.0,False,0.0,none
61f03f10-c8a4-453b-b96a-8a9696d62f48,outer-banks-nags-head,-75.630133,35.967314,5.062007904052734,0,0.0,False,0.0,none
61011f97-2143-4411-bb65-88a675ddedb7,outer-banks-nags-head,-75.63029,35.967537,4.028121471405029,0,0.0,False,0.0,none
b51ac817-bad2-40dd-9db6-187d99ea78d8,outer-banks-nags-head,-75.630165,35.967467,5.24545431137085,0,0.0,False,0.0,none
4b89bc7e-b331-4fc5-8589-9565baae76a9,outer-banks-nags-head,-75.631171,35.967554,,0,0.0,False,0.0,none
2db603d7-6756-4e23-be32-a4d1bb4ad904,outer-banks-nags-head,-75.631339,35.967627,,0,0.0,False,0.0,none
4c73ab8c-74f5-40af-95fc-84edcf4b3322,outer-banks-nags-head,-75.631398,35.967751,,0,0.0,False,0.0,none
535e84cc-da8f-4a89-9888-a4bbcf456083,outer-banks-nags-head,-75.631833,35.967636,5.466647148132324,0,0.0,False,0.0,none
c1dd9cf3-0fe7-4e1c-8a8f-ae2ecaa3f871,outer-banks-nags-head,-75.63188,35.967407,4.627135753631592,0,0.0,False,0.0,none
a1c4bdd9-792c-432d-99f8-b21a1f558cb3,outer-banks-nags-head,-75.632092,35.967445,4.710599899291992,0,0.0,False,0.0,none
9af5714c-aeff-4392-b23f-a5c1596a6aab,outer-banks-nags-head,-75.633776,35.964654,4.758274078369141,0,0.0,False,0.0,none
9a000a67-573b-460b-bf6f-08760b7586b4,outer-banks-nags-head,-75.633804,35.96493,5.358114719390869,0,0.0,False,0.0,none
aba9eac9-8fa5-42b9-8af3-6afe155209a7,outer-banks-nags-head,-75.633056,35.966715,,0,0.0,False,0.0,none
5482d887-8ce9-4f25-812a-03ab63941eea,outer-banks-nags-head,-75.633321,35.967297,5.167368412017822,0,0.0,False,0.0,none
c2da56ff-3f96-4623-9c6e-e2513a52e83c,outer-banks-nags-head,-75.633163,35.967174,4.2535905838012695,0,0.0,False,0.0,none
7b9157e3-8bed-46bb-b1e4-25d6419f5254,outer-banks-nags-head,-75.633924,35.967237,5.518331527709961,0,0.0,False,0.0,none
4bf2d9b0-e575-453b-9389-b3694b410a1b,outer-banks-nags-head,-75.634372,35.967646,,0,0.0,False,0.0,none
556c38df-676f-4c9c-a17a-8069b8705fe3,outer-banks-nags-head,-75.634278,35.967443,5.739988803863525,0,0.0,False,0.0,none
bbaecb2c-3405-4b56-a613-c8e21e77ba3f,outer-banks-nags-head,-75.634491,35.967075,,0,0.0,False,0.0,none
75ce0902-c663-4c75-99ea-10e7df6033b2,outer-banks-nags-head,-75.634433,35.966884,5.652933597564697,0,0.0,False,0.0,none
40dbe5c8-b946-420c-b32e-357f547b492a,outer-banks-nags-head,-75.634595,35.966621,6.860966682434082,0,0.0,False,0.0,none
8495460f-56dc-41a4-a6f1-cfcb28436cf6,outer-banks-nags-head,-75.634786,35.966464,8.573244094848633,0,0.0,False,0.0,none
fae82470-8bb1-414d-af23-d306cc92c954,outer-banks-nags-head,-75.634591,35.967336,6.4387664794921875,0,0.0,False,0.0,none
a59ed073-5e25-48b3-92cc-b643ba3490fc,outer-banks-nags-head,-75.634818,35.96751,6.3940043449401855,0,0.0,False,0.0,none
ca63ef68-5b0b-4ebc-85f5-131e0084a89d,outer-banks-nags-head,-75.635161,35.96778,5.540852069854736,0,0.0,False,0.0,none
e5d18d12-79e4-425f-9380-b93bb1372687,outer-banks-nags-head,-75.635349,35.967069,4.876784324645996,0,0.0,False,0.0,none
4101ff31-aa9e-4471-b22f-610e343eb8e4,outer-banks-nags-head,-75.635573,35.967444,8.156359672546387,0,0.0,False,0.0,none
c4d4f350-9559-458b-b231-df88c53c9736,outer-banks-nags-head,-75.635766,35.967616,,0,0.0,False,0.0,none
40aae122-682f-4482-96db-0a9def2a21ca,outer-banks-nags-head,-75.635963,35.967101,,0,0.0,False,0.0,none
8c9d4b10-04a5-4efa-b842-4bfb70040299,outer-banks-nags-head,-75.635928,35.966948,4.338407516479492,0,0.0,False,0.0,none
d36c631f-9c51-4484-94b2-0af2f7ae5404,outer-banks-nags-head,-75.635905,35.9667,5.022671222686768,0,0.0,False,0.0,none
d237e24d-6e8b-48f7-9b1e-e155cb3d7b7e,outer-banks-nags-head,-75.635787,35.966508,5.639885425567627,0,0.0,False,0.0,none
29135e30-9801-47e4-9b88-03f2c4212aa5,outer-banks-nags-head,-75.635776,35.96629,5.776534557342529,0,0.0,False,0.0,none
7fab2ba8-1237-4d4e-b018-cb50ee2c3e43,outer-banks-nags-head,-75.63531,35.966334,,0,0.0,False,0.0,none
7a41c964-ceae-4f35-b36e-84ba7361d8dc,outer-banks-nags-head,-75.635428,35.966703,5.338572978973389,0,0.0,False,0.0,none
da8439e2-6d80-4e96-8b1f-62cfe4a9568f,outer-banks-nags-head,-75.635697,35.966071,6.415763854980469,0,0.0,False,0.0,none
cb89e3eb-5e30-48ac-91e6-59390c188963,outer-banks-nags-head,-75.635789,35.965835,6.321904182434082,0,0.0,False,0.0,none
1ef6ca8d-7756-401e-a564-d412c785af3d,outer-banks-nags-head,-75.634011,35.964888,3.268402099609375,0,0.0,False,0.0,none
9a9a0881-bcd6-49dd-ac11-98b12ff862f8,outer-banks-nags-head,-75.636795,35.965269,2.939814805984497,0,0.0,False,0.0,none
bf615a9b-8db3-496b-a6db-8fb73e22f8a1,outer-banks-nags-head,-75.636042,35.965668,4.586182594299316,0,0.0,False,0.0,none
902f26f0-aa8b-4d0a-9a41-8f39bc0a96f0,outer-banks-nags-head,-75.636549,35.965999,6.029001712799072,0,0.0,False,0.0,none
87c88515-10a8-4e53-811a-f32f971c0bd2,outer-banks-nags-head,-75.636577,35.965296,3.1486217975616455,0,0.0,False,0.0,none
e4176c4d-4c04-4472-9025-4b26568a02b3,outer-banks-nags-head,-75.636748,35.966259,5.344175815582275,0,0.0,False,0.0,none
4f406488-894a-49d9-a5aa-f7042383cc4d,outer-banks-nags-head,-75.636857,35.966519,5.2570953369140625,0,0.0,False,0.0,none
c381126f-58ec-477d-9c5f-289a5b6fb5a9,outer-banks-nags-head,-75.63654,35.966839,6.533816337585449,0,0.0,False,0.0,none
9f0b2219-027f-4636-868e-7a34a7d42926,outer-banks-nags-head,-75.636489,35.966626,5.667311191558838,0,0.0,False,0.0,none
e335a826-6f8c-4dd4-bca3-1f5b4fcc46de,outer-banks-nags-head,-75.636372,35.966197,5.514665603637695,0,0.0,False,0.0,none
02347d57-9e0a-489d-92cc-06ae828aaf4b,outer-banks-nags-head,-75.636395,35.966418,,0,0.0,False,0.0,none
e8eee490-08a3-4de3-b5c2-23d6ccd7cd21,outer-banks-nags-head,-75.636023,35.967368,,0,0.0,False,0.0,none
f66702a9-b953-4534-9aa5-dce257828552,outer-banks-nags-head,-75.636221,35.967569,5.634760856628418,0,0.0,False,0.0,none
1a9ce640-56b7-448b-9b05-e82ab0e6602d,outer-banks-nags-head,-75.636641,35.967034,6.628042697906494,0,0.0,False,0.0,none
6d249b6e-0a92-4eb4-88a4-11dc83914a63,outer-banks-nags-head,-75.636712,35.967291,7.909894943237305,0,0.0,False,0.0,none
31c8b366-37c1-4e9e-a517-93c2d6236db8,outer-banks-nags-head,-75.63705,35.967643,7.372763633728027,0,0.0,False,0.0,none
57ee20ef-4cfc-4162-9f4b-b9dd2440b2d6,outer-banks-nags-head,-75.637328,35.967645,,0,0.0,False,0.0,none
cd28a4c1-a754-48de-b816-306a1e218629,outer-banks-nags-head,-75.637027,35.966924,8.879573822021484,0,0.0,False,0.0,none
cf5a75e7-3050-4145-b726-c3e41bdf1059,outer-banks-nags-head,-75.636952,35.966703,5.405887126922607,0,0.0,False,0.0,none
670a3bf3-09f1-4e8b-ad12-4206b1f2ace0,outer-banks-nags-head,-75.637623,35.966915,5.4877543449401855,0,0.0,False,0.0,none
6a71892d-ede5-45d4-97b0-20e500204271,outer-banks-nags-head,-75.637548,35.966695,4.785340309143066,0,0.0,False,0.0,none
c6d053a5-491b-48ed-93ee-0e8f997f3547,outer-banks-nags-head,-75.637499,35.966464,5.6820149421691895,0,0.0,False,0.0,none
349c7f96-444a-4719-a379-17e239fb1bf2,outer-banks-nags-head,-75.637716,35.967123,5.805368900299072,0,0.0,False,0.0,none
b96b665e-09a2-4d6e-ba3a-4f8b37eed66a,outer-banks-nags-head,-75.637859,35.96757,7.774057388305664,0,0.0,False,0.0,none
b7f96a76-84c0-4105-8ea9-f1a3c449e568,outer-banks-nags-head,-75.641622,35.967568,5.647231578826904,0,0.0,False,0.0,none
3c416924-b241-4ac2-b5cc-060beadf910a,outer-banks-nags-head,-75.641584,35.967231,5.7246623039245605,0,0.0,False,0.0,none
dbdedfdb-12db-4024-b4ef-6ab5572ad730,outer-banks-nags-head,-75.641557,35.966471,6.5320000648498535,0,0.0,False,0.0,none
18d98b9b-8016-40c7-884c-048899ad10d1,outer-banks-nags-head,-75.641506,35.965853,7.590035915374756,0,0.0,False,0.0,none
a4c99557-8079-4bf4-98a6-9c184bd833ba,outer-banks-nags-head,-75.64152,35.966082,7.579925537109375,0,0.0,False,0.0,none
94d446c2-f63e-46c9-9a15-b3b97db83459,outer-banks-nags-head,-75.64147,35.965467,6.731148719787598,0,0.0,False,0.0,none
500448cb-25b3-48f6-bbf8-1ed33b7d49ad,outer-banks-nags-head,-75.64143,35.964999,6.932110786437988,0,0.0,False,0.0,none
0cbcde06-f431-4a5b-8ced-715b41344ece,outer-banks-nags-head,-75.64068,35.96334,5.143434524536133,0,0.0,False,0.0,none
0172f39a-9bad-4c56-95a6-d4b909096dc3,outer-banks-nags-head,-75.641005,35.963888,4.417928218841553,0,0.0,False,0.0,none
f0a11c0e-1ad6-4650-8b1e-dff43b370759,outer-banks-nags-head,-75.641303,35.963632,,0,0.0,False,0.0,none
b1abf2f3-3743-4dfa-b35e-5533fa1d35fe,outer-banks-nags-head,-75.641417,35.963988,4.969537734985352,0,0.0,False,0.0,none
e319fb41-6889-48fa-8134-8234751e289d,outer-banks-nags-head,-75.641763,35.963305,5.748929977416992,0,0.0,False,0.0,none
cae997c4-be98-42b3-b221-30fd509982f0,outer-banks-nags-head,-75.641665,35.962957,5.397721767425537,0,0.0,False,0.0,none
4ce2bd7a-1f38-43da-8bdf-397bd4325ea3,outer-banks-nags-head,-75.641148,35.963341,5.288973331451416,0,0.0,False,0.0,none
a306e4f2-b7df-43df-bf17-6ecec09aebf1,outer-banks-nags-head,-75.640931,35.963021,5.207451820373535,0,0.0,False,0.0,none
7e236cdd-50c0-4bfa-aed3-f4835c31fc34,outer-banks-nags-head,-75.64146,35.962408,,0,0.0,False,0.0,none
2269e550-c963-4a9d-a7c6-497acc67d81d,outer-banks-nags-head,-75.640935,35.961949,,0,0.0,False,0.0,none
4e2d565c-d14c-46dd-a4a6-f02874717cee,outer-banks-nags-head,-75.640366,35.961878,4.934343338012695,0,0.0,False,0.0,none
67d190e4-f55c-4a1f-a776-d03469524c49,outer-banks-nags-head,-75.640769,35.962788,5.5330986976623535,0,0.0,False,0.0,none
d7ef547f-ce89-4e6b-b80f-2371e4b13a82,outer-banks-nags-head,-75.640554,35.962466,4.3900604248046875,0,0.0,False,0.0,none
59726119-88a3-4aae-b9e4-846320e7568a,outer-banks-nags-head,-75.640133,35.962289,5.6152238845825195,0,0.0,False,0.0,none
862863c3-4679-4562-aa9b-266167d900f5,outer-banks-nags-head,-75.640304,35.962788,5.10483980178833,0,0.0,False,0.0,none
b3a13c52-4110-4b94-93a1-c7ebbb4a339b,outer-banks-nags-head,-75.639899,35.961955,5.429623126983643,0,0.0,False,0.0,none
57350493-b563-4291-81db-53582ab04e7a,outer-banks-nags-head,-75.642042,35.962719,5.0622429847717285,0,0.0,False,0.0,none
1d6cde0d-96da-4eb6-986c-43dd64389ffe,outer-banks-nags-head,-75.641935,35.963623,5.357574939727783,0,0.0,False,0.0,none
bc8ca841-047b-489e-90f8-4d31f76aa115,outer-banks-nags-head,-75.642157,35.964001,4.61863374710083,0,0.0,False,0.0,none
d5a37f89-b0dc-4ec7-adb6-8fafc635fff6,outer-banks-nags-head,-75.642603,35.96397,4.646077632904053,0,0.0,False,0.0,none
6258a04f-0047-4638-92fa-9ec7aa94a34a,outer-banks-nags-head,-75.642943,35.963774,5.791616439819336,0,0.0,False,0.0,none
afb917e4-9402-4304-81c1-e06aac4eca95,outer-banks-nags-head,-75.643586,35.964338,6.12067174911499,0,0.0,False,0.0,none
acbf9b53-1e4c-4bb8-9ee9-a05d4190d88e,outer-banks-nags-head,-75.642235,35.964632,,2,1.5,False,0.045,low
dfdebdce-2cec-4a59-8d67-d691d1200c91,outer-banks-nags-head,-75.642122,35.965218,6.216161727905273,3,2.5,False,0.075,low
fb66ad08-0209-4c2e-a378-e5b95e969f5c,outer-banks-nags-head,-75.642297,35.967655,4.801296710968018,0,0.0,False,0.0,none
e86113ad-a5dc-4cd0-bec1-ab6a14579bfb,outer-banks-nags-head,-75.642416,35.967787,6.163366317749023,0,0.0,False,0.0,none
6458648b-1ad0-4d56-963a-4b1f1a9f9f41,outer-banks-nags-head,-75.642837,35.967426,,0,0.0,False,0.0,none
4ef05f8e-2265-417f-9093-054cfabcc71d,outer-banks-nags-head,-75.644153,35.966305,5.917330265045166,0,0.0,False,0.0,none
efa8232b-4648-45a6-b01f-a2dbd8341d74,outer-banks-nags-head,-75.643891,35.96475,6.643758773803711,0,0.0,False,0.0,none
1b265a54-377b-411a-b452-e30cfed0d66b,outer-banks-nags-head,-75.644396,35.965119,6.750173091888428,0,0.0,False,0.0,none
fe67c1b1-80f5-421d-b2ef-3be30b4ffdff,outer-banks-nags-head,-75.644672,35.965431,7.132849216461182,0,0.0,False,0.0,none
0231972a-e1e9-4d50-b182-2a80094af73e,outer-banks-nags-head,-75.64524,35.965907,,0,0.0,False,0.0,none
dbb6f5b2-677a-4282-af70-a978ea35fa74,outer-banks-nags-head,-75.644923,35.965686,6.39194393157959,0,0.0,False,0.0,none
38e4023f-5490-4b99-b3e9-5f050729678f,outer-banks-nags-head,-75.645431,35.966151,,0,0.0,False,0.0,none
a58f819d-b9cf-4baf-bdaf-551b4c8bca6c,outer-banks-nags-head,-75.643867,35.970758,6.123582363128662,0,0.0,False,0.0,none
d780ff9a-d03b-4612-b1eb-994bc3a260ec,outer-banks-nags-head,-75.64396,35.970978,5.364808559417725,0,0.0,False,0.0,none
ef37a5dd-0ecd-46e8-bbba-4425ab2ae945,outer-banks-nags-head,-75.645063,35.973915,5.4125895500183105,0,0.0,False,0.0,none
fb7a52f0-ca81-4392-bdec-bfc209b2f2ae,outer-banks-nags-head,-75.645218,35.974178,6.288832187652588,0,0.0,False,0.0,none
6c2c9513-beea-46a9-94c3-9276af1d54e5,outer-banks-nags-head,-75.644765,35.973627,6.904234409332275,0,0.0,False,0.0,none
4480f99e-b3be-474f-9a6f-0da444888a58,outer-banks-nags-head,-75.644732,35.973247,2.7205488681793213,0,0.0,False,0.0,none
a706dc2a-0ee1-4e2c-b82b-6079a9732f40,outer-banks-nags-head,-75.644325,35.974283,5.387690544128418,0,0.0,False,0.0,none
191c2aec-ea8f-458a-9bde-3eec6cf90e11,outer-banks-nags-head,-75.643879,35.973218,4.691086292266846,0,0.0,False,0.0,none
ee644025-80e0-4603-87f0-4f23ac5f6fb3,outer-banks-nags-head,-75.64415,35.972949,,0,0.0,False,0.0,none
ea09dfe2-4e65-4c32-a59d-4fcc1b4f6153,outer-banks-nags-head,-75.644214,35.972332,6.085171222686768,0,0.0,False,0.0,none
6f1e3ebc-320b-43d8-8b2c-7fff8a90d665,outer-banks-nags-head,-75.644098,35.972607,5.542322635650635,0,0.0,False,0.0,none
25588b1c-9c94-416d-abcf-0d7a93c2bf16,outer-banks-nags-head,-75.644619,35.972427,5.395072937011719,0,0.0,False,0.0,none
f3d3e2ce-3427-4779-bdea-0ec656971bd3,outer-banks-nags-head,-75.644384,35.971908,3.936675548553467,0,0.0,False,0.0,none
8aebe713-20f4-4231-8fd3-0e03e8423c3f,outer-banks-nags-head,-75.644084,35.971182,5.992282867431641,0,0.0,False,0.0,none
cee79f64-f483-460a-9888-f22f39474f17,outer-banks-nags-head,-75.644146,35.971414,,0,0.0,False,0.0,none
bac1a9b3-5b9f-4deb-8f96-883c585d2a1b,outer-banks-nags-head,-75.644165,35.971734,,0,0.0,False,0.0,none
c73148ec-59f8-4342-b28b-c26531980bde,outer-banks-nags-head,-75.643545,35.971626,6.380129814147949,0,0.0,False,0.0,none
9c4381f5-5f25-44ec-865a-c504fbad9303,outer-banks-nags-head,-75.643474,35.971259,4.7806315422058105,0,0.0,False,0.0,none
fc45b943-751f-4e9a-8086-3674c7b2e445,outer-banks-nags-head,-75.643216,35.971525,8.153964042663574,0,0.0,False,0.0,none
d89a6587-63b2-40e4-85d9-b4ac072b6381,outer-banks-nags-head,-75.643053,35.971324,5.414180755615234,0,0.0,False,0.0,none
6c58cecf-72c1-4062-8fe3-d4ead3c4f170,outer-banks-nags-head,-75.642914,35.97211,5.2143049240112305,0,0.0,False,0.0,none
2b92ac6d-cfbe-412c-a4a7-3629fcdfdbf9,outer-banks-nags-head,-75.643344,35.972155,,0,0.0,False,0.0,none
567dd0e8-dad7-4f9d-a5d1-703c86298967,outer-banks-nags-head,-75.643662,35.972799,6.6177825927734375,0,0.0,False,0.0,none
749999a5-669d-467b-b943-8afdb7510c12,outer-banks-nags-head,-75.643301,35.972995,,0,0.0,False,0.0,none
d8589ee0-e52d-4e28-9bc5-91d974f4fd67,outer-banks-nags-head,-75.643573,35.973296,,0,0.0,False,0.0,none
4050d86c-a4ab-475b-ad79-6aba21d34f45,outer-banks-nags-head,-75.643734,35.973736,6.690199375152588,0,0.0,False,0.0,none
0ff328fe-31dd-45d8-9124-5e4d165c5ac1,outer-banks-nags-head,-75.643495,35.973996,6.344632625579834,0,0.0,False,0.0,none
8bc279a3-2788-4892-a6b9-0214babe353b,outer-banks-nags-head,-75.642833,35.974196,,0,0.0,False,0.0,none
b80b2537-119c-49fb-acd3-0af062ac0dd6,outer-banks-nags-head,-75.642892,35.973804,4.401566505432129,0,0.0,False,0.0,none
e8b26ab8-bf8f-46e7-aeef-7d77437589ed,outer-banks-nags-head,-75.643075,35.973608,,0,0.0,False,0.0,none
d9c1f166-69ba-477b-8978-db8a5684ee2f,outer-banks-nags-head,-75.643156,35.972963,,0,0.0,False,0.0,none
55fe4687-f178-42bb-9c9d-5dc2bc2d538a,outer-banks-nags-head,-75.64283,35.973175,,0,0.0,False,0.0,none
8cb3483d-7b00-4632-9acf-de590d202685,outer-banks-nags-head,-75.642343,35.973954,5.328698635101318,0,0.0,False,0.0,none
6e3e78c2-1507-4a37-a522-f497efdca268,outer-banks-nags-head,-75.642534,35.974038,5.9564995765686035,0,0.0,False,0.0,none
5eb945d7-89d3-418f-8011-76d6cbc0ba00,outer-banks-nags-head,-75.642232,35.974101,,0,0.0,False,0.0,none
f4bc324f-4e5f-4ff8-808d-55d9d7d62504,outer-banks-nags-head,-75.641995,35.974116,,0,0.0,False,0.0,none
6d8c097a-0b03-4ecb-b771-917bffdb5bc2,outer-banks-nags-head,-75.642029,35.972356,4.942016124725342,0,0.0,False,0.0,none
9d295dd3-9053-43ad-8819-246b0d5c3086,outer-banks-nags-head,-75.642159,35.972007,6.536569595336914,0,0.0,False,0.0,none
c4117b90-e842-44d3-aca8-33230d779fef,outer-banks-nags-head,-75.642135,35.972802,4.716997146606445,0,0.0,False,0.0,none
6f65d3c0-a048-4c45-a1aa-3161b8a128c1,outer-banks-nags-head,-75.64273,35.972615,,0,0.0,False,0.0,none
6b37cc72-0c31-4f6c-ba2c-c4b50e7e8274,outer-banks-nags-head,-75.642494,35.972285,,0,0.0,False,0.0,none
0ce96be9-6f1e-4dfd-9e71-d52317f4cee6,outer-banks-nags-head,-75.642591,35.971929,,0,0.0,False,0.0,none
43a035bc-579c-4c2e-a21e-b22c2958ab8e,outer-banks-nags-head,-75.642242,35.971487,5.186582088470459,0,0.0,False,0.0,none
4b1f4413-188a-43cd-8946-70209dd18a62,outer-banks-nags-head,-75.642013,35.971235,3.8904333114624023,0,0.0,False,0.0,none
3491e17e-7893-446d-a709-2a7e845472e5,outer-banks-nags-head,-75.642194,35.970521,5.563735008239746,0,0.0,False,0.0,none
345795b3-0dda-40d2-94db-5402a39c18ef,outer-banks-nags-head,-75.641965,35.970712,4.22150993347168,0,0.0,False,0.0,none
438ee036-7b1c-4382-986f-36271d5d8c81,outer-banks-nags-head,-75.641872,35.96986,6.7734503746032715,0,0.0,False,0.0,none
3bfdf846-53f9-4aea-8408-3a37019fb045,outer-banks-nags-head,-75.641876,35.969557,6.013716220855713,0,0.0,False,0.0,none
95a24176-9799-44f7-9c22-bc8cbac10823,outer-banks-nags-head,-75.642256,35.970043,6.738658905029297,0,0.0,False,0.0,none
0d32ca6f-0c2c-4683-9cf0-ec3a9ed366c2,outer-banks-nags-head,-75.642747,35.969827,6.921165466308594,0,0.0,False,0.0,none
224a0d73-2bfc-4cb5-93a3-3529c6ec300e,outer-banks-nags-head,-75.642567,35.970034,6.457571983337402,0,0.0,False,0.0,none
850e63e9-1afd-45fb-bf7a-5d94b0e53f2d,outer-banks-nags-head,-75.642536,35.970434,,0,0.0,False,0.0,none
66ffe531-5131-4b4e-8191-465523bf14df,outer-banks-nags-head,-75.642668,35.970775,5.58475399017334,0,0.0,False,0.0,none
49c2c365-0c2c-4d8d-9750-58cafa752a11,outer-banks-nags-head,-75.642927,35.971053,,0,0.0,False,0.0,none
a902c360-6632-4918-82d3-f5ec44d1aa53,outer-banks-nags-head,-75.643114,35.970707,,0,0.0,False,0.0,none
85c4b569-6c41-46da-99b5-1ea2631a5476,outer-banks-nags-head,-75.643072,35.970477,6.467132091522217,0,0.0,False,0.0,none
d455429e-a3b1-447b-970b-3568f3f87e2d,outer-banks-nags-head,-75.643346,35.971036,6.548458576202393,0,0.0,False,0.0,none
5fcd1b81-c84d-4927-9507-0a40c7d66984,outer-banks-nags-head,-75.643722,35.970568,5.838248252868652,0,0.0,False,0.0,none
0c65ad9d-690d-4565-aa27-5ca89591c822,outer-banks-nags-head,-75.643747,35.970323,6.66411828994751,0,0.0,False,0.0,none
194a5a3b-bed0-4573-bf6e-dda42afb89bb,outer-banks-nags-head,-75.643461,35.969968,6.93993616104126,0,0.0,False,0.0,none
85bdc30d-e8c6-4803-aee2-b6f90fb1bc5f,outer-banks-nags-head,-75.643667,35.97013,6.335831642150879,0,0.0,False,0.0,none
9b8b1130-a402-4945-b51a-cb27d2e0eeab,outer-banks-nags-head,-75.643293,35.969742,6.445522308349609,0,0.0,False,0.0,none
b3edd9bf-ece8-438e-8fa6-fc6b31622e6d,outer-banks-nags-head,-75.643207,35.969533,7.117624282836914,0,0.0,False,0.0,none
11db151e-080d-481b-bfc9-d952168fa9c8,outer-banks-nags-head,-75.642902,35.970228,6.247105121612549,0,0.0,False,0.0,none
5af01148-7679-4ebf-a6da-c1208e02a603,outer-banks-nags-head,-75.64297,35.969167,6.0151686668396,0,0.0,False,0.0,none
ffabd28f-d239-459d-a873-df60e81f6cc0,outer-banks-nags-head,-75.643167,35.969348,6.143632411956787,0,0.0,False,0.0,none
d9d10c49-b8ee-41ce-862c-483531b24630,outer-banks-nags-head,-75.642378,35.968003,5.501831531524658,0,0.0,False,0.0,none
ab3b0e83-ef52-4190-b39b-93b001857e7f,outer-banks-nags-head,-75.642517,35.968317,6.280358791351318,0,0.0,False,0.0,none
5ed2a373-5511-4f24-9da0-26767a3ffb0e,outer-banks-nags-head,-75.642693,35.968769,,0,0.0,False,0.0,none
80771e09-2893-4388-8d50-5aa06abf6094,outer-banks-nags-head,-75.642396,35.969212,4.0841546058654785,0,0.0,False,0.0,none
48b1777d-77c9-49a4-be50-6e6ff7a04c65,outer-banks-nags-head,-75.641873,35.968961,5.951001167297363,0,0.0,False,0.0,none
df1d9f8f-884d-4a28-8106-f7e435390510,outer-banks-nags-head,-75.641718,35.967858,6.684276580810547,0,0.0,False,0.0,none
b9b87b7e-b7c9-420f-acbc-d6a3fe8e7e6c,outer-banks-nags-head,-75.641784,35.968447,6.929356575012207,0,0.0,False,0.0,none
b35a6b7d-a29c-41cf-b927-e6f2708255cd,outer-banks-nags-head,-75.637971,35.968499,5.877503395080566,0,0.0,False,0.0,none
7683f846-1a26-4f5b-882e-b928489f78b7,outer-banks-nags-head,-75.638173,35.96869,4.975924968719482,0,0.0,False,0.0,none
c02e2f67-a6df-4318-881b-4858a7a90969,outer-banks-nags-head,-75.638156,35.9689,3.8707504272460938,0,0.0,False,0.0,none
4563bd78-0b59-4f32-9d5f-f810a35dabd6,outer-banks-nags-head,-75.638164,35.969106,,0,0.0,False,0.0,none
406b997f-890f-4094-a1b0-b287f4eaf26f,outer-banks-nags-head,-75.638305,35.96935,7.002025604248047,0,0.0,False,0.0,none
800dc868-766b-46bd-be3d-b4a136dc0c3d,outer-banks-nags-head,-75.638512,35.969647,6.704436302185059,0,0.0,False,0.0,none
ca7011f0-4d56-4c0e-a751-d8d21d4528dd,outer-banks-nags-head,-75.638189,35.969781,,0,0.0,False,0.0,none
87763bff-b920-4dd3-a241-be1ee1a41a8b,outer-banks-nags-head,-75.638214,35.970497,5.820913791656494,0,0.0,False,0.0,none
91a3f42b-3353-434a-b8bb-70f8e18d95eb,outer-banks-nags-head,-75.637918,35.970735,5.497425079345703,0,0.0,False,0.0,none
35c7363e-6711-4ca4-bb46-58b5107ddacf,outer-banks-nags-head,-75.638643,35.97031,5.7583231925964355,0,0.0,False,0.0,none
18606b5f-ff8f-4245-a2f7-41e49aa524a1,outer-banks-nags-head,-75.638718,35.970971,6.357098579406738,0,0.0,False,0.0,none
1cc65177-92b6-40d3-af73-b06e4bae808f,outer-banks-nags-head,-75.639123,35.970757,,0,0.0,False,0.0,none
ad5aa4b3-feeb-4e5d-9fbc-7c7e5b8ce205,outer-banks-nags-head,-75.638902,35.969852,6.210422039031982,0,0.0,False,0.0,none
5a401e4b-fd11-489b-a3bf-59db7b0ed185,outer-banks-nags-head,-75.639389,35.970476,4.680121421813965,0,0.0,False,0.0,none
abed06d5-52be-402d-9008-c1dbe0817164,outer-banks-nags-head,-75.639102,35.971741,5.803887844085693,0,0.0,False,0.0,none
664fc85d-5bd1-459a-ade2-6c8ad5b721ff,outer-banks-nags-head,-75.638867,35.971917,5.747584819793701,0,0.0,False,0.0,none
58cfe15f-827b-4f82-ad53-e55333913983,outer-banks-nags-head,-75.638552,35.97143,7.10857629776001,0,0.0,False,0.0,none
5a7b43f8-ec75-4904-83e9-cf94f6558648,outer-banks-nags-head,-75.638293,35.97114,6.53444766998291,0,0.0,False,0.0,none
0736203d-ec49-4ba2-8314-59f8842abc78,outer-banks-nags-head,-75.638113,35.971888,6.31311559677124,0,0.0,False,0.0,none
e50003c7-4d0f-4764-8237-1d98e2264f92,outer-banks-nags-head,-75.638303,35.972057,6.6055684089660645,0,0.0,False,0.0,none
e6e31ef5-ff20-4024-a5be-8f96f480914d,outer-banks-nags-head,-75.638604,35.972419,6.744537830352783,0,0.0,False,0.0,none
1e08b0e7-39d6-4c58-910e-c6a3c66dd465,outer-banks-nags-head,-75.638464,35.972242,7.010157108306885,0,0.0,False,0.0,none
42b35498-b9ed-49f1-b014-a0806261982c,outer-banks-nags-head,-75.638141,35.97334,3.299342155456543,0,0.0,False,0.0,none
a02c5b29-728d-40f0-ae80-be8cbb1323f7,outer-banks-nags-head,-75.638286,35.973558,3.695302724838257,0,0.0,False,0.0,none
fa48c2e6-55de-4ae2-9f14-f328fada4a06,outer-banks-nags-head,-75.63833,35.973715,6.4036431312561035,0,0.0,False,0.0,none
4356f770-8b21-4161-bf15-ac24621ae278,outer-banks-nags-head,-75.638373,35.973945,5.347266674041748,0,0.0,False,0.0,none
c308a499-579e-42d4-be2d-6c3514c9ada2,outer-banks-nags-head,-75.638021,35.973991,5.020472526550293,0,0.0,False,0.0,none
b1cb0083-6001-485f-839f-e793cfc48aa3,outer-banks-nags-head,-75.638218,35.974414,5.839190483093262,0,0.0,False,0.0,none
2b38d2fd-2b69-4738-8b83-34c9f66d3bdb,outer-banks-nags-head,-75.639345,35.97333,4.945497989654541,0,0.0,False,0.0,none
18e97d75-60c5-4e8c-9743-cdf7b07ca32d,outer-banks-nags-head,-75.639539,35.973646,4.571821689605713,0,0.0,False,0.0,none
aa4b2e7f-0309-447b-bf06-c5a91fd2854c,outer-banks-nags-head,-75.640043,35.973222,,0,0.0,False,0.0,none
af521cac-b8ff-4773-91a0-0fd6855ae5cc,outer-banks-nags-head,-75.640208,35.972582,1.2797783613204956,0,0.0,False,0.0,none
765fcdf5-6715-4f5a-837f-31b79ba979f8,outer-banks-nags-head,-75.641205,35.974211,5.282939434051514,0,0.0,False,0.0,none
163a2235-d84d-4a0b-96bd-4a358796d3e7,outer-banks-nags-head,-75.641671,35.974838,6.704400539398193,0,0.0,False,0.0,none
bacf5c9f-cdb1-4779-b232-7c4c100906ab,outer-banks-nags-head,-75.640974,35.975122,6.3034844398498535,0,0.0,False,0.0,none
af8acafe-5a6f-4aab-a2c7-f0380717ac0b,outer-banks-nags-head,-75.641162,35.975036,,0,0.0,False,0.0,none
b467fcf6-ef72-4f6e-a193-0a1a91fb2d93,outer-banks-nags-head,-75.640864,35.975437,5.667335510253906,0,0.0,False,0.0,none
2f9ba03b-2a34-4177-80e7-c6ec98907224,outer-banks-nags-head,-75.641181,35.976043,5.02179479598999,0,0.0,False,0.0,none
109fbb7e-d78f-40e0-9cf8-7bd1ec9a6f80,outer-banks-nags-head,-75.641682,35.975477,4.841610908508301,0,0.0,False,0.0,none
01a2e6d9-4943-4f7e-9fcc-35899d59c194,outer-banks-nags-head,-75.640546,35.975268,6.569314002990723,0,0.0,False,0.0,none
a2a426d3-9c3b-4142-91f9-e16112009d31,outer-banks-nags-head,-75.640071,35.974588,4.142910003662109,0,0.0,False,0.0,none
84ea7412-2fa3-4ac5-aa14-3d6801b9cb09,outer-banks-nags-head,-75.638692,35.974643,5.908166885375977,0,0.0,False,0.0,none
757c14a0-d542-43ca-b6bc-cf673a0669f9,outer-banks-nags-head,-75.638032,35.974495,5.498439311981201,0,0.0,False,0.0,none
c17d0e3e-13a8-4daf-9484-98633a9d7c89,outer-banks-nags-head,-75.637982,35.975148,5.637840747833252,0,0.0,False,0.0,none
1da70aa4-b143-4109-805c-4cf7c3fa0874,outer-banks-nags-head,-75.638574,35.975863,9.205103874206543,0,0.0,False,0.0,none
c9417b9f-047d-4f50-a4b7-85f6c2f63c47,outer-banks-nags-head,-75.638399,35.976743,12.361621856689453,0,0.0,False,0.0,none
d9f52f40-645b-4c66-b650-c9f7a68f3ff6,outer-banks-nags-head,-75.63795,35.977699,5.183320999145508,0,0.0,False,0.0,none
8a44e09f-f559-4c1a-b682-1fd84f5b4b50,outer-banks-nags-head,-75.638952,35.977686,3.3334925174713135,0,0.0,False,0.0,none
4c2326a6-cd51-4a7c-a01c-d8bb4f4cad6b,outer-banks-nags-head,-75.639787,35.97688,3.090790033340454,0,0.0,False,0.0,none
eb24e372-a0ef-4137-8274-c7577b52f87f,outer-banks-nags-head,-75.639481,35.978379,,0,0.0,False,0.0,none
8c578335-44ac-4500-aa66-4ed1626218c5,outer-banks-nags-head,-75.639434,35.978531,3.813462495803833,0,0.0,False,0.0,none
03dd4ab4-2f13-455d-957b-6f2cf7c36a4c,outer-banks-nags-head,-75.639722,35.978265,,0,0.0,False,0.0,none
a3aecd47-2dfd-4dd6-ab5e-020868cdc546,outer-banks-nags-head,-75.639806,35.978827,,0,0.0,False,0.0,none
cb980879-4b8b-4136-83d3-cde250a245cf,outer-banks-nags-head,-75.639771,35.979288,6.2198710441589355,0,0.0,False,0.0,none
7f984db9-cf3e-4891-92e9-8a93e29db5bb,outer-banks-nags-head,-75.639625,35.979449,5.324183940887451,0,0.0,False,0.0,none
17fabc24-431c-4dbc-9a0e-c006d1cfca0d,outer-banks-nags-head,-75.639528,35.979325,4.847603797912598,0,0.0,False,0.0,none
09199343-f2bc-4b13-856e-d17a6b2bc6d6,outer-banks-nags-head,-75.639385,35.979028,,0,0.0,False,0.0,none
74bff77a-9195-4bbd-b495-a2638c0713a9,outer-banks-nags-head,-75.639556,35.978887,5.880443572998047,0,0.0,False,0.0,none
9b986124-bdfc-42ad-97ac-4d18865a1ec2,outer-banks-nags-head,-75.639483,35.978666,4.865992546081543,0,0.0,False,0.0,none
07cae056-1e58-42ca-bdc9-ae28b1d08f10,outer-banks-nags-head,-75.639201,35.978755,5.224999904632568,0,0.0,False,0.0,none
93a2ecdb-9c2a-4625-8578-40ce21c78c40,outer-banks-nags-head,-75.6393,35.978918,4.285278797149658,0,0.0,False,0.0,none
72243487-c13b-4d91-912a-412470440d79,outer-banks-nags-head,-75.638977,35.979427,5.121626377105713,0,0.0,False,0.0,none
3d168264-9d3f-4365-a8db-32d046ce0f61,outer-banks-nags-head,-75.63892,35.979298,4.16187047958374,0,0.0,False,0.0,none
7f69be2d-5b1e-4c40-a0ad-dea289b49074,outer-banks-nags-head,-75.639006,35.978453,5.537466526031494,0,0.0,False,0.0,none
9e143abc-b193-4350-be09-d9814c00ab21,outer-banks-nags-head,-75.638602,35.978628,4.383251667022705,0,0.0,False,0.0,none
f74d597e-6528-4d6a-9c04-abb8453bb52a,outer-banks-nags-head,-75.638608,35.977937,,0,0.0,False,0.0,none
ac988831-8afc-4b8a-bc7b-2a909ec1f80d,outer-banks-nags-head,-75.638344,35.978198,5.077391624450684,0,0.0,False,0.0,none
9e94a7e3-72bc-4963-a90d-bb6c965be8ca,outer-banks-nags-head,-75.6381,35.977945,3.7315590381622314,0,0.0,False,0.0,none
98e489c4-a17e-409c-8be3-9b3a70492715,outer-banks-nags-head,-75.638016,35.97782,5.067583084106445,0,0.0,False,0.0,none
dbb9cdd5-5536-4d76-80d9-fb16ed61ebea,outer-banks-nags-head,-75.638058,35.978313,4.920490741729736,0,0.0,False,0.0,none
48815388-4480-4a8c-a878-67173a95abcd,outer-banks-nags-head,-75.637918,35.978384,4.6193928718566895,0,0.0,False,0.0,none
f8b92201-9f85-4588-a487-a3bbb9dfc3b5,outer-banks-nags-head,-75.638219,35.978258,,0,0.0,False,0.0,none
bd30a380-6731-4aca-967d-9dbec1d36d09,outer-banks-nags-head,-75.637967,35.978895,5.670848846435547,0,0.0,False,0.0,none
6439de5c-c639-48a3-a5b6-885633b03b3c,outer-banks-nags-head,-75.638062,35.979013,3.355802536010742,0,0.0,False,0.0,none
78fc2182-085d-438c-b77f-efb1b45a8621,outer-banks-nags-head,-75.638108,35.979154,3.2036964893341064,0,0.0,False,0.0,none
c20017bb-36b2-4d1a-8a81-e28f9696ee61,outer-banks-nags-head,-75.638221,35.979386,,0,0.0,False,0.0,none
87325cab-b953-4648-923e-ddc70f37b9de,outer-banks-nags-head,-75.638491,35.978722,5.301141738891602,0,0.0,False,0.0,none
a30f1fed-44cd-40fe-a370-44d00fcbd7ad,outer-banks-nags-head,-75.63871,35.97891,,0,0.0,False,0.0,none
4367e5a3-fa85-4e1e-8205-dba3b0b783b2,outer-banks-nags-head,-75.638835,35.979174,4.221354007720947,0,0.0,False,0.0,none
0c555dd4-9abb-4fec-acdf-90b0d709f3b1,outer-banks-nags-head,-75.638745,35.979062,3.55364990234375,0,0.0,False,0.0,none
c47aac27-6d92-4f8d-8ac8-22f86cad12f4,outer-banks-nags-head,-75.63862,35.980011,,0,0.0,False,0.0,none
97f9d544-f1c8-4771-b4f4-148012365d06,outer-banks-nags-head,-75.638503,35.979766,4.643598556518555,0,0.0,False,0.0,none
8e2b67d3-0b59-4f45-a04c-6ee3ec06a83e,outer-banks-nags-head,-75.638593,35.979879,4.751599311828613,0,0.0,False,0.0,none
2063e23b-1068-450b-a28c-28ceb229fa96,outer-banks-nags-head,-75.638416,35.979647,3.5132031440734863,0,0.0,False,0.0,none
fea126fe-fcf0-4e64-9d69-f70cb06b0e12,outer-banks-nags-head,-75.638352,35.979526,4.498637676239014,0,0.0,False,0.0,none
bd0d924c-e1aa-499c-a3a3-6e51d7c0524c,outer-banks-nags-head,-75.639005,35.979955,2.27987003326416,0,0.0,False,0.0,none
58b29115-c8aa-4309-a245-9c30c0a7eceb,outer-banks-nags-head,-75.639046,35.979551,4.994305610656738,0,0.0,False,0.0,none
220cc2fa-e3fc-44d4-ab8d-6d8129ded04b,outer-banks-nags-head,-75.639158,35.979851,5.09406852722168,0,0.0,False,0.0,none
18de2348-2391-4baf-a2c6-5948373f2be9,outer-banks-nags-head,-75.639301,35.979795,5.201320171356201,0,0.0,False,0.0,none
efd82ad9-1d68-4df7-95b1-ea55e7ffc459,outer-banks-nags-head,-75.639688,35.979578,5.697927951812744,0,0.0,False,0.0,none
f6b06769-cf03-4e78-99c2-252f2cdedacc,outer-banks-nags-head,-75.639769,35.979663,5.9510064125061035,0,0.0,False,0.0,none
9438d036-5fc2-4206-89ac-7947d920ad87,outer-banks-nags-head,-75.640569,35.979993,5.206143856048584,0,0.0,False,0.0,none
353afb85-b0ea-4d5a-be61-cb42b98b4a0f,outer-banks-nags-head,-75.640759,35.979906,5.11912202835083,0,0.0,False,0.0,none
2a995305-d201-4f9a-847f-c3effaffe927,outer-banks-nags-head,-75.640621,35.979725,5.418245792388916,0,0.0,False,0.0,none
6bda3709-dceb-455f-8b84-0c3a9ea0bded,outer-banks-nags-head,-75.640787,35.97967,5.425320148468018,0,0.0,False,0.0,none
4787bc7b-001b-4bf8-a78b-27c4b8c19c99,outer-banks-nags-head,-75.64046,35.979784,5.649425506591797,0,0.0,False,0.0,none
65b245ea-182d-452c-ad61-00175cd4be49,outer-banks-nags-head,-75.640315,35.979839,4.803854942321777,0,0.0,False,0.0,none
c7a9f35e-0fbe-4d2a-894c-bf6c0831fec1,outer-banks-nags-head,-75.640171,35.979909,5.334989547729492,0,0.0,False,0.0,none
c2926004-dee6-4597-b096-b3612e9538ce,outer-banks-nags-head,-75.639937,35.979957,5.348499774932861,0,0.0,False,0.0,none
a2808ce9-0ced-46e3-a245-b14d6b785008,outer-banks-nags-head,-75.640095,35.979478,6.779196262359619,0,0.0,False,0.0,none
a070380f-33a6-4738-960c-8044a3a2a2f5,outer-banks-nags-head,-75.639941,35.979545,5.334683895111084,0,0.0,False,0.0,none
28601a71-50c6-4170-ac89-68fb38f6ea86,outer-banks-nags-head,-75.639941,35.979231,6.142775058746338,0,0.0,False,0.0,none
53170101-cc2c-4280-8cd3-1b849083c0f4,outer-banks-nags-head,-75.64011,35.979169,6.163745403289795,0,0.0,False,0.0,none
a224f6c6-e408-4902-9ea8-b29e536d1e63,outer-banks-nags-head,-75.640231,35.979435,5.788537502288818,0,0.0,False,0.0,none
0d6cddc4-8260-480c-93e9-2aae5f9d8262,outer-banks-nags-head,-75.640265,35.979067,5.4836578369140625,0,0.0,False,0.0,none
8b7b4226-458d-4e40-a719-5ac2bbdd0788,outer-banks-nags-head,-75.64031,35.978943,5.792207717895508,0,0.0,False,0.0,none
6c8358b4-c5e4-4c23-ae77-45c9429d2157,outer-banks-nags-head,-75.640269,35.97873,6.037147045135498,0,0.0,False,0.0,none
35861f2d-346f-4cce-9059-132564b9ee05,outer-banks-nags-head,-75.640063,35.978333,5.697643280029297,0,0.0,False,0.0,none
ab37719c-ee12-425d-bd9a-a6af4cf1e6eb,outer-banks-nags-head,-75.639902,35.978256,,0,0.0,False,0.0,none
31e7cc7a-9c73-4b4a-a49d-3788dc223016,outer-banks-nags-head,-75.640284,35.977993,5.528676986694336,0,0.0,False,0.0,none
15fdb68f-3441-4781-b530-537a38503524,outer-banks-nags-head,-75.640153,35.978469,5.369257926940918,0,0.0,False,0.0,none
88d7a404-66a7-45be-8e12-f44a1e46bc97,outer-banks-nags-head,-75.640191,35.978628,5.2822265625,0,0.0,False,0.0,none
bd726af9-cca1-4ff4-a920-3637d5b655f9,outer-banks-nags-head,-75.640455,35.978266,4.438695907592773,0,0.0,False,0.0,none
fa4d70eb-3025-4274-9e92-4225dba5777a,outer-banks-nags-head,-75.640738,35.978839,6.255342960357666,0,0.0,False,0.0,none
ddf7bc5a-1af9-4da8-9432-849bf2eb5f0e,outer-banks-nags-head,-75.640412,35.97934,5.091106414794922,0,0.0,False,0.0,none
1ee46de6-d47c-4cc4-a160-0dc97b4ba331,outer-banks-nags-head,-75.640591,35.979279,5.639407157897949,0,0.0,False,0.0,none
2a70c7e1-03f3-4033-bd2f-67e9e36deb0e,outer-banks-nags-head,-75.641551,35.979905,6.100078582763672,0,0.0,False,0.0,none
d6ad952d-a4f1-4b98-8d6d-5b04ae2f2bd6,outer-banks-nags-head,-75.641292,35.979457,,0,0.0,False,0.0,none
e29913c8-9986-4522-ba7e-9de855e62e4a,outer-banks-nags-head,-75.641111,35.979584,6.595791816711426,0,0.0,False,0.0,none
53cdb62b-cbff-4688-a6a5-c774e4dd9e32,outer-banks-nags-head,-75.640924,35.979628,7.288368225097656,0,0.0,False,0.0,none
6d8f0544-9ff4-4988-aa5d-c5d868d8084b,outer-banks-nags-head,-75.641008,35.979819,6.218660354614258,0,0.0,False,0.0,none
7e398a54-a3b1-431b-8da9-eb37251bedae,outer-banks-nags-head,-75.6412,35.979905,5.434046268463135,0,0.0,False,0.0,none
30dd20ad-2d00-4117-bc4c-ea4860a58003,outer-banks-nags-head,-75.641249,35.980043,,0,0.0,False,0.0,none
bc930b9e-029a-4346-a6b1-7405730e3286,outer-banks-nags-head,-75.642639,35.979554,5.427527904510498,0,0.0,False,0.0,none
d2758fa1-e97e-4cac-b198-3381b7b0d8ea,outer-banks-nags-head,-75.643293,35.980017,6.616125583648682,0,0.0,False,0.0,none
777ed78b-c774-4c03-be30-09417a95a2ae,outer-banks-nags-head,-75.643722,35.979914,4.506439685821533,0,0.0,False,0.0,none
75ab865e-1385-42a3-b5ef-ac5d677fad02,outer-banks-nags-head,-75.643463,35.979479,6.3228583335876465,0,0.0,False,0.0,none
06012c66-4f76-491f-840a-9d8dd70aed5d,outer-banks-nags-head,-75.642932,35.978798,4.755643367767334,0,0.0,False,0.0,none
0d5544b4-9184-4251-acff-a9462afb280b,outer-banks-nags-head,-75.643112,35.978743,4.607142925262451,0,0.0,False,0.0,none
df5e5906-0d73-41a5-adc2-5b0e211e93d3,outer-banks-nags-head,-75.643359,35.979236,4.306832313537598,0,0.0,False,0.0,none
1201e0d6-109b-430f-bf10-78e35a4224f5,outer-banks-nags-head,-75.64352,35.979154,4.762304306030273,0,0.0,False,0.0,none
1cdfc9b6-6242-4106-b37c-7442cb313088,outer-banks-nags-head,-75.643622,35.979432,6.151340007781982,0,0.0,False,0.0,none
74c16040-4703-4470-b25d-9d873453ae11,outer-banks-nags-head,-75.643724,35.979114,,0,0.0,False,0.0,none
7e1b729b-0012-4571-b258-5f710ba26d02,outer-banks-nags-head,-75.643536,35.978681,6.21385383605957,0,0.0,False,0.0,none
f295be2c-e831-4722-a1df-f56defa45c46,outer-banks-nags-head,-75.64333,35.978251,,0,0.0,False,0.0,none
b80ee7f0-fea1-4208-9a00-3787d255f50f,outer-banks-nags-head,-75.64368,35.978551,,0,0.0,False,0.0,none
041bc1f8-2910-46e6-ba8d-d824f6c7206d,outer-banks-nags-head,-75.643541,35.97828,,0,0.0,False,0.0,none
31ae7146-9450-4e65-871f-ac2de9fe86e6,outer-banks-nags-head,-75.642851,35.978608,,0,0.0,False,0.0,none
2c58b026-6d8f-4be8-886c-501d0e6b8f95,outer-banks-nags-head,-75.642974,35.978099,4.124544620513916,0,0.0,False,0.0,none
063e7898-cbeb-45f4-bbfb-a83555b35d4d,outer-banks-nags-head,-75.642785,35.978005,5.248691082000732,0,0.0,False,0.0,none
8173038d-345f-47bf-88d4-22fc14821f25,outer-banks-nags-head,-75.642368,35.977878,4.723929405212402,0,0.0,False,0.0,none
ece82e54-a031-4ad2-a1f8-ba41e8dd34a2,outer-banks-nags-head,-75.642429,35.978012,4.498141288757324,0,0.0,False,0.0,none
bc7201c4-653a-4568-a088-2f52de59b250,outer-banks-nags-head,-75.642524,35.97818,4.678379535675049,0,0.0,False,0.0,none
b5c4e6d1-1bea-4317-af9c-ebb17f24fdb8,outer-banks-nags-head,-75.642659,35.978459,5.362543106079102,0,0.0,False,0.0,none
95dc29be-8ad6-41f4-a9c0-f248d97f5b58,outer-banks-nags-head,-75.642603,35.978333,5.591402530670166,0,0.0,False,0.0,none
048efd53-462e-4c0d-bff6-446ffd83bf39,outer-banks-nags-head,-75.64275,35.978648,5.296975135803223,0,0.0,False,0.0,none
65a466d5-1d77-47e7-83a4-8df353009a16,outer-banks-nags-head,-75.642779,35.978848,4.810949325561523,0,0.0,False,0.0,none
71bf0686-3707-4d41-b2b1-f736efddff9c,outer-banks-nags-head,-75.641831,35.978279,6.222716331481934,0,0.0,False,0.0,none
9d6572d9-ec33-4368-b17e-1a7d88d51f31,outer-banks-nags-head,-75.642008,35.977618,7.059937000274658,0,0.0,False,0.0,none
18bb9750-c1e2-4188-a6fc-970091c57833,outer-banks-nags-head,-75.642077,35.977343,,0,0.0,False,0.0,none
5e405139-7446-4ac8-b184-cbba65edaa6a,outer-banks-nags-head,-75.642312,35.97729,5.28356409072876,0,0.0,False,0.0,none
bd529d34-7eaf-4bcb-8520-899a02c67d4c,outer-banks-nags-head,-75.64249,35.977215,4.453061103820801,0,0.0,False,0.0,none
2f767c9b-7d95-484f-9cf2-7d321353fc17,outer-banks-nags-head,-75.64231,35.97626,1.3467278480529785,0,0.0,False,0.0,none
f92bd3ab-9f0d-4971-9272-baa34fe31dea,outer-banks-nags-head,-75.642285,35.976798,7.643809795379639,0,0.0,False,0.0,none
f5f84668-a207-403d-af8d-68ed436b9656,outer-banks-nags-head,-75.642099,35.976117,2.7804698944091797,0,0.0,False,0.0,none
ca121203-6ec7-4574-996c-1b27b317deea,outer-banks-nags-head,-75.64222,35.975403,,0,0.0,False,0.0,none
e930e8be-e1e3-4dcb-a911-07070d0db71f,outer-banks-nags-head,-75.641918,35.974718,6.675588130950928,0,0.0,False,0.0,none
0f425e6e-dd28-4e2f-90e6-b647d3c38734,outer-banks-nags-head,-75.642194,35.97455,7.36223840713501,0,0.0,False,0.0,none
fe932281-4908-46cb-8769-4ae3d70bce16,outer-banks-nags-head,-75.642503,35.975344,6.275000095367432,0,0.0,False,0.0,none
9770f83b-1b86-4bb8-a702-cad4185e6dd0,outer-banks-nags-head,-75.642779,35.975836,4.266729354858398,0,0.0,False,0.0,none
0bbd7115-3bb4-4cb1-a71e-6ee670d0c665,outer-banks-nags-head,-75.643204,35.97594,3.9731922149658203,0,0.0,False,0.0,none
0d8286ba-47bc-4057-bbc3-d6c490f0ac83,outer-banks-nags-head,-75.642839,35.975244,6.462131977081299,0,0.0,False,0.0,none
3743ba03-8b6e-4ef5-8393-9eb108aba5e0,outer-banks-nags-head,-75.642962,35.975012,6.33595609664917,0,0.0,False,0.0,none
ee428a03-42bf-46bf-a704-393803c9e1ec,outer-banks-nags-head,-75.642924,35.974776,6.04296875,0,0.0,False,0.0,none
2a662863-d273-46f3-82ed-6f5783f92004,outer-banks-nags-head,-75.643415,35.97496,,0,0.0,False,0.0,none
d5decb19-521c-4c96-833a-1dcc545c590d,outer-banks-nags-head,-75.643565,35.974754,,0,0.0,False,0.0,none
4cb6b658-5a5b-4179-8565-07d49ddf2cf7,outer-banks-nags-head,-75.64376,35.976684,3.703472137451172,0,0.0,False,0.0,none
4fbc6fbd-e13b-41bb-a099-3c80fbf3cb9e,outer-banks-nags-head,-75.643412,35.976848,3.8587896823883057,0,0.0,False,0.0,none
973131fe-f801-42d4-800e-b07b47208f5f,outer-banks-nags-head,-75.643026,35.977001,,0,0.0,False,0.0,none
96138778-7b0c-462a-8ed0-6faa3046f3d4,outer-banks-nags-head,-75.642875,35.977078,5.959056377410889,0,0.0,False,0.0,none
d3564f73-71af-40be-a13d-977e40fa3fe4,outer-banks-nags-head,-75.642891,35.977534,5.070781230926514,0,0.0,False,0.0,none
387d85e9-6b1d-48f8-bd9e-b2cb6e73f5e0,outer-banks-nags-head,-75.64309,35.977632,5.943765163421631,0,0.0,False,0.0,none
17480c83-6c51-4e35-bc2f-dbb2ea1a6792,outer-banks-nags-head,-75.643274,35.977431,6.089423179626465,0,0.0,False,0.0,none
1b9afbd0-f17e-4762-95aa-62793fa9c5d3,outer-banks-nags-head,-75.643259,35.977687,,0,0.0,False,0.0,none
8b6fdaee-67cc-419a-84f3-1bd2b54d1248,outer-banks-nags-head,-75.643455,35.977752,,0,0.0,False,0.0,none
1765ce80-0635-43a1-8bcb-5e3cfbfc54f0,outer-banks-nags-head,-75.643511,35.977514,5.384791851043701,0,0.0,False,0.0,none
0ae3522a-cf20-4b5f-b570-89a7fc2ef786,outer-banks-nags-head,-75.643664,35.977553,6.0129289627075195,0,0.0,False,0.0,none
90830bfe-aa40-4a15-ae29-515bf653018a,outer-banks-nags-head,-75.643869,35.977629,6.946130275726318,0,0.0,False,0.0,none
07dce37a-56f9-4109-84a6-99ba9ace419a,outer-banks-nags-head,-75.643974,35.977126,5.107239723205566,0,0.0,False,0.0,none
7244b6b7-2f7a-4b21-bd72-a473b19ed570,outer-banks-nags-head,-75.644194,35.977231,5.841630935668945,0,0.0,False,0.0,none
39aa9176-35bd-4f5a-b280-d2559d62ff1e,ocean-city-md,-75.10002,38.32765,,3,2.5,False,0.075,low
3053d3d8-5c9f-4cad-a8df-771d14651a99,ocean-city-md,-75.090161,38.326083,,8,7.5,False,0.225,low
f3da41cf-d5d1-4147-ab00-de6e795cd3b5,ocean-city-md,-75.09021,38.326762,,0,0.0,False,0.0,none
422fff37-70a5-444f-aa13-e32c013f21ff,ocean-city-md,-75.090383,38.327517,,5,4.5,False,0.135,low
20db301a-e639-4217-ac5b-1fb5052af972,ocean-city-md,-75.090157,38.327489,,5,4.5,False,0.135,low
dfaa655f-ef13-4598-a3c8-ff7312b1a40a,ocean-city-md,-75.09,38.327478,,4,3.5,False,0.105,low
aa024bb2-3420-4ad5-a567-1479bf3d2f74,ocean-city-md,-75.090665,38.328019,,4,3.5,False,0.105,low
c1de0b9e-a0a5-4d8a-aa91-52b92b75ef0c,ocean-city-md,-75.090739,38.328041,2.4452221393585205,4,3.5,False,0.105,low
ab2ea0c0-b4b4-4b0b-a3c4-ca543275081c,ocean-city-md,-75.090827,38.328128,,4,3.5,False,0.105,low
938cf1b0-3f29-458c-b1d2-34a07440a4a5,ocean-city-md,-75.090719,38.32863,,4,3.5,False,0.105,low
0f234387-c295-4159-a4ae-e4a692549840,ocean-city-md,-75.090262,38.3289,7.763793468475342,6,5.5,False,0.165,low
ef125c6f-0e88-4240-85f7-c51a48b5b578,ocean-city-md,-75.090296,38.329218,8.293439865112305,6,5.5,False,0.165,low
c1bca437-3c30-4588-9111-212ff2a938c9,ocean-city-md,-75.090668,38.328944,6.783382892608643,4,3.5,False,0.105,low
773903cb-45dc-4ab5-9036-47a368bb1439,ocean-city-md,-75.097441,38.333615,5.234537601470947,4,3.5,False,0.105,low
335eef6d-5f6b-4b09-8904-4d4be79d5838,ocean-city-md,-75.097193,38.333178,5.163710594177246,5,4.5,False,0.135,low
53cbbe99-2f0e-4c35-9f64-069f7f25c90d,ocean-city-md,-75.097168,38.333422,4.827168941497803,5,4.5,False,0.135,low
86533f46-cad9-4f6c-a99a-3fef8b01fcc6,ocean-city-md,-75.097032,38.333122,0.7095147967338562,5,4.5,False,0.135,low
5e308925-55e0-46ad-8800-f326d04f3f37,ocean-city-md,-75.097148,38.332509,6.030651569366455,5,4.5,False,0.135,low
68875f81-bdd0-4918-9614-a22cf51ed3d0,ocean-city-md,-75.09724,38.332246,4.815341949462891,4,3.5,False,0.105,low
89f92ca8-e9ec-4505-9446-4e76a64f7d93,ocean-city-md,-75.097541,38.332165,5.78446102142334,4,3.5,False,0.105,low
d44fadf3-c3a1-4e3c-9217-8370c7d08f17,ocean-city-md,-75.096336,38.330115,3.3671329021453857,6,5.5,False,0.165,low
efed3024-41cd-4d00-b949-d595890c1582,ocean-city-md,-75.095515,38.329573,,3,2.5,False,0.075,low
ccc72923-e15e-4afd-b9aa-7622d8e1c1f1,ocean-city-md,-75.095545,38.329437,4.046200752258301,3,2.5,False,0.075,low
006c46ef-c82c-497f-883a-f2f024319529,ocean-city-md,-75.095607,38.329291,,3,2.5,False,0.075,low
2d1a9649-1ff8-4dce-b243-3da6fbf40762,ocean-city-md,-75.095731,38.329178,,2,1.5,False,0.045,low
c8b80779-67f6-4e17-90c3-d4ce466473f9,ocean-city-md,-75.095927,38.329272,,3,2.5,False,0.075,low
446d4c72-e4c7-4dcc-bc56-5fd96e86ceb5,ocean-city-md,-75.096077,38.329473,5.172786235809326,6,5.5,False,0.165,low
359c4470-8448-4925-9479-5c9e70259574,ocean-city-md,-75.096136,38.329289,,6,5.5,False,0.165,low
2a7ce713-19ee-48a6-9e20-37ce0b79211e,ocean-city-md,-75.096301,38.329237,2.7306501865386963,6,5.5,False,0.165,low
a00b6df4-aa1e-4e85-9100-2ed93ccf9c1b,ocean-city-md,-75.09649,38.32951,4.771324634552002,6,5.5,False,0.165,low
711b9b4f-647f-4c92-88d0-ccf5045e619c,ocean-city-md,-75.096427,38.329325,2.5142459869384766,5,4.5,False,0.135,low
5914d498-e6d5-4f56-8c5b-b4088f32728e,ocean-city-md,-75.096809,38.329555,2.777400255203247,6,5.5,False,0.165,low
2e9f145b-b957-4bc0-83e0-9e98acaf2ba8,ocean-city-md,-75.096897,38.329406,,6,5.5,False,0.165,low
b423b666-90af-441b-b446-8277fbec0c3f,ocean-city-md,-75.096836,38.329304,,6,5.5,False,0.165,low
16411494-8d1b-4f63-bb69-f6c052f1ddc5,ocean-city-md,-75.096971,38.329319,,5,4.5,False,0.135,low
9bb4d5e0-a48f-4cfe-8f4e-a21c275461a8,ocean-city-md,-75.096834,38.329103,,0,0.0,False,0.0,none
78269d79-15bb-4625-86d2-e5fc840cd7c7,ocean-city-md,-75.096375,38.328565,,0,0.0,False,0.0,none
dc32fc62-9024-4208-b55a-a6a6e6929349,ocean-city-md,-75.096719,38.328468,,0,0.0,False,0.0,none
8fc771bb-8f08-41c5-b223-b2bc4316a9ad,ocean-city-md,-75.09705,38.328338,3.5672247409820557,0,0.0,False,0.0,none
18c20aa1-7b2b-4bb5-ba03-7aca778ad963,ocean-city-md,-75.097333,38.328259,4.706937313079834,0,0.0,False,0.0,none
481b5e5f-bb28-4647-b12f-7b99653a62b7,ocean-city-md,-75.097618,38.328839,5.720123767852783,0,0.0,False,0.0,none
85226e89-88bd-417a-bb17-0c4391b3a9de,ocean-city-md,-75.097264,38.328862,,0,0.0,False,0.0,none
fb55aaa1-76e3-412e-b788-3e5bdf9ac655,ocean-city-md,-75.097583,38.32957,,0,0.0,False,0.0,none
b8dd438b-4ec4-46e1-9215-3cfb3e0540b0,ocean-city-md,-75.097522,38.330144,3.19655179977417,6,5.5,False,0.165,low
75bef1b7-44a7-4bee-bf78-35475ed94b47,ocean-city-md,-75.097264,38.330137,,7,6.5,False,0.195,low
f17f90ca-ffe7-49f1-a916-431169126e7b,ocean-city-md,-75.097044,38.33013,,6,5.5,False,0.165,low
6bc77932-4bfa-4070-b6dd-160f6e2c48fa,ocean-city-md,-75.097279,38.329563,,1,0.5,False,0.015,low
d09fd326-9dd1-47b9-8f1b-590dd55fd7a9,ocean-city-md,-75.098787,38.330313,,6,5.5,False,0.165,low
4c646ba9-5a71-4d1a-8e8d-f6003d5c59a9,ocean-city-md,-75.098405,38.330209,,7,6.5,False,0.195,low
b6a967cd-9cde-4418-88f7-28b3a01a67a1,ocean-city-md,-75.098728,38.329617,,1,0.5,False,0.015,low
ab98d94d-3e1e-4f22-87ca-8852c2ad3246,ocean-city-md,-75.098188,38.329626,6.21624755859375,0,0.0,False,0.0,none
8cbd0b23-b27c-42ae-a13e-64cc25c45174,ocean-city-md,-75.097735,38.330227,,6,5.5,False,0.165,low
153c5e54-9e5a-430d-a824-0d5d480b9ce2,ocean-city-md,-75.09786,38.329601,,0,0.0,False,0.0,none
e72ffb75-9efb-49cf-9b4b-304e10d716f5,ocean-city-md,-75.098101,38.329323,4.749579906463623,0,0.0,False,0.0,none
ceb9adbb-75c5-4d44-a6c5-80d93098f1ec,ocean-city-md,-75.098244,38.32934,,0,0.0,False,0.0,none
79b93c1c-24ef-4048-850b-6b0d5c53fbf7,ocean-city-md,-75.09808,38.329034,5.376077651977539,0,0.0,False,0.0,none
65beefcd-9b26-4fd2-818b-7f1bd8b49fc7,ocean-city-md,-75.097861,38.329087,,0,0.0,False,0.0,none
d715caa2-e711-429c-b4a5-05bfb56eba3b,ocean-city-md,-75.097763,38.328212,4.967051982879639,0,0.0,False,0.0,none
46de02e7-1189-43d2-aaa3-d411dfdc37a1,ocean-city-md,-75.097956,38.32882,,0,0.0,False,0.0,none
9fcaf926-16ae-47e2-9633-c503295cc7f7,ocean-city-md,-75.09832,38.328166,,0,0.0,False,0.0,none
49fc61a9-2ef2-42f5-910b-5b85a33b92b8,ocean-city-md,-75.098572,38.328509,,0,0.0,False,0.0,none
6067becb-c455-418c-a658-83598bbeb077,ocean-city-md,-75.098813,38.329535,3.975567102432251,2,1.5,False,0.045,low
6e0b0e74-fdf6-4e2a-9c3b-817a7deef28e,ocean-city-md,-75.099484,38.329387,,1,0.5,False,0.015,low
e4192d1b-8a4e-45d5-b283-b6e02aef030d,ocean-city-md,-75.099747,38.329465,3.1638360023498535,0,0.0,False,0.0,none
a6d44ac4-cbe5-44b1-bc7d-8823830790ff,ocean-city-md,-75.09987,38.329786,3.2614285945892334,1,0.5,False,0.015,low
67807146-363b-4f9d-b864-92993e17093f,ocean-city-md,-75.100112,38.329898,,1,0.5,False,0.015,low
0e027ee4-2713-4635-8219-a870cd222bcb,ocean-city-md,-75.099048,38.329689,,2,1.5,False,0.045,low
23cb564b-b4c4-45d0-8fe5-a2a73b37a5f0,ocean-city-md,-75.099467,38.330383,,7,6.5,False,0.195,low
6b6d001c-ee6e-4121-bc19-fa5d69c5ed6a,ocean-city-md,-75.099147,38.330321,,7,6.5,False,0.195,low
28d8613c-cbc0-4969-8b36-43b57f1a948e,ocean-city-md,-75.098939,38.330333,,5,4.5,False,0.135,low
e6680b61-d243-4f2f-b044-231c377394e7,ocean-city-md,-75.099758,38.330512,2.6535959243774414,6,5.5,False,0.165,low
6dcf98b4-fc05-4bdb-b62e-c912a516ddcd,ocean-city-md,-75.100121,38.330552,2.1945221424102783,6,5.5,False,0.165,low
59ed8b42-e78b-46b0-82c6-57d9a0edbe1c,ocean-city-md,-75.097834,38.332151,7.023476600646973,3,2.5,False,0.075,low
19514800-fc10-4a60-86e3-42ef7b2dca1b,ocean-city-md,-75.097739,38.333084,5.177599906921387,4,3.5,False,0.105,low
7dd1dc2a-4da7-44ab-a98e-93abaa83511a,ocean-city-md,-75.097953,38.333237,5.600977420806885,4,3.5,False,0.105,low
7e3a6d82-936e-4909-930f-3ab6e729f6fe,ocean-city-md,-75.099546,38.333553,,6,5.5,False,0.165,low
eea15638-d378-45c0-b3b1-d8b1b57535b3,ocean-city-md,-75.099676,38.334294,1.0,3,2.5,False,0.075,low
5542ea3f-ffb1-40f2-9e95-0f7f4dd04c7f,ocean-city-md,-75.098757,38.334109,0.3888063430786133,4,3.5,False,0.105,low
3ec6d272-7fd9-48b7-be2d-4ac420fb045a,ocean-city-md,-75.09843,38.334015,1.6608375310897827,0,0.0,False,0.0,none
de83a943-71ae-472b-9ef3-96ef9ac9082e,ocean-city-md,-75.097879,38.334921,,0,0.0,False,0.0,none
6cca8ef1-786e-4490-98ec-b8afdd30dd13,ocean-city-md,-75.098559,38.335119,5.074465274810791,8,7.5,False,0.225,low
4eceebb0-2364-4e34-9cdb-0cdcacb96837,ocean-city-md,-75.099982,38.335528,,5,4.5,False,0.135,low
ef4cea1d-afee-4454-b3d4-68f65ca542ef,ocean-city-md,-75.099897,38.335817,,2,1.5,False,0.045,low
f1c6e585-6ccc-4e6c-aa84-c6dd705cf344,ocean-city-md,-75.099827,38.33607,,3,2.5,False,0.075,low
d24e8360-f602-4ffa-9edb-1c39c57c7d0b,ocean-city-md,-75.096912,38.344513,4.405487537384033,0,0.0,False,0.0,none
e611523f-d659-4255-b68b-848a841fd793,ocean-city-md,-75.096801,38.345096,3.8126273155212402,2,1.5,False,0.045,low
c8907c72-05f0-4b48-a04e-a3638baf553c,ocean-city-md,-75.097115,38.344308,4.333522796630859,0,0.0,False,0.0,none
9596d1d0-0082-46fa-8ac5-4b15070eee39,ocean-city-md,-75.097395,38.344042,3.2106823921203613,0,0.0,False,0.0,none
ca2edfdd-135e-4e8b-8e54-481471bd29fa,ocean-city-md,-75.099928,38.342176,4.844947814941406,0,0.0,False,0.0,none
8e7eb26e-405c-420f-848b-d326ecc7b517,ocean-city-md,-75.099868,38.342494,6.896570682525635,3,2.5,False,0.075,low
bdd6a44b-2c9e-432b-98b2-b7a6a3ecd354,ocean-city-md,-75.099758,38.343055,5.232921600341797,2,1.5,False,0.045,low
e607c72e-7664-483a-a918-e9c46ffea3f6,ocean-city-md,-75.099257,38.343342,3.122844934463501,0,0.0,False,0.0,none
2ce3695b-f1dd-4fd9-bb64-f3165789f9af,ocean-city-md,-75.098958,38.343435,5.205722332000732,1,0.5,False,0.015,low
d450c6c4-c8ef-41e4-9be1-d0e748d824ab,ocean-city-md,-75.098485,38.343518,3.5611748695373535,1,0.5,False,0.015,low
1d566a1a-525a-4886-b22a-ef7db1411e5c,ocean-city-md,-75.098783,38.343473,6.231683731079102,1,0.5,False,0.015,low
91880648-5be5-42c4-a076-aff65131c151,ocean-city-md,-75.098673,38.344805,3.616806745529175,6,5.5,False,0.165,low
17c2158b-482b-4da7-80cc-c7302a0c8141,ocean-city-md,-75.099511,38.344685,4.606898307800293,6,5.5,False,0.165,low
4da8e44a-56b1-4e58-b63b-15b7e80594f2,ocean-city-md,-75.100028,38.343692,6.80515718460083,5,4.5,False,0.135,low
f4b739d2-72c7-4cc7-9ab0-25581d72da8f,ocean-city-md,-75.100035,38.344477,3.247767925262451,7,6.5,False,0.195,low
83be16dc-42bd-45f3-be59-34813220170a,ocean-city-md,-75.099847,38.344692,2.9420433044433594,5,4.5,False,0.135,low
357e6eb5-f338-47f6-975a-f556cd07f196,ocean-city-md,-75.099742,38.344624,1.1467236280441284,5,4.5,False,0.135,low
57d88f26-0240-4eeb-9657-497031890b7b,ocean-city-md,-75.099846,38.344851,4.8404130935668945,5,4.5,False,0.135,low
2cbfbd40-fe3c-4954-b082-e51aa1059732,ocean-city-md,-75.100193,38.336323,,3,2.5,False,0.075,low
7cae1e9c-88dd-4205-985c-dad9459e8dd2,ocean-city-md,-75.100178,38.351525,5.305978775024414,2,1.5,False,0.045,low
1e8360ca-a475-4ee7-8c85-83944f757b0e,ocean-city-md,-75.099346,38.354434,4.982033729553223,1,0.5,False,0.015,low
2a32bef0-4ee9-4b0a-a547-d1f236ab6c4c,ocean-city-md,-75.09963,38.353939,6.207767009735107,2,1.5,False,0.045,low
06d49199-8e27-4e1c-9db3-54b3145c9757,ocean-city-md,-75.099988,38.354018,4.445494174957275,1,0.5,False,0.015,low
ad9119ce-d839-4e05-8e0d-e17f0db3a1c1,ocean-city-md,-75.100121,38.353613,3.6972715854644775,3,2.5,False,0.075,low
112613ca-cac7-4cda-aaad-4669bf5ebe2a,ocean-city-md,-75.099686,38.35363,4.987154483795166,2,1.5,False,0.045,low
8877c421-ab1b-460b-9bb0-fb1b1835b053,ocean-city-md,-75.098889,38.354187,5.8310770988464355,0,0.0,False,0.0,none
0c86650b-f0ef-4863-b939-7d9407d772d6,ocean-city-md,-75.098705,38.353718,5.536996841430664,5,4.5,False,0.135,low
6c167c98-8b3e-468f-bebe-39783f9efa63,ocean-city-md,-75.098442,38.353817,4.064943313598633,5,4.5,False,0.135,low
293a59e3-330d-4de4-8d5d-a11ead9640a4,ocean-city-md,-75.098395,38.353942,3.8502140045166016,2,1.5,False,0.045,low
27b15d0e-3049-4788-bfa0-fd12b655bc19,ocean-city-md,-75.098961,38.353435,5.689852714538574,4,3.5,False,0.105,low
45c35e82-ed51-4cd6-b184-d186ead35fdf,ocean-city-md,-75.099194,38.353129,6.102567195892334,2,1.5,False,0.045,low
7d1406cb-5d4a-46d7-aa18-a4c100a0b582,ocean-city-md,-75.099885,38.353044,4.764565944671631,3,2.5,False,0.075,low
ac06f32e-da74-4ef9-99d9-bfdd717e13d6,ocean-city-md,-75.099373,38.352779,5.1548614501953125,3,2.5,False,0.075,low
48dd70fa-7700-4c75-8500-f488292e444d,ocean-city-md,-75.098936,38.352723,5.449380874633789,3,2.5,False,0.075,low
53200e53-2e5a-43ce-9b56-a75aef127675,ocean-city-md,-75.099166,38.352165,4.029994487762451,4,3.5,False,0.105,low
2ca49e97-6fc9-4714-beb3-26e6131db892,ocean-city-md,-75.098888,38.351868,2.890397787094116,4,3.5,False,0.105,low
b3c711f5-23ba-4ba9-b8d7-027050361a59,ocean-city-md,-75.099026,38.351672,4.462252140045166,3,2.5,False,0.075,low
0e0902e0-c987-4ee3-af04-3b5d3ada8030,ocean-city-md,-75.099518,38.351776,3.7994492053985596,3,2.5,False,0.075,low
dc27e603-c52c-4722-b677-86c6e2ef7b01,ocean-city-md,-75.099931,38.351101,5.170465469360352,2,1.5,False,0.045,low
8fa94063-bd09-41de-9d67-64f2a107ebda,ocean-city-md,-75.099306,38.351223,4.680454730987549,4,3.5,False,0.105,low
2f92698b-a20e-4186-929f-760ce074e515,ocean-city-md,-75.09913,38.35085,4.385879039764404,4,3.5,False,0.105,low
33d13b78-0bc9-42c2-a9fd-f04210b055e5,ocean-city-md,-75.098452,38.351012,5.052948474884033,4,3.5,False,0.105,low
c51c2adf-4f5d-4722-ab44-356c8658f2a6,ocean-city-md,-75.098636,38.351513,3.716374158859253,3,2.5,False,0.075,low
b10c3446-e669-46ac-a7c0-4af722a48b0d,ocean-city-md,-75.098616,38.351571,3.819460391998291,4,3.5,False,0.105,low
a2a272b5-9483-4a61-8c2e-ce1e7bfbb37c,ocean-city-md,-75.098714,38.352082,3.600714921951294,4,3.5,False,0.105,low
af7f6d11-62e6-4328-9301-45473d565673,ocean-city-md,-75.098221,38.3515,5.611667156219482,3,2.5,False,0.075,low
e8d2d959-3c49-45ed-a690-60056adbc42e,ocean-city-md,-75.097727,38.351528,5.906309604644775,4,3.5,False,0.105,low
21ff9170-0c01-4003-8d08-046d0290cfc5,ocean-city-md,-75.09809,38.351027,5.1211442947387695,4,3.5,False,0.105,low
34b3fdc5-c168-4fb5-ab86-610c1cfce756,ocean-city-md,-75.097753,38.351069,4.966964244842529,4,3.5,False,0.105,low
bad1d88a-1e4a-46b1-b1a7-a54a759b9705,ocean-city-md,-75.097443,38.351019,4.638141632080078,4,3.5,False,0.105,low
cf5849fe-81f2-424a-8218-7c61be7ac37e,ocean-city-md,-75.097369,38.351094,5.71306037902832,4,3.5,False,0.105,low
9d272fb7-858f-4851-af6d-470ba5c28a09,ocean-city-md,-75.097046,38.351142,5.095034122467041,4,3.5,False,0.105,low
2551cc02-5316-4189-b790-b135a5592728,ocean-city-md,-75.096642,38.351146,5.592831611633301,5,4.5,False,0.135,low
5bb8cd4a-d8eb-49b9-9302-3dbe9ef6e876,ocean-city-md,-75.096369,38.351509,4.200920104980469,4,3.5,False,0.105,low
681f5361-ca07-44ec-a54f-f7ef9f8c1978,ocean-city-md,-75.096557,38.35173,4.6513671875,4,3.5,False,0.105,low
41693900-8a43-4c6d-a320-d88e2553a0ed,ocean-city-md,-75.097077,38.352061,4.316199779510498,3,2.5,False,0.075,low
738533fe-6ff3-45c7-bc1e-d499a0fe1ff9,ocean-city-md,-75.097506,38.352199,5.041132926940918,2,1.5,False,0.045,low
1c0c4ec9-dbf9-4e5d-ae23-669b11fe60ab,ocean-city-md,-75.096206,38.350494,5.225350379943848,3,2.5,False,0.075,low
ae9b5f90-3a9f-4318-abc9-c63a3317a500,ocean-city-md,-75.096796,38.350305,1.9269822835922241,5,4.5,False,0.135,low
0c83ec30-4e2c-476e-96a5-1e5062d88a95,ocean-city-md,-75.096571,38.350475,1.9389243125915527,4,3.5,False,0.105,low
f5728b4f-60f9-458c-89a8-87f8e67085ec,ocean-city-md,-75.097111,38.350403,5.223416328430176,3,2.5,False,0.075,low
309c33d1-d79c-447e-9468-577cb57237ab,ocean-city-md,-75.09751,38.350376,5.770827293395996,4,3.5,False,0.105,low
70a30e4e-4e68-48aa-832b-757f4b4267b1,ocean-city-md,-75.097421,38.350486,1.951612949371338,5,4.5,False,0.135,low
c31f2a77-6778-4b0f-a972-f6619386029b,ocean-city-md,-75.098196,38.350321,4.9495954513549805,4,3.5,False,0.105,low
7858699c-2646-4eaa-bcaa-9cca5867f101,ocean-city-md,-75.098566,38.350275,3.973633050918579,3,2.5,False,0.075,low
12ecc686-69ac-44f9-8589-1a9495ea628f,ocean-city-md,-75.099017,38.350253,3.718043088912964,3,2.5,False,0.075,low
e9cff4b9-f17a-4ad5-bedc-176e85b89b7d,ocean-city-md,-75.099686,38.350418,5.326233386993408,1,0.5,False,0.015,low
535724b6-5045-40c2-b728-fd429c6b3bee,ocean-city-md,-75.100073,38.350638,4.754526138305664,1,0.5,False,0.015,low
38f8243e-a2a6-4c4c-9a4a-122e008a3ef1,ocean-city-md,-75.10016,38.350182,4.407181739807129,0,0.0,False,0.0,none
54b52db1-b6c0-4639-a602-4adb0e412c43,ocean-city-md,-75.099682,38.350116,3.7226128578186035,2,1.5,False,0.045,low
41eafef3-4d85-48f9-872f-657c8c096610,ocean-city-md,-75.099011,38.349784,3.6408398151397705,3,2.5,False,0.075,low
eb8d5677-8a23-458a-95c2-4b54b5b2def4,ocean-city-md,-75.099272,38.349164,4.926488399505615,3,2.5,False,0.075,low
cdc8f8a3-d8e1-44c0-8353-5e30330edfa3,ocean-city-md,-75.099705,38.348379,5.055112361907959,5,4.5,False,0.135,low
b3a681d5-aa8f-4715-81be-ab033e10f39d,ocean-city-md,-75.098077,38.346914,5.870246887207031,4,3.5,False,0.105,low
24ac4e32-12f1-4391-bb8d-10c7803aa3ed,ocean-city-md,-75.099952,38.347764,6.372066020965576,6,5.5,False,0.165,low
3e12af41-570d-426e-9e17-65529d110b24,ocean-city-md,-75.099683,38.346258,4.873030185699463,4,3.5,False,0.105,low
159b1ace-f7e1-4017-9813-79104b11cc82,ocean-city-md,-75.099825,38.346346,3.812302827835083,4,3.5,False,0.105,low
56aac0ae-2115-432c-b8cd-08527d8d7fd4,ocean-city-md,-75.099979,38.3464,4.804786682128906,3,2.5,False,0.075,low
f9c67663-6c88-4b2a-b18e-198e0ebd2027,ocean-city-md,-75.100035,38.345948,4.976424217224121,5,4.5,False,0.135,low
aa28bc4f-013f-482a-a01d-c8f6643483f4,ocean-city-md,-75.099973,38.345569,3.6344358921051025,6,5.5,False,0.165,low
6e1dea32-f5fe-4576-a774-43920ad916ec,ocean-city-md,-75.099868,38.345362,3.7856507301330566,6,5.5,False,0.165,low
cc77eb57-a0a7-4f42-807a-6c54f0545cb5,ocean-city-md,-75.099616,38.345289,5.361290454864502,5,4.5,False,0.135,low
350c7e7f-7f7a-4241-9190-13d9fe334c62,ocean-city-md,-75.099492,38.345203,4.926764011383057,5,4.5,False,0.135,low
c1bfdcd0-badd-4b18-83c1-04e1f268bb38,ocean-city-md,-75.099342,38.34511,5.392857074737549,6,5.5,False,0.165,low
2cff96e6-944d-4cd1-b888-db06fb76f7eb,ocean-city-md,-75.099256,38.345248,3.7795917987823486,5,4.5,False,0.135,low
99fa6f82-c28f-4dad-9632-17b0a41b87b6,ocean-city-md,-75.096989,38.345616,3.1635220050811768,5,4.5,False,0.135,low
4c458f95-24da-4b42-8ce9-6cb2887090e2,ocean-city-md,-75.096887,38.345367,2.568589687347412,2,1.5,False,0.045,low
befa0182-e1c8-4332-84de-777b53bdc7ae,ocean-city-md,-75.09689,38.346198,1.3070539236068726,5,4.5,False,0.135,low
c815ae99-abf6-4bd7-a016-1ecb18805d28,ocean-city-md,-75.097166,38.346269,4.891561031341553,4,3.5,False,0.105,low
290810f1-d4c1-4921-bf23-9ca8ab859b46,ocean-city-md,-75.097306,38.346572,5.694305896759033,3,2.5,False,0.075,low
69fb294a-f9ae-40d4-a127-81d482277c81,ocean-city-md,-75.097347,38.346944,5.097792625427246,4,3.5,False,0.105,low
6319329b-4f6d-4b4b-a52f-58e992dae1bf,ocean-city-md,-75.094634,38.347136,1.0258175134658813,5,4.5,False,0.135,low
ee58f06e-6def-43a4-965f-82c549cd706b,ocean-city-md,-75.085737,38.345342,8.742826461791992,1,0.5,False,0.015,low
0e7f1b6d-de24-4cc1-9884-9d3a633d0c27,ocean-city-md,-75.085383,38.345934,7.256524085998535,2,1.5,False,0.045,low
665c8e9e-bed5-42e2-9b59-27db2225fcea,ocean-city-md,-75.084273,38.345322,5.7703962326049805,4,3.5,False,0.105,low
f056e9f4-0618-436d-8686-6a6161f64cec,ocean-city-md,-75.083786,38.345388,5.525876998901367,5,4.5,False,0.135,low
d7e0c072-a820-47df-9aea-4aaec0817cc7,ocean-city-md,-75.083671,38.345836,6.435205459594727,5,4.5,False,0.135,low
f37d94c5-7f30-4818-bb73-f58d12da0329,ocean-city-md,-75.084623,38.345936,6.5362443923950195,3,2.5,False,0.075,low
2a5388d3-0c9b-48b2-aa28-7f0221016f37,ocean-city-md,-75.084337,38.347108,,2,1.5,False,0.045,low
422a2b20-5838-439a-bf11-4056d4706fe0,ocean-city-md,-75.084653,38.34735,,3,2.5,False,0.075,low
3d41f78b-0fba-4931-a9e1-3ba9fbd852ac,ocean-city-md,-75.084862,38.347667,4.23203706741333,2,1.5,False,0.045,low
f46e1505-b988-45a0-bfac-59e28d5a0a71,ocean-city-md,-75.083973,38.34748,5.780745983123779,3,2.5,False,0.075,low
c9e44e81-4861-41e6-af70-33bff0557f74,ocean-city-md,-75.084249,38.347716,5.482277870178223,2,1.5,False,0.045,low
5d6cd3a1-1c9f-49dc-96b5-f9deb0ff3142,ocean-city-md,-75.083631,38.347221,,4,3.5,False,0.105,low
68740590-ca40-4be4-b0f9-24386eacf3ec,ocean-city-md,-75.083692,38.346986,3.3843791484832764,5,4.5,False,0.135,low
9c4d8f11-bc40-49f6-b5cc-8701dc32d374,ocean-city-md,-75.083842,38.346517,5.518855571746826,4,3.5,False,0.105,low
02006d68-f70b-45ad-8c0b-abade315b9ad,ocean-city-md,-75.083506,38.346841,5.886964321136475,5,4.5,False,0.135,low
11fcda8a-5762-4bef-8814-ffa24902e364,ocean-city-md,-75.083075,38.34669,,5,4.5,False,0.135,low
112f44da-6c3a-4bb2-86e6-cf114de1277f,ocean-city-md,-75.083307,38.346783,,5,4.5,False,0.135,low
fffd43c4-bc76-456b-ba33-80f5aef72342,ocean-city-md,-75.083428,38.34735,5.06466007232666,4,3.5,False,0.105,low
84c18518-1a8d-4eb7-b597-c5f5ddb52808,ocean-city-md,-75.083618,38.347806,,3,2.5,False,0.075,low
b5ff526d-4341-4f29-8803-bf450f954c07,ocean-city-md,-75.083081,38.347681,5.054723739624023,3,2.5,False,0.075,low
c4e7623c-a081-4880-aef5-171a506ac596,ocean-city-md,-75.08322,38.347516,5.411336898803711,2,1.5,False,0.045,low
484f183f-9040-4b4e-bbdc-218a1b010f32,ocean-city-md,-75.082925,38.347877,4.737157344818115,3,2.5,False,0.075,low
d7e95d56-6222-4f95-87e4-d934cb243801,ocean-city-md,-75.082798,38.346645,5.847525596618652,4,3.5,False,0.105,low
797ac066-0451-4203-a895-e8d0f89b82c1,ocean-city-md,-75.082398,38.346698,4.603233337402344,4,3.5,False,0.105,low
cc7b535c-7b5c-440f-a31b-9fa6b8e4cd39,ocean-city-md,-75.0824,38.346409,,4,3.5,False,0.105,low
6e79f915-3c5a-4385-88ea-d3ad615d8b14,ocean-city-md,-75.082561,38.346483,,4,3.5,False,0.105,low
5eab3254-00f3-45e3-bdf8-348c08ecfbee,ocean-city-md,-75.082781,38.34587,,4,3.5,False,0.105,low
0d1e6083-9892-420a-90fb-c27e5627fcb1,ocean-city-md,-75.082759,38.346155,6.324580669403076,4,3.5,False,0.105,low
e81343d8-ff7d-497e-8d1c-bf46d4bde6b2,ocean-city-md,-75.083263,38.346364,4.380441188812256,4,3.5,False,0.105,low
7b4493ce-a2ef-4697-988c-6263240175ee,ocean-city-md,-75.083467,38.346135,6.677984237670898,5,4.5,False,0.135,low
90d6a8f4-4f93-4d1a-8eef-a20136f4bb12,ocean-city-md,-75.083596,38.346023,,6,5.5,False,0.165,low
4645297c-94de-415e-8a29-6ea978a53d54,ocean-city-md,-75.083282,38.345912,,4,3.5,False,0.105,low
1677622f-11e9-42c9-8540-a3212239bb3a,ocean-city-md,-75.083177,38.345653,,6,5.5,False,0.165,low
0d0addb7-4025-4b6b-9bc8-b941512a44a2,ocean-city-md,-75.083395,38.345738,,5,4.5,False,0.135,low
22b8af94-4a77-43bf-8646-83419af38be5,ocean-city-md,-75.083224,38.345298,6.685646057128906,5,4.5,False,0.135,low
0e6c45d0-0ff8-47f1-920f-812da3bef65e,ocean-city-md,-75.082964,38.345601,6.1109771728515625,5,4.5,False,0.135,low
013ec972-28ac-44fd-b35b-74cda1476e5b,ocean-city-md,-75.082527,38.345435,6.110484600067139,5,4.5,False,0.135,low
133a52ed-026c-4b65-afdf-133aaee1be40,ocean-city-md,-75.082313,38.345345,6.18294095993042,5,4.5,False,0.135,low
42b46b6f-6b2a-46b1-9f6b-a075015fa943,ocean-city-md,-75.08207,38.345274,,5,4.5,False,0.135,low
c00c8cb6-acfb-45dd-8e16-6fefc9164934,ocean-city-md,-75.081905,38.345162,4.3675055503845215,5,4.5,False,0.135,low
60d96e5f-957e-4da1-a7e0-2c67b71196a8,ocean-city-md,-75.08184,38.345345,6.429098129272461,4,3.5,False,0.105,low
60d527f9-1d1a-4798-a751-1218d6484cbc,ocean-city-md,-75.081898,38.345633,,5,4.5,False,0.135,low
2cde2242-dc5d-4a44-8f3a-86c11214d67d,ocean-city-md,-75.082072,38.345732,8.398558616638184,3,2.5,False,0.075,low
8e73fbae-0016-4963-b246-c7a42e1d8c57,ocean-city-md,-75.081969,38.346293,3.9662084579467773,4,3.5,False,0.105,low
98c4d9dd-0c7d-44a2-80cb-9ae3e87cb415,ocean-city-md,-75.081903,38.346429,3.918383836746216,5,4.5,False,0.135,low
73774882-cd4e-45ba-adb1-7a4fbc500ec5,ocean-city-md,-75.081747,38.346256,,5,4.5,False,0.135,low
10be8dd9-0981-49dd-ad49-ae9cfa7eb8b6,ocean-city-md,-75.081734,38.345819,,5,4.5,False,0.135,low
58fcdd98-8f64-4278-afb2-c9e0cbe8f862,ocean-city-md,-75.081472,38.346083,,5,4.5,False,0.135,low
97d02037-ba9b-459d-ad73-d9655267b339,ocean-city-md,-75.081637,38.34614,,5,4.5,False,0.135,low
a59f127e-0dc9-47f8-8e66-9a1f49502efd,ocean-city-md,-75.081527,38.346269,,6,5.5,False,0.165,low
2b0ff546-6304-4104-b4c1-7930720f2a9a,ocean-city-md,-75.081298,38.346295,3.768526792526245,4,3.5,False,0.105,low
d4cb6a10-c1b1-4424-b3dc-60d6ffb0dd9f,ocean-city-md,-75.081127,38.345647,2.558260917663574,6,5.5,False,0.165,low
12ed2332-5024-48f1-a288-00137b2df03b,ocean-city-md,-75.081474,38.345771,4.94472074508667,5,4.5,False,0.135,low
ed33814f-f99e-455a-a2a2-ec7b9fafef84,ocean-city-md,-75.081532,38.345636,4.1441192626953125,5,4.5,False,0.135,low
b255b967-c5d7-427f-9ba6-a62bc9ae08dc,ocean-city-md,-75.081699,38.345526,5.3000288009643555,4,3.5,False,0.105,low
fbeb51ad-8132-4394-bb05-63ae3875ca8e,ocean-city-md,-75.081102,38.345333,,4,3.5,False,0.105,low
054cfe27-fd20-4e77-8e57-1e118f2267f2,ocean-city-md,-75.08123,38.345201,8.982938766479492,4,3.5,False,0.105,low
ae12e3c5-89d9-4fb6-a233-e448e13b7a81,ocean-city-md,-75.080965,38.345584,3.5365326404571533,4,3.5,False,0.105,low
dcd4eacc-57da-45f5-9e91-dd8ae271503e,ocean-city-md,-75.080537,38.345309,6.1003546714782715,4,3.5,False,0.105,low
b3fc7370-518b-45e8-a2ce-a4bb343bcb0d,ocean-city-md,-75.080319,38.345814,4.978560447692871,5,4.5,False,0.135,low
4183534c-013a-42db-8bc0-615cd38d7ad1,ocean-city-md,-75.080016,38.346446,,5,4.5,False,0.135,low
7aea3e93-b945-4e9e-bcb5-4a75db435e99,ocean-city-md,-75.08067,38.34623,3.707029104232788,5,4.5,False,0.135,low
c8402f95-bc27-4477-b071-ffb6d6dc7803,ocean-city-md,-75.080662,38.345872,5.633103847503662,4,3.5,False,0.105,low
ed950bf1-5c13-467e-9099-36ca1e38a99b,ocean-city-md,-75.08062,38.346066,,4,3.5,False,0.105,low
4a842cb6-f252-48a0-bfa2-a9ffe0dab7f4,ocean-city-md,-75.081004,38.345927,4.612375736236572,5,4.5,False,0.135,low
799fc5ba-5674-4849-b49f-f756a18ee20d,ocean-city-md,-75.081042,38.34688,7.625218391418457,5,4.5,False,0.135,low
78596198-cf82-4dfc-b4eb-1414b5280e93,ocean-city-md,-75.081019,38.347101,,5,4.5,False,0.135,low
f202668f-32dc-4f35-b3f0-399cb0d723dc,ocean-city-md,-75.080493,38.346674,2.262850046157837,4,3.5,False,0.105,low
46753df2-5cc3-4716-a615-f962c64593e6,ocean-city-md,-75.08026,38.347014,3.1922919750213623,2,1.5,False,0.045,low
1afe0465-a01f-4f56-b49a-adc3a78f73f3,ocean-city-md,-75.080694,38.347621,4.308124542236328,5,4.5,False,0.135,low
dc0262a4-c3da-410b-a4cc-69b0b1b1aeec,ocean-city-md,-75.08084,38.347329,4.953420162200928,5,4.5,False,0.135,low
20d4c2bc-1eef-455e-b06d-992e59f276f9,ocean-city-md,-75.080967,38.347226,,6,5.5,False,0.165,low
c662f897-f95b-49ce-bedb-76e3571dc2d7,ocean-city-md,-75.081473,38.347774,,4,3.5,False,0.105,low
81a1b395-0a41-42cf-8c7a-134765f571aa,ocean-city-md,-75.081698,38.347855,,4,3.5,False,0.105,low
69d8dd99-34d7-4c72-bc36-9d1c136e7355,ocean-city-md,-75.08142,38.347473,4.888948440551758,4,3.5,False,0.105,low
481a53be-4fbe-42ae-b91b-574255722694,ocean-city-md,-75.081562,38.34723,,5,4.5,False,0.135,low
52ef0857-ac91-4941-a91a-db401ee8014d,ocean-city-md,-75.081529,38.347337,,5,4.5,False,0.135,low
14cf99ad-5941-471e-9a8e-f88e5c642c94,ocean-city-md,-75.081106,38.346669,4.539149284362793,5,4.5,False,0.135,low
f7a9e105-b2ef-467f-bcc0-76820b58c632,ocean-city-md,-75.081156,38.346538,4.385453224182129,6,5.5,False,0.165,low
e5391fb9-8c4a-4782-a817-860ff3dcb184,ocean-city-md,-75.081306,38.346574,,6,5.5,False,0.165,low
cd439fcd-b3e2-4bb0-a706-49b0a08ffe0c,ocean-city-md,-75.081645,38.346813,,4,3.5,False,0.105,low
4f0bb477-4827-4cc3-8131-9920f64a9efd,ocean-city-md,-75.081604,38.346938,,7,6.5,False,0.195,low
102ab5cd-1361-4b9c-9f13-cc06a0a91279,ocean-city-md,-75.081711,38.347105,3.583493232727051,5,4.5,False,0.135,low
d6359758-5e9f-45c5-bb6e-b59c1573e954,ocean-city-md,-75.08176,38.346998,,5,4.5,False,0.135,low
2b5d10c4-c8f7-40eb-88e7-917b8a7edac4,ocean-city-md,-75.081831,38.346755,,4,3.5,False,0.105,low
7536412c-4289-43f7-9427-7f3e65e024cb,ocean-city-md,-75.081856,38.346577,4.441219329833984,6,5.5,False,0.165,low
dfd3e051-7d11-4733-951c-e28e379440b3,ocean-city-md,-75.082333,38.34656,,5,4.5,False,0.135,low
a98c1d6a-5dae-4043-aa9b-e48e818ef01a,ocean-city-md,-75.082333,38.346856,3.8179733753204346,5,4.5,False,0.135,low
173874ab-ed38-4362-bf29-a664e7b4f18b,ocean-city-md,-75.082242,38.346965,4.4478373527526855,4,3.5,False,0.105,low
e76ae541-a4f5-4b4f-a7ff-d399ca29814a,ocean-city-md,-75.082174,38.347108,5.557268142700195,5,4.5,False,0.135,low
ea6a8e1a-c0d4-4b09-87b1-de4019eff2eb,ocean-city-md,-75.082069,38.347499,5.594604015350342,4,3.5,False,0.105,low
26b5dcf4-341e-4a56-b64f-6ed74c6e4611,ocean-city-md,-75.082119,38.347362,4.353096961975098,4,3.5,False,0.105,low
cfe5d20c-37f5-46cf-a8f7-dc90ed3c505c,ocean-city-md,-75.082109,38.347218,,4,3.5,False,0.105,low
66ed4edf-210d-4379-a690-79cd6dbf1923,ocean-city-md,-75.081995,38.34761,4.926947116851807,4,3.5,False,0.105,low
d0e6500f-6aef-4817-b6a9-fe046233e369,ocean-city-md,-75.081932,38.347744,5.031853675842285,4,3.5,False,0.105,low
2dc60b34-705a-47fa-aba4-ee496afea618,ocean-city-md,-75.08143,38.348655,7.138631343841553,4,3.5,False,0.105,low
af4003af-89a3-4ad3-9ece-454890a9facf,ocean-city-md,-75.081277,38.349051,5.982153415679932,4,3.5,False,0.105,low
42987bdc-d390-4d3e-86b4-b85b0d93422e,ocean-city-md,-75.081105,38.349199,5.001516819000244,4,3.5,False,0.105,low
1c254d36-4d61-43db-a3d8-a458212fec34,ocean-city-md,-75.08139,38.348923,6.5773701667785645,4,3.5,False,0.105,low
9689d5f5-9580-48f3-9aa3-5f07185e5df5,ocean-city-md,-75.081101,38.348708,6.177021026611328,3,2.5,False,0.075,low
90a69199-76ae-4c46-80ae-bd6492ef2107,ocean-city-md,-75.08111,38.348089,4.547140121459961,4,3.5,False,0.105,low
3f18ea79-196b-47c5-b9b9-b51aacce76dc,ocean-city-md,-75.080862,38.348044,4.335053443908691,4,3.5,False,0.105,low
19d0055c-5aca-4e85-b72a-5bdd27336067,ocean-city-md,-75.080986,38.348299,4.9353556632995605,4,3.5,False,0.105,low
508ec33f-d9d7-4740-8d8f-2ee75baf23f9,ocean-city-md,-75.080757,38.348367,5.669418811798096,4,3.5,False,0.105,low
7f808176-ae2f-4688-90a1-c91c1ce2a556,ocean-city-md,-75.080545,38.348407,5.242467880249023,4,3.5,False,0.105,low
48c1d74b-7951-40d6-8657-6260bbd2f7d9,ocean-city-md,-75.080636,38.348032,4.356325149536133,3,2.5,False,0.075,low
d00680a3-e01a-42c4-9f97-4f2d8cb4e048,ocean-city-md,-75.080483,38.34804,,4,3.5,False,0.105,low
3d644483-00ee-447c-b63c-03f5802fbb89,ocean-city-md,-75.080218,38.34804,4.070316791534424,3,2.5,False,0.075,low
10de9348-156e-4e33-a900-bd700641e0cc,ocean-city-md,-75.080022,38.349048,4.75670862197876,4,3.5,False,0.105,low
3f6a48ed-73b6-44ae-b0cf-05d2ee0c3ccf,ocean-city-md,-75.079829,38.349081,4.257497787475586,3,2.5,False,0.075,low
240aee79-57f8-4b94-8769-9ec987831ad9,ocean-city-md,-75.080273,38.349034,4.802439212799072,4,3.5,False,0.105,low
aca451c1-2874-4355-a67c-056244d8e810,ocean-city-md,-75.080683,38.348936,,3,2.5,False,0.075,low
57a97e97-c8cb-40f2-9e3a-bc5877acb2ec,ocean-city-md,-75.080915,38.3488,5.98478889465332,3,2.5,False,0.075,low
590e6f66-d145-4eef-87e3-d3a348df9110,ocean-city-md,-75.081056,38.349357,4.873915672302246,3,2.5,False,0.075,low
fb8733c1-0ece-4797-b7f8-9d34fbd9263e,ocean-city-md,-75.080987,38.349524,5.912089824676514,3,2.5,False,0.075,low
d5de5997-6b53-4532-9b2e-84dccafd5024,ocean-city-md,-75.080936,38.349717,4.342989444732666,3,2.5,False,0.075,low
3ee4e957-b32e-40da-9c8f-6c3bad97a143,ocean-city-md,-75.080837,38.349857,,3,2.5,False,0.075,low
5586f2fe-2a72-4e04-b20e-c057c385a0d4,ocean-city-md,-75.080507,38.34943,4.448073863983154,4,3.5,False,0.105,low
f889d5d0-e9f9-4eb0-b204-e77ed192eb79,ocean-city-md,-75.080253,38.349383,3.660492420196533,4,3.5,False,0.105,low
1363f123-d6d2-47d2-bfaf-5c59d313c91b,ocean-city-md,-75.079927,38.349695,4.412031173706055,4,3.5,False,0.105,low
194ce659-1e61-4f35-ab04-e4a957066b2b,ocean-city-md,-75.080188,38.3499,5.010457992553711,4,3.5,False,0.105,low
825417b4-93c2-43b6-ba81-2325f6e097cd,ocean-city-md,-75.080138,38.349717,,4,3.5,False,0.105,low
337ea589-3515-4d6a-ae8b-9d283d6959ae,ocean-city-md,-75.080296,38.349803,,4,3.5,False,0.105,low
25322924-0a15-4a1b-9989-3f602606b220,ocean-city-md,-75.080173,38.350076,3.916588306427002,5,4.5,False,0.135,low
a143cb13-9763-4f05-9023-d361ff2ffaca,ocean-city-md,-75.080044,38.350243,4.715674877166748,4,3.5,False,0.105,low
85651b0f-57a2-48a8-8c05-c6fc92613335,ocean-city-md,-75.080006,38.350417,5.06400203704834,4,3.5,False,0.105,low
e6bebec4-dbe6-43b0-830b-45903c72b1e1,ocean-city-md,-75.079964,38.35059,5.0069260597229,4,3.5,False,0.105,low
057f8cd3-f47d-4490-b0a2-3d6760482765,ocean-city-md,-75.080435,38.350713,4.279520511627197,4,3.5,False,0.105,low
8e77e26b-7b63-46a6-bd7e-64648f0e7180,ocean-city-md,-75.080612,38.350377,5.05115270614624,4,3.5,False,0.105,low
9a958ff1-2595-481d-ba9a-bea717284d5a,ocean-city-md,-75.080503,38.35054,4.587104797363281,4,3.5,False,0.105,low
57095ce3-bf8f-4bc2-a6d4-61979a6ef892,ocean-city-md,-75.080757,38.350061,4.532864093780518,4,3.5,False,0.105,low
ec5eaa03-9545-4057-ad63-b65b6d265496,ocean-city-md,-75.080714,38.35021,5.814364433288574,4,3.5,False,0.105,low
a63dbe08-a119-44b5-8c01-a1e8db902428,ocean-city-md,-75.082364,38.349657,3.3381643295288086,4,3.5,False,0.105,low
b9904cc8-abfc-434b-94c5-380bb3ae77fb,ocean-city-md,-75.082279,38.349849,3.539651393890381,4,3.5,False,0.105,low
30cb3cb6-416f-4910-b6dc-6d4beb31294b,ocean-city-md,-75.082521,38.350531,,4,3.5,False,0.105,low
bb0e2273-6590-41ac-b514-db3c7f612426,ocean-city-md,-75.082353,38.350204,5.690196990966797,3,2.5,False,0.075,low
bdda2b80-6a79-4c82-9e87-f647b8300c74,ocean-city-md,-75.082878,38.35004,,4,3.5,False,0.105,low
0909c422-ee36-4c0d-9c5d-65b0d67688d8,ocean-city-md,-75.082869,38.350243,,4,3.5,False,0.105,low
467748dd-17fa-4c27-ac3f-8c4e122903dd,ocean-city-md,-75.083238,38.350096,,4,3.5,False,0.105,low
bb2282c3-d4e5-4bb5-8a76-a0cada1e7495,ocean-city-md,-75.083274,38.349893,,3,2.5,False,0.075,low
c0e1727c-b852-4124-866a-5324922174bb,ocean-city-md,-75.083293,38.349535,4.604782581329346,3,2.5,False,0.075,low
9333c5b4-e2d6-4b15-bed3-76856aeb3b67,ocean-city-md,-75.082907,38.349443,3.969778299331665,4,3.5,False,0.105,low
6461e963-e919-44f1-8bf4-9928299b9fc1,ocean-city-md,-75.082865,38.349651,,4,3.5,False,0.105,low
334be63b-76c7-41fc-8307-14389202c990,ocean-city-md,-75.08289,38.349852,4.7823357582092285,4,3.5,False,0.105,low
8b4ad232-e2d7-43ec-a838-c4948bb242b4,ocean-city-md,-75.082388,38.349582,3.7292518615722656,4,3.5,False,0.105,low
fdc066ea-3dfe-40c7-8050-425f1ae961f7,ocean-city-md,-75.082371,38.349296,5.334970474243164,4,3.5,False,0.105,low
eeee159d-f2c5-42f4-85ab-2f60a18d6e7b,ocean-city-md,-75.082551,38.348656,4.485895156860352,3,2.5,False,0.075,low
fcf56789-4f3f-4594-845a-97dc2ed4d541,ocean-city-md,-75.082458,38.348957,4.822248458862305,2,1.5,False,0.045,low
3a221360-f315-4319-92a8-f3d968db1b75,ocean-city-md,-75.082817,38.348243,4.667078971862793,4,3.5,False,0.105,low
e91c3339-6ab4-48f7-9af0-3622e3af68bc,ocean-city-md,-75.082684,38.348407,6.320831775665283,5,4.5,False,0.135,low
35da7a1b-2d36-4c5a-93de-5c10d37ff32a,ocean-city-md,-75.083146,38.348592,5.268525123596191,3,2.5,False,0.075,low
29f1177c-de5d-414e-8079-51f5bb357e97,ocean-city-md,-75.083235,38.348399,5.0036091804504395,3,2.5,False,0.075,low
d6fa4c2a-27f3-4e46-a957-aed56b3be495,ocean-city-md,-75.083348,38.348189,4.446942329406738,3,2.5,False,0.075,low
455483c1-de74-45d0-8b09-ed6ffe5c0fb2,ocean-city-md,-75.083487,38.347996,,4,3.5,False,0.105,low
052b7178-a8c4-47c4-be1f-29519f075079,ocean-city-md,-75.08344,38.348307,,3,2.5,False,0.075,low
32594dc2-0abf-4a45-8807-9ba69022772e,ocean-city-md,-75.083606,38.348513,3.9356541633605957,3,2.5,False,0.075,low
e0bba9d9-99db-4900-afef-52a1bf86b87b,ocean-city-md,-75.083431,38.34887,,4,3.5,False,0.105,low
07f1c65a-bc29-4d58-ac29-6e5629dc7cee,ocean-city-md,-75.083054,38.348799,,3,2.5,False,0.075,low
0286c074-48c5-4108-92c0-214ee6371d92,ocean-city-md,-75.082984,38.349027,4.683487892150879,3,2.5,False,0.075,low
ea231cef-2bfe-4698-a227-f9c992f27822,ocean-city-md,-75.082986,38.349223,,4,3.5,False,0.105,low
84fa4620-6249-4399-b716-9d49fba96430,ocean-city-md,-75.083448,38.349295,5.017291069030762,4,3.5,False,0.105,low
074322c7-ba06-43b5-99e8-0101b01a9838,ocean-city-md,-75.083399,38.349085,,4,3.5,False,0.105,low
48ff48cc-abf2-41d5-9d57-52a0600440eb,ocean-city-md,-75.08396,38.349,3.4347543716430664,3,2.5,False,0.075,low
d16e027c-fcf8-4f0f-b7e8-f1a727e142ad,ocean-city-md,-75.083715,38.348329,,3,2.5,False,0.075,low
910e2614-204f-47f3-bbc2-8a8faeb34ae1,ocean-city-md,-75.083833,38.348158,4.666179656982422,3,2.5,False,0.075,low
c3f4d67e-a552-4bb6-9dfb-ca8dce478897,ocean-city-md,-75.084008,38.347931,5.390446186065674,3,2.5,False,0.075,low
708bea8a-2179-423e-afef-c244cd93e4c0,ocean-city-md,-75.084124,38.348603,5.369349479675293,3,2.5,False,0.075,low
aa7184cc-0b8e-45f7-a1fa-e0a4936ae1dc,ocean-city-md,-75.084309,38.348276,4.874196529388428,3,2.5,False,0.075,low
51b7a667-6396-4f02-97ac-76d572ad3461,ocean-city-md,-75.084563,38.348012,5.22348165512085,2,1.5,False,0.045,low
bad6f247-9baa-42f1-861b-a7a335cc570f,ocean-city-md,-75.083998,38.349364,6.48132848739624,3,2.5,False,0.075,low
d84e8bc6-f13c-4a9b-ac58-332a2e6ce967,ocean-city-md,-75.083952,38.349632,5.492152214050293,3,2.5,False,0.075,low
04cc2df4-cfbf-4687-bd6e-31ca9363f6db,ocean-city-md,-75.083873,38.349922,,2,1.5,False,0.045,low
6cac3f56-1e22-4e2a-98a5-8be9ef7213c5,ocean-city-md,-75.083837,38.350177,2.0472867488861084,4,3.5,False,0.105,low
9f8b861e-b822-47ee-a3f8-851aba9f5202,ocean-city-md,-75.083845,38.35038,,2,1.5,False,0.045,low
b6c936ed-df54-489b-a631-7325830be31e,ocean-city-md,-75.083691,38.350584,7.458882808685303,4,3.5,False,0.105,low
16ed2d7a-97aa-4007-b64b-860e0453a622,ocean-city-md,-75.084633,38.351223,,6,5.5,False,0.165,low
607158d2-5218-49b1-a004-d8348b16e2f7,ocean-city-md,-75.084376,38.351509,2.9000298976898193,2,1.5,False,0.045,low
248c2b30-ad02-45a4-b90f-a5a98b32a6ff,ocean-city-md,-75.083127,38.350799,,2,1.5,False,0.045,low
78bfdb51-fe00-41e6-a4f6-ad16986c3067,ocean-city-md,-75.082746,38.350941,6.310652732849121,3,2.5,False,0.075,low
ef88cc02-a3c5-421d-9831-b71a08f3fa4b,ocean-city-md,-75.080351,38.350875,4.957204818725586,4,3.5,False,0.105,low
97dbd805-0814-4539-a134-8384a99f29b7,ocean-city-md,-75.079866,38.350738,4.445746898651123,4,3.5,False,0.105,low
b0806e87-553f-43fc-b040-2a7a188c7f49,ocean-city-md,-75.079817,38.350923,4.825979709625244,4,3.5,False,0.105,low
e352bc43-ea04-4963-8d13-dd3f94b8ec62,ocean-city-md,-75.080228,38.351367,4.248894214630127,4,3.5,False,0.105,low
dd4dc4af-1d8b-44a3-a9bd-69369df2c149,ocean-city-md,-75.080251,38.351101,4.190250873565674,3,2.5,False,0.075,low
9216cd91-8c4c-4ae1-a644-8b7f779b1733,ocean-city-md,-75.079956,38.351654,4.226937770843506,0,0.0,False,0.0,none
c2fdbe6d-0652-4b1d-93df-41f23c587ac7,ocean-city-md,-75.084941,38.358987,3.4588921070098877,2,1.5,False,0.045,low
67a89d01-0fc9-49fe-ab63-985bc586ec9f,ocean-city-md,-75.084995,38.359342,3.108595371246338,2,1.5,False,0.045,low
7cd51e4f-8f72-4dd0-87ab-568343d1ad48,ocean-city-md,-75.085018,38.35949,3.159823417663574,2,1.5,False,0.045,low
f60d54ec-dcf6-4eab-b255-d29a584db971,ocean-city-md,-75.085053,38.359681,4.745891571044922,2,1.5,False,0.045,low
f569325b-380d-409c-b3b9-9bc62a2aba58,ocean-city-md,-75.085094,38.359815,4.1448445320129395,2,1.5,False,0.045,low
baf103cb-0b58-4193-8104-12f68b5d180d,ocean-city-md,-75.085153,38.360014,4.353158950805664,3,2.5,False,0.075,low
fd1e366e-07e1-484d-84be-fca7afd9bbad,ocean-city-md,-75.080176,38.359622,6.099067211151123,3,2.5,False,0.075,low
c2a6117b-93ba-4ac6-8bb5-d4748c5cfc93,ocean-city-md,-75.08075,38.359635,7.65119743347168,2,1.5,False,0.045,low
985ab4a5-d1f4-4f71-847e-50dc91e53aab,ocean-city-md,-75.080811,38.359393,,2,1.5,False,0.045,low
ab26625c-2486-4342-aa6d-b6ec251e25c1,ocean-city-md,-75.080568,38.359962,4.857563495635986,3,2.5,False,0.075,low
06a2df9b-9752-4678-aae9-e4506f9f22c2,ocean-city-md,-75.081253,38.360045,6.119799613952637,1,0.5,False,0.015,low
684fb469-faf7-4050-8399-2f6aa8cca877,ocean-city-md,-75.081444,38.359619,,4,3.5,False,0.105,low
78efedd1-cf12-45b0-880d-1b41d3b6fa0a,ocean-city-md,-75.082128,38.359467,7.660181522369385,2,1.5,False,0.045,low
fe8db270-a937-4119-95ab-e64c56e0e645,ocean-city-md,-75.082182,38.359315,7.1137309074401855,2,1.5,False,0.045,low
5e1682c9-9646-43bc-ac97-2ceb02f01727,ocean-city-md,-75.081765,38.360196,,3,2.5,False,0.075,low
fa5dac3d-0f2b-40be-99de-27758dbb9420,ocean-city-md,-75.083918,38.359928,,2,1.5,False,0.045,low
ab064e8d-5cb7-4af1-9ec8-b4a968976c10,ocean-city-md,-75.084268,38.359952,,2,1.5,False,0.045,low
f227972b-4760-4e17-aa6b-e2f84da96ef6,ocean-city-md,-75.084513,38.359956,2.514413595199585,2,1.5,False,0.045,low
b4ab2110-ed9f-4c6a-a7de-37c26d0c8756,ocean-city-md,-75.084348,38.359506,,3,2.5,False,0.075,low
d947ba4d-6092-48e2-9942-9f85321d336b,ocean-city-md,-75.083785,38.35947,,4,3.5,False,0.105,low
b3b0a219-8f51-469e-adcd-2d758eca0bf3,ocean-city-md,-75.08324,38.35936,,1,0.5,False,0.015,low
58334f48-7bee-4c30-be90-4105204cfc1a,ocean-city-md,-75.083555,38.359947,3.6716127395629883,2,1.5,False,0.045,low
554b1829-709a-474e-b724-c87f218f89ac,ocean-city-md,-75.083109,38.360011,7.126645088195801,2,1.5,False,0.045,low
4e4dd378-6df5-4b36-b03f-94a584378492,ocean-city-md,-75.082709,38.359625,6.638751029968262,2,1.5,False,0.045,low
518b8cdd-7fc3-4c37-8c2e-08778e8af7d1,ocean-city-md,-75.082777,38.359468,6.25173282623291,2,1.5,False,0.045,low
252f7196-6e25-4af3-b58a-edf7c60dfb8d,ocean-city-md,-75.082988,38.359247,5.937138557434082,3,2.5,False,0.075,low
760be275-c1fe-4fd6-acd4-7490df8d74d1,ocean-city-md,-75.082741,38.359308,5.523227214813232,2,1.5,False,0.045,low
66dd13e7-1eb9-4451-a30d-00e1b0bc690d,ocean-city-md,-75.082987,38.358619,7.030198097229004,3,2.5,False,0.075,low
56520621-b8f0-4d03-8bbc-0eeedefe3bb2,ocean-city-md,-75.082459,38.358705,6.585078716278076,3,2.5,False,0.075,low
7f87be3c-497e-4981-9f9e-18ce6537dc56,ocean-city-md,-75.082499,38.358382,5.390395641326904,3,2.5,False,0.075,low
70184106-5dbd-4010-9c81-d087d9d41972,ocean-city-md,-75.08267,38.358405,4.377447128295898,3,2.5,False,0.075,low
4b161790-f7e8-45b2-8218-a714e4c2a28b,ocean-city-md,-75.082477,38.357791,2.3950653076171875,2,1.5,False,0.045,low
1d8631ca-ca3f-4a4b-81ff-d097e72ab4da,ocean-city-md,-75.082839,38.357983,4.82913064956665,2,1.5,False,0.045,low
0441738f-220e-4560-b21a-0fbd13027316,ocean-city-md,-75.083269,38.357962,5.179126262664795,3,2.5,False,0.075,low
7fefa130-5ac6-4972-b18a-70a7b46025a9,ocean-city-md,-75.083595,38.357828,5.98831033706665,3,2.5,False,0.075,low
a0c54ed4-a5d5-4e32-8a80-43dc0b8d8ebb,ocean-city-md,-75.083436,38.35822,5.469268321990967,3,2.5,False,0.075,low
2831eab3-c27a-4834-9d36-058f0cb9e12d,ocean-city-md,-75.083569,38.35871,2.4013261795043945,3,2.5,False,0.075,low
98c34626-37bb-4c4f-afa4-ead95aef1dbd,ocean-city-md,-75.083224,38.358601,4.604237079620361,2,1.5,False,0.045,low
8a336aac-382f-4467-9a1d-e9aaffcc9b3f,ocean-city-md,-75.083139,38.358803,5.007971286773682,3,2.5,False,0.075,low
a72fb51a-af1a-4663-9e39-f0108a064604,ocean-city-md,-75.083593,38.35906,,7,6.5,False,0.195,low
36ad182c-88f0-4139-86f2-0b5e730a5a62,ocean-city-md,-75.083651,38.358902,,2,1.5,False,0.045,low
ab953677-0cc6-4212-a556-8164969664e9,ocean-city-md,-75.08375,38.358606,,4,3.5,False,0.105,low
3d391b36-2783-4ee3-ba6d-fd8652f874c3,ocean-city-md,-75.083877,38.358767,4.70009708404541,3,2.5,False,0.075,low
89127fc4-c555-443e-9f3d-8da59425cf53,ocean-city-md,-75.084266,38.358671,7.870507717132568,2,1.5,False,0.045,low
f8398009-0e3c-4954-899e-0a6e78182d89,ocean-city-md,-75.084153,38.358958,,2,1.5,False,0.045,low
09e8bf2c-c612-4f2b-9342-e3dcdeebaa6a,ocean-city-md,-75.084852,38.358431,3.3531787395477295,2,1.5,False,0.045,low
99512667-707a-49cd-a462-78350ae2719a,ocean-city-md,-75.084681,38.357946,3.4842753410339355,4,3.5,False,0.105,low
513ce87b-b67b-45ad-b8de-fbfebe94aec3,ocean-city-md,-75.084164,38.358163,3.849285125732422,2,1.5,False,0.045,low
ab147091-77eb-43a9-b397-2f7650712d29,ocean-city-md,-75.083772,38.358299,4.542779445648193,2,1.5,False,0.045,low
ba8a5602-acf3-4782-814f-0aca6433966e,ocean-city-md,-75.08381,38.358099,,2,1.5,False,0.045,low
661c3099-7fb4-4e49-8be3-ee5943c117b8,ocean-city-md,-75.083929,38.357934,4.571715831756592,3,2.5,False,0.075,low
056ce68f-3c2f-4a27-ae50-e23ccbd585b8,ocean-city-md,-75.083749,38.357465,,3,2.5,False,0.075,low
899949f8-bcf7-4844-9f2f-135ba561edf9,ocean-city-md,-75.084328,38.35766,,3,2.5,False,0.075,low
5c19d7ad-05c9-44ab-ac0e-74a7210f698b,ocean-city-md,-75.083306,38.357348,3.475942373275757,3,2.5,False,0.075,low
81622e4a-9fac-4b81-8cc8-f26410c6a3ba,ocean-city-md,-75.082909,38.357213,,3,2.5,False,0.075,low
5b4ac106-c715-494d-8933-38dbda13b0f8,ocean-city-md,-75.082939,38.357733,,3,2.5,False,0.075,low
5c95c2ed-0c20-4f26-8ccf-8c35f6004e35,ocean-city-md,-75.082702,38.357612,,3,2.5,False,0.075,low
654bb600-0f48-472e-841f-0bd969e7943c,ocean-city-md,-75.082511,38.357128,,4,3.5,False,0.105,low
daf57871-a4d8-4328-ac27-410dac9f3120,ocean-city-md,-75.08212,38.357008,,4,3.5,False,0.105,low
003c2cb1-f405-4c50-b69d-8a7178d6049b,ocean-city-md,-75.081921,38.356954,,3,2.5,False,0.075,low
80091f7b-c9fd-47e1-9548-6a7ce52e11d5,ocean-city-md,-75.081328,38.356789,,4,3.5,False,0.105,low
dfb838d1-390b-4a32-b88e-8309f3799844,ocean-city-md,-75.081122,38.356753,,4,3.5,False,0.105,low
b14f49b7-4be6-4298-b203-532f79ee1da8,ocean-city-md,-75.081615,38.3569,,3,2.5,False,0.075,low
d1546b29-3d37-4ffd-846a-76faa2e31e97,ocean-city-md,-75.081245,38.35728,,3,2.5,False,0.075,low
a31f9023-eefe-4fca-b986-830f75f662ea,ocean-city-md,-75.081358,38.357383,,4,3.5,False,0.105,low
ce1d6cb3-c17c-4812-a77e-59652da50818,ocean-city-md,-75.081116,38.357568,,3,2.5,False,0.075,low
57532570-0916-4313-a2fb-305d9217fdd9,ocean-city-md,-75.081377,38.357679,,4,3.5,False,0.105,low
42c56403-7741-4773-947a-6ad7da3165ea,ocean-city-md,-75.081531,38.357483,,2,1.5,False,0.045,low
ea02c400-49dd-4e10-95b0-ff24063b2576,ocean-city-md,-75.081979,38.357509,0.8183520436286926,3,2.5,False,0.075,low
865f6ee4-c2cc-4a47-824c-a7288ff146ed,ocean-city-md,-75.0818,38.357529,,2,1.5,False,0.045,low
28a18ef1-de33-438d-a977-b581dcd19e44,ocean-city-md,-75.082315,38.357079,,4,3.5,False,0.105,low
98f51e74-65dd-4aee-ad96-c98134ac3acd,ocean-city-md,-75.082204,38.357482,,2,1.5,False,0.045,low
4cc4e448-1c08-47e8-bfea-0bc1cd922b82,ocean-city-md,-75.08221,38.357744,,2,1.5,False,0.045,low
cc63f7ca-c01a-4a9b-a5f5-7b6c8be7d214,ocean-city-md,-75.081876,38.357807,,3,2.5,False,0.075,low
e3ddb6bb-492c-4f26-bdd8-645da7b2eefd,ocean-city-md,-75.082224,38.358254,7.017039775848389,2,1.5,False,0.045,low
755bab80-5e00-45e9-8dfa-713416b95a3e,ocean-city-md,-75.082084,38.3586,5.4884724617004395,3,2.5,False,0.075,low
76376f12-bc18-4f41-800c-0e1918a71f9f,ocean-city-md,-75.082317,38.359001,5.763913154602051,3,2.5,False,0.075,low
2135dd5d-f65e-45fb-a1f0-026bafb36ab5,ocean-city-md,-75.082245,38.359155,,2,1.5,False,0.045,low
400d6116-e718-4749-b0a5-9fa24bff0b98,ocean-city-md,-75.081709,38.359036,7.529120445251465,2,1.5,False,0.045,low
aaf95772-d029-4547-81cd-25cc053786c1,ocean-city-md,-75.081112,38.358739,4.162482738494873,3,2.5,False,0.075,low
3276597b-7edf-4668-8c93-1334923c4dd6,ocean-city-md,-75.081122,38.358354,,3,2.5,False,0.075,low
4a80c583-bb72-41c8-a8a4-ed9a0f537bd6,ocean-city-md,-75.0816,38.358479,,2,1.5,False,0.045,low
9808cad1-00df-4438-83ff-759bda6ec759,ocean-city-md,-75.081269,38.358028,,3,2.5,False,0.075,low
69240d9a-be0a-4345-b6d7-f2c1c70cc94f,ocean-city-md,-75.080956,38.35799,2.134493350982666,4,3.5,False,0.105,low
421477d1-8efc-4d2b-915a-95d1d7730ba9,ocean-city-md,-75.080752,38.357824,,4,3.5,False,0.105,low
d6b33cba-e831-4593-addf-1e0578b8a353,ocean-city-md,-75.080463,38.358134,3.597707986831665,3,2.5,False,0.075,low
ac561a69-ad1f-4a10-9862-40c7064fb010,ocean-city-md,-75.08083,38.358246,2.577848434448242,3,2.5,False,0.075,low
5ac9e03a-9aac-4540-bb7d-a0bcaa34e759,ocean-city-md,-75.081014,38.358967,5.750419616699219,2,1.5,False,0.045,low
b6867bcc-963a-4e0d-8f64-fb4fbebaf836,ocean-city-md,-75.080953,38.35917,6.882778644561768,3,2.5,False,0.075,low
783dd064-97ad-4448-a0ca-d52412dd434e,ocean-city-md,-75.080469,38.358916,4.627020359039307,3,2.5,False,0.075,low
20099b81-db20-482e-8d64-5777c320c542,ocean-city-md,-75.079859,38.358939,6.868391513824463,4,3.5,False,0.105,low
4484363d-f04d-4a01-a7d9-c2ef12a53a1f,ocean-city-md,-75.08001,38.358568,,4,3.5,False,0.105,low
10347ded-b83e-47cb-a853-b3957efb437e,ocean-city-md,-75.080111,38.357826,4.094841003417969,3,2.5,False,0.075,low
2197dd67-2d5e-46ef-9353-21f65123a728,ocean-city-md,-75.079963,38.357355,4.545623779296875,4,3.5,False,0.105,low
3190cc13-74d0-4f78-98b0-217ddf0b3511,ocean-city-md,-75.080137,38.357405,5.622137546539307,4,3.5,False,0.105,low
87d25ceb-4127-4357-ad82-1bb830baec5b,ocean-city-md,-75.080175,38.357241,5.031548500061035,3,2.5,False,0.075,low
ada745d6-38cb-4728-8c0a-cd96b880fc8d,ocean-city-md,-75.080436,38.35708,4.159669399261475,4,3.5,False,0.105,low
58c98f03-8925-406e-a2fd-c9cc58f6f38c,ocean-city-md,-75.080417,38.35733,,3,2.5,False,0.075,low
0898137d-fc82-4381-af44-2e425d3163dd,ocean-city-md,-75.080819,38.357412,,3,2.5,False,0.075,low
42fafeef-05b3-48ce-862d-c13f91da5268,ocean-city-md,-75.080912,38.357274,,3,2.5,False,0.075,low
54957102-44ed-4c74-b08c-1099a03a0287,ocean-city-md,-75.080664,38.357089,,4,3.5,False,0.105,low
f44ccef2-ad5a-4e46-b928-bdb55a970927,ocean-city-md,-75.080933,38.35671,2.7834503650665283,4,3.5,False,0.105,low
cd1ad87d-2f4c-4c53-917d-35a952acc043,ocean-city-md,-75.080636,38.356611,4.282716274261475,3,2.5,False,0.075,low
ba4dcfa7-241a-4d7c-8fbf-4e9418f5b891,ocean-city-md,-75.080243,38.357053,3.7828571796417236,4,3.5,False,0.105,low
092db1c9-0eac-4a8f-94f6-467d71aa994c,ocean-city-md,-75.080025,38.357023,,5,4.5,False,0.135,low
d60831e1-3969-4469-af5a-51a380b92b59,ocean-city-md,-75.079848,38.357042,,5,4.5,False,0.135,low
3b4e201f-69d5-4f47-9b69-2dae42671800,ocean-city-md,-75.080115,38.356555,,3,2.5,False,0.075,low
e39f031f-1b93-49c1-b924-13c1df5e39d1,ocean-city-md,-75.079663,38.35655,,4,3.5,False,0.105,low
66eb0e75-a9f9-4404-b98e-bf456e3720b8,ocean-city-md,-75.07936,38.357061,4.803045749664307,4,3.5,False,0.105,low
833cbb56-a5d7-4367-aa9e-39e3994dd98e,ocean-city-md,-75.078776,38.356899,4.251745700836182,4,3.5,False,0.105,low
9490fd81-0b7a-4508-8d65-4cf6b3c81f04,ocean-city-md,-75.078545,38.356923,4.499851703643799,3,2.5,False,0.075,low
625f985d-37df-4ed4-a123-446363e973b7,ocean-city-md,-75.078974,38.356943,5.086885452270508,4,3.5,False,0.105,low
9f5cd184-cddf-4c4d-a143-b5bca93355d9,ocean-city-md,-75.079132,38.357082,3.5265564918518066,4,3.5,False,0.105,low
49e10318-44e4-4a36-95a4-135f3d2eb287,ocean-city-md,-75.079097,38.357313,3.4906327724456787,3,2.5,False,0.075,low
87cd7235-17a5-4bb5-bf39-336e6fbec509,ocean-city-md,-75.078867,38.357222,4.186835765838623,2,1.5,False,0.045,low
4d476abc-15a4-4816-941a-090c156ab294,ocean-city-md,-75.078693,38.35713,5.00825834274292,3,2.5,False,0.075,low
e8a8f03d-9e50-40dd-a06d-0c7d7475c791,ocean-city-md,-75.078637,38.357679,6.208939552307129,3,2.5,False,0.075,low
927a47fc-8059-48a4-b378-a5eb1401f193,ocean-city-md,-75.078756,38.357782,3.6970887184143066,3,2.5,False,0.075,low
35dcc2c8-b42a-4975-bcd3-ba34315f3894,ocean-city-md,-75.07901,38.357764,3.1833014488220215,3,2.5,False,0.075,low
dc9e233c-cd38-4c64-ab77-5162334bbeaa,ocean-city-md,-75.07931,38.357647,3.925269603729248,2,1.5,False,0.045,low
e5115ce3-7f92-4bf3-893e-226a55584cab,ocean-city-md,-75.079287,38.357756,5.079573631286621,2,1.5,False,0.045,low
d58b7e02-91bc-49b1-b5d5-cbd2f5943a78,ocean-city-md,-75.079449,38.357517,2.284536123275757,3,2.5,False,0.075,low
0403410f-5d15-4e09-93b2-8a20697aa295,ocean-city-md,-75.079231,38.357472,4.674210548400879,3,2.5,False,0.075,low
46529709-8f6f-432b-ac9f-f3ea0fc3bf2d,ocean-city-md,-75.079439,38.357206,3.779548406600952,4,3.5,False,0.105,low
021aa528-b521-4925-bfc0-e7642e1e9df3,ocean-city-md,-75.079545,38.357357,4.42892599105835,4,3.5,False,0.105,low
365831a4-fb39-4512-9e50-ac9fbb35e801,ocean-city-md,-75.079598,38.357493,4.8480000495910645,4,3.5,False,0.105,low
63f1bb8d-669c-4ec3-a581-f406a8386946,ocean-city-md,-75.079527,38.35774,4.834691524505615,3,2.5,False,0.075,low
37a097c4-8642-4439-a775-b2b3d429fa00,ocean-city-md,-75.079548,38.35796,3.761061906814575,3,2.5,False,0.075,low
942faadc-1d3a-49c5-9de2-c458df5954f5,ocean-city-md,-75.079245,38.358804,2.117647171020508,0,0.0,False,0.0,none
e8127c49-0068-445f-a7ce-b537532cb34f,ocean-city-md,-75.07895,38.357973,5.466797828674316,3,2.5,False,0.075,low
e7750da0-307a-4c53-bff7-5eb1386410d7,ocean-city-md,-75.079138,38.358005,5.728211879730225,3,2.5,False,0.075,low
04919dde-cbbd-448e-9ddd-37fff9cedc85,ocean-city-md,-75.078793,38.358035,5.260447978973389,3,2.5,False,0.075,low
b10d5efd-e9b6-454f-9a9f-8ac5bc90be3c,ocean-city-md,-75.078589,38.357982,5.394148349761963,3,2.5,False,0.075,low
f60000a4-1501-4312-b426-9c10a2e9a593,ocean-city-md,-75.078433,38.357853,4.919566631317139,3,2.5,False,0.075,low
f1770133-14e0-4e5f-a166-8461913b4184,ocean-city-md,-75.077497,38.357507,3.67031192779541,4,3.5,False,0.105,low
260c2b46-4e23-497c-a3e5-c37d16ae3ac9,ocean-city-md,-75.077307,38.357501,5.7815937995910645,4,3.5,False,0.105,low
f87663da-e55f-42aa-a766-dc7f3bed4f30,ocean-city-md,-75.077426,38.357222,3.1532976627349854,3,2.5,False,0.075,low
216a3329-9bbb-45c2-9fc0-582a0f030aee,ocean-city-md,-75.077582,38.357267,4.007822513580322,4,3.5,False,0.105,low
45d7cb1c-818c-4dde-aec7-8b52660e55af,ocean-city-md,-75.07774,38.357349,3.440727949142456,4,3.5,False,0.105,low
a9ad58eb-c04d-4738-a8e3-7a98fce431d6,ocean-city-md,-75.077905,38.35739,5.083683013916016,3,2.5,False,0.075,low
8ddfd926-3df0-4ea9-8a09-4e88657152c8,ocean-city-md,-75.077825,38.357592,4.478366374969482,4,3.5,False,0.105,low
3b6a4704-13fa-41b0-9c98-2ece96cd0898,ocean-city-md,-75.077648,38.357577,3.317530870437622,3,2.5,False,0.075,low
f9b3b9cc-fc35-458c-9d23-9853ac4fe7ad,ocean-city-md,-75.077988,38.357621,5.273402214050293,3,2.5,False,0.075,low
42156594-8ee4-45da-b265-737275db15b7,ocean-city-md,-75.078148,38.357677,5.446479320526123,3,2.5,False,0.075,low
e42318c3-9cd1-4e27-b226-589129fba803,ocean-city-md,-75.078293,38.357767,3.934732437133789,3,2.5,False,0.075,low
dcb81e32-2d05-4591-88dd-43763567cf86,ocean-city-md,-75.07847,38.357544,4.602084636688232,3,2.5,False,0.075,low
2f9aa1cc-e67e-4dfc-8076-71548381f905,ocean-city-md,-75.078294,38.357441,3.3221042156219482,3,2.5,False,0.075,low
ab5716d8-8964-411c-ae96-9f7454c4c9e2,ocean-city-md,-75.078458,38.357094,4.778190612792969,2,1.5,False,0.045,low
0d39594c-5ad4-4060-82ae-656bd0af1efc,ocean-city-md,-75.078115,38.357392,2.6037020683288574,2,1.5,False,0.045,low
1b148502-b195-4cab-8899-0cce5a0e1146,ocean-city-md,-75.078204,38.356753,4.371832847595215,4,3.5,False,0.105,low
13978940-59dd-42d8-a8b0-1cff024ce3c5,ocean-city-md,-75.07807,38.357009,3.4519667625427246,4,3.5,False,0.105,low
fbbc0885-3434-4454-9d74-4625f2ae8ac3,ocean-city-md,-75.078262,38.357011,4.418071269989014,2,1.5,False,0.045,low
343a37c1-7506-43af-8dbe-34fdd5329715,ocean-city-md,-75.078372,38.356798,3.57612943649292,3,2.5,False,0.075,low
5acdb0a4-b1c8-4971-bf05-eb57e6c529f6,ocean-city-md,-75.077674,38.35665,3.8763530254364014,4,3.5,False,0.105,low
4163e1cc-1f6c-475e-88d5-b3b9590cea56,ocean-city-md,-75.077825,38.3567,3.550239324569702,4,3.5,False,0.105,low
bbb62721-39e6-4ddb-9e09-799b58a72fcd,ocean-city-md,-75.077895,38.356987,3.848397970199585,4,3.5,False,0.105,low
88e52298-dedf-4591-95da-620436f7ca3a,ocean-city-md,-75.077731,38.356936,4.351267337799072,4,3.5,False,0.105,low
706f4262-19c8-4fe3-892a-fe3f9e17f46c,ocean-city-md,-75.077485,38.356886,4.360769271850586,3,2.5,False,0.075,low
3f55cee4-b2ac-4d61-aae4-bfe35d4d001b,ocean-city-md,-75.077528,38.356572,3.7646806240081787,4,3.5,False,0.105,low
22524603-da80-4316-82a4-cb3947075f9c,ocean-city-md,-75.077362,38.356529,4.2875752449035645,3,2.5,False,0.075,low
c62f0655-2901-4710-aca6-0060c2f78577,ocean-city-md,-75.077195,38.356508,3.480168104171753,3,2.5,False,0.075,low
a943b98e-04ff-4416-8328-d334f7c705a0,ocean-city-md,-75.076674,38.356391,4.354043960571289,4,3.5,False,0.105,low
d7337c07-4377-45f5-871e-caf682ef8c50,ocean-city-md,-75.076909,38.356716,4.2727274894714355,3,2.5,False,0.075,low
2e3d421b-9d70-4143-b7ff-bc6e903ee247,ocean-city-md,-75.077094,38.356723,4.344465255737305,4,3.5,False,0.105,low
63dc2fb6-dbba-4219-94be-6278edd7fba7,ocean-city-md,-75.077255,38.35718,3.534872055053711,3,2.5,False,0.075,low
ac98c977-9bdd-4984-a863-41b7f83d7e68,ocean-city-md,-75.077091,38.357137,3.623774528503418,4,3.5,False,0.105,low
a0afb5ad-7d6b-4345-88d3-1545bab62887,ocean-city-md,-75.076669,38.357301,5.560276985168457,2,1.5,False,0.045,low
19da4158-a0c6-4e5c-8f27-24f1b25db705,ocean-city-md,-75.076909,38.357138,4.717194557189941,4,3.5,False,0.105,low
57e001f6-6e9c-4cb0-abc9-b9d71e0e81ac,ocean-city-md,-75.076746,38.357113,4.2465009689331055,3,2.5,False,0.075,low
1ebe8402-5003-46cb-90a9-c3af3b860762,ocean-city-md,-75.076335,38.357154,4.276521682739258,3,2.5,False,0.075,low
97f660bc-dd00-4f20-97f3-e303992c9e89,ocean-city-md,-75.07639,38.357656,6.8489532470703125,3,2.5,False,0.075,low
58078898-6fef-446f-8cdd-0626dd675a4f,ocean-city-md,-75.076139,38.357181,4.800426959991455,4,3.5,False,0.105,low
79ce43da-de0d-483a-9b63-d0cd6b9dcfac,ocean-city-md,-75.076069,38.35695,4.9329609870910645,4,3.5,False,0.105,low
0fa08e9f-addc-4d39-96c2-e4c84767755b,ocean-city-md,-75.076409,38.356993,4.675793647766113,4,3.5,False,0.105,low
bc3744df-23ab-4b79-9856-76e70825a5bf,ocean-city-md,-75.076425,38.356566,4.671424865722656,3,2.5,False,0.075,low
59450662-b797-43b0-9bec-35fa33bfe7b1,ocean-city-md,-75.076261,38.356552,5.532726287841797,4,3.5,False,0.105,low
d9479b5b-edc0-4781-b03a-73fef4503cfa,ocean-city-md,-75.075772,38.35639,2.9777777194976807,1,0.5,False,0.015,low
b65b4c0a-cb2c-489a-844d-eaaa523cacdb,ocean-city-md,-75.075938,38.356803,5.153924942016602,2,1.5,False,0.045,low
4a2440b9-2ef9-462b-bee9-fe676b021bef,ocean-city-md,-75.075752,38.356828,6.214305400848389,2,1.5,False,0.045,low
0e02e4a8-7a93-4745-8201-63473261e320,ocean-city-md,-75.075373,38.35696,,3,2.5,False,0.075,low
23b7e0e3-6315-46f3-a665-6a01d495e3f3,ocean-city-md,-75.07544,38.356806,,3,2.5,False,0.075,low
3ee5495b-cda8-4152-b5ce-f3acc27f16eb,ocean-city-md,-75.075456,38.356695,5.1023101806640625,3,2.5,False,0.075,low
be39b27a-8d36-4431-ac62-c55d635f3607,ocean-city-md,-75.075106,38.357744,2.7097361087799072,2,1.5,False,0.045,low
ba3ae274-a81f-498a-90e2-82f666f63893,ocean-city-md,-75.075228,38.357459,,3,2.5,False,0.075,low
c6079115-ea3e-4a34-be7f-38bc08e76fd8,ocean-city-md,-75.075506,38.357374,,3,2.5,False,0.075,low
ae71e0cc-738b-407a-ab89-f6e38c76f9de,ocean-city-md,-75.075689,38.357913,3.999406099319458,4,3.5,False,0.105,low
107e9c34-d951-46e7-818d-699fd842d32a,ocean-city-md,-75.075565,38.358156,3.175482749938965,2,1.5,False,0.045,low
6885fb68-c8fb-4aea-9c53-22d9343b1425,ocean-city-md,-75.075282,38.358625,,3,2.5,False,0.075,low
2d7c9c4e-f023-480d-acb4-82d6fb9a1e4f,ocean-city-md,-75.07504,38.35902,8.10195541381836,3,2.5,False,0.075,low
3c45af37-fefc-4a22-b521-fa0b350e0f4d,ocean-city-md,-75.075285,38.358854,,2,1.5,False,0.045,low
f537664e-556f-43a1-8215-3de90a4c6710,ocean-city-md,-75.075358,38.358883,,3,2.5,False,0.075,low
b862ecf6-dd65-49dd-83aa-931644951673,ocean-city-md,-75.075376,38.358717,3.6458163261413574,0,0.0,False,0.0,none
3c2bbd01-bc44-4fb1-9982-3d5d869ecb22,ocean-city-md,-75.07578,38.359006,6.145017623901367,3,2.5,False,0.075,low
bc74dbfd-4291-4768-8e77-dd595023662c,ocean-city-md,-75.076125,38.358233,2.418952226638794,4,3.5,False,0.105,low
f6d049a1-4056-41de-beb3-8bdf213179e1,ocean-city-md,-75.076547,38.358451,,3,2.5,False,0.075,low
9c13aa18-303c-42c8-8261-c2496b7e4ede,ocean-city-md,-75.077195,38.358413,2.5829145908355713,4,3.5,False,0.105,low
5ea8cdc3-d12a-4652-a159-c16ce143a4bc,ocean-city-md,-75.076787,38.359358,,2,1.5,False,0.045,low
2559c45e-69f4-44ba-b4f9-620be5f9c8a4,ocean-city-md,-75.076199,38.359811,11.0949068069458,2,1.5,False,0.045,low
4d964f0f-967f-4998-becc-0e51131df6c2,ocean-city-md,-75.076588,38.359274,,2,1.5,False,0.045,low
60eef3a4-0a92-4f91-8883-7646890bb5ac,ocean-city-md,-75.076184,38.359462,12.72737979888916,1,0.5,False,0.015,low
c46a5765-d08d-4243-b692-40c2d5596ee1,ocean-city-md,-75.075209,38.359272,,1,0.5,False,0.015,low
16a50e64-0bef-4d5f-8d90-515fc8796b9e,ocean-city-md,-75.074982,38.35948,,1,0.5,False,0.015,low
33b7b185-ff8d-481c-b255-17861c945910,ocean-city-md,-75.075032,38.359858,,2,1.5,False,0.045,low
5e396f44-0bb4-46de-a617-e8a3e1521ae0,ocean-city-md,-75.077573,38.359602,,1,0.5,False,0.015,low
8436ebd2-b3ba-407a-80d3-efef36d2a9ea,ocean-city-md,-75.077306,38.359691,2.294219493865967,2,1.5,False,0.045,low
7763af0c-8ac0-4fd1-b756-c1bdd8678ab1,ocean-city-md,-75.077348,38.359622,,0,0.0,False,0.0,none
23ede1f1-3f05-4118-8177-86a369d64d50,ocean-city-md,-75.079708,38.35931,7.117716312408447,4,3.5,False,0.105,low
4dffc050-6a7c-4969-b525-2837eaf791d4,ocean-city-md,-75.079568,38.359666,5.5453410148620605,2,1.5,False,0.045,low
b17f9134-5205-4fa8-8157-1eee200e47e1,ocean-city-md,-75.079344,38.360201,,2,1.5,False,0.045,low
e010be93-d274-4a47-b2b1-d276117e10ed,ocean-city-md,-75.07498,38.355933,,2,1.5,False,0.045,low
610812df-c035-4f9a-b5be-5b67db68cc76,ocean-city-md,-75.075164,38.355713,3.4548635482788086,2,1.5,False,0.045,low
ed195d39-72cc-472e-bd9f-511baa623ed7,ocean-city-md,-75.075758,38.356113,,3,2.5,False,0.075,low
1cff6db7-6b78-4b3a-99cd-e00fcb8f3f59,ocean-city-md,-75.07529,38.355313,5.372847080230713,3,2.5,False,0.075,low
a0d70a0f-9c8b-41f7-b4ec-afac0fc7ecff,ocean-city-md,-75.075067,38.355638,3.442260503768921,3,2.5,False,0.075,low
150f38a4-bb85-4391-85c3-6e0ad9e787ba,ocean-city-md,-75.074984,38.355517,2.4950151443481445,2,1.5,False,0.045,low
344d5a11-8493-429a-9de9-4e3e89d40487,ocean-city-md,-75.075014,38.35525,,2,1.5,False,0.045,low
f78189c0-7947-4123-a024-48122c50ccf7,ocean-city-md,-75.07494,38.353908,4.688283920288086,1,0.5,False,0.015,low
f160a64b-2615-4af3-81a6-cd6e3e08b8e8,ocean-city-md,-75.074849,38.353705,10.158466339111328,0,0.0,False,0.0,none
18616e9c-bbb7-46ba-8e5b-da0bc6921e12,ocean-city-md,-75.075123,38.353662,2.5314555168151855,0,0.0,False,0.0,none
7cd422d8-9fcf-40b7-9e82-4efb94c39009,ocean-city-md,-75.075873,38.353589,4.297189712524414,2,1.5,False,0.045,low
5158235e-aded-49d4-84d2-bdb999033b8a,ocean-city-md,-75.075854,38.354064,4.300236225128174,2,1.5,False,0.045,low
0b15732c-a4a4-4d10-80e0-44b9402a5bc8,ocean-city-md,-75.075537,38.354342,5.743658542633057,3,2.5,False,0.075,low
c4af6627-c7d8-4408-810c-94af2203379e,ocean-city-md,-75.075581,38.354759,4.795167446136475,2,1.5,False,0.045,low
91317abe-e56c-45a5-9c20-95ce8a6de31e,ocean-city-md,-75.076349,38.354704,3.472864866256714,5,4.5,False,0.135,low
506187be-be8a-43af-b073-db743af7edbd,ocean-city-md,-75.076472,38.354332,1.880871295928955,4,3.5,False,0.105,low
189042de-ab1e-4e66-b8ee-9e96f28c4386,ocean-city-md,-75.076524,38.354244,1.9990547895431519,3,2.5,False,0.075,low
17416942-cc6e-453b-95d1-7a42edf152f2,ocean-city-md,-75.076564,38.354178,2.541796922683716,3,2.5,False,0.075,low
d7a9fdbb-4cbb-41e0-8261-a92309b6b444,ocean-city-md,-75.076929,38.354249,1.9575847387313843,3,2.5,False,0.075,low
118ab7c1-d3b2-46ec-bb23-d4e40dd081ba,ocean-city-md,-75.076822,38.354006,2.3376309871673584,4,3.5,False,0.105,low
04cba560-3036-4605-973e-d2c19c9fbfbe,ocean-city-md,-75.076831,38.353934,2.6523053646087646,3,2.5,False,0.075,low
d5000ebf-959f-4769-8c49-da441a6a1ca4,ocean-city-md,-75.076657,38.353959,2.0496671199798584,3,2.5,False,0.075,low
c671a97f-2af6-4880-94eb-7490dd2bfd52,ocean-city-md,-75.076676,38.353879,1.9957698583602905,3,2.5,False,0.075,low
9594f163-fbfa-4168-97c7-ea13963aa216,ocean-city-md,-75.076747,38.353733,2.0,3,2.5,False,0.075,low
3eca6411-c787-410e-8295-e209ca00e0bb,ocean-city-md,-75.076702,38.353804,2.0,3,2.5,False,0.075,low
ee033795-47e2-4e69-b81f-b08b6b0d3036,ocean-city-md,-75.076818,38.353563,2.1802918910980225,3,2.5,False,0.075,low
fceb884a-a5cc-4c64-89aa-ae70a84deea5,ocean-city-md,-75.07689,38.353771,2.814690113067627,3,2.5,False,0.075,low
aaf7e5d7-f0a5-4e0a-a99c-11581f5f2f4a,ocean-city-md,-75.076856,38.353851,2.7442455291748047,3,2.5,False,0.075,low
30f74d22-0cca-4cbd-b762-39a09483aef3,ocean-city-md,-75.076989,38.353602,2.3746254444122314,3,2.5,False,0.075,low
8a6b47e5-4a66-48c0-bfd7-1f532f059f48,ocean-city-md,-75.077148,38.353706,2.843785524368286,5,4.5,False,0.135,low
64ad573e-3f8e-4a6b-b207-e5904bdbb58c,ocean-city-md,-75.077163,38.353642,2.677644729614258,5,4.5,False,0.135,low
ad813d1d-ce08-4e49-b6f5-d650d774009d,ocean-city-md,-75.07724,38.353813,2.5,3,2.5,False,0.075,low
54de4b54-8c8c-43ba-9724-b022392fe81c,ocean-city-md,-75.077115,38.353781,2.7635555267333984,3,2.5,False,0.075,low
62f78c18-646d-4180-911e-b30df4fafb08,ocean-city-md,-75.077262,38.35399,1.8941606283187866,2,1.5,False,0.045,low
46cb2958-ed05-48cf-8bd1-b9f70c622c96,ocean-city-md,-75.07716,38.353966,1.9642335176467896,2,1.5,False,0.045,low
f2b891ba-6e2b-45bd-b97f-2c4b3e9ffe84,ocean-city-md,-75.077088,38.353938,1.9941176176071167,2,1.5,False,0.045,low
412e229c-db3d-403a-8414-0033d5c311bd,ocean-city-md,-75.077029,38.354034,,3,2.5,False,0.075,low
ad462fc5-b5df-446d-98d6-13e5c9677e51,ocean-city-md,-75.077113,38.354092,1.940000057220459,3,2.5,False,0.075,low
593b6072-ce0f-41f8-ac75-fc06fbf50b9f,ocean-city-md,-75.077214,38.354112,2.0805625915527344,3,2.5,False,0.075,low
da1f6f51-9cbe-4cfe-87b9-864eaa7f52fb,ocean-city-md,-75.077231,38.354317,1.7866666316986084,4,3.5,False,0.105,low
aa4bd7fa-522f-46d4-9f64-b59e8ad6862f,ocean-city-md,-75.077136,38.354296,1.9431818723678589,4,3.5,False,0.105,low
33d0d266-0666-434f-830f-0be4cd0f3554,ocean-city-md,-75.07719,38.354472,1.228552222251892,4,3.5,False,0.105,low
f6cf261b-4a18-4307-919e-4e3f789e76d1,ocean-city-md,-75.077092,38.354447,1.4688304662704468,4,3.5,False,0.105,low
55bb073e-3964-4ad9-a020-7c010f3a2b16,ocean-city-md,-75.076991,38.354436,1.275191068649292,4,3.5,False,0.105,low
a9b1247e-ca20-4081-8e54-2a0b977cc180,ocean-city-md,-75.077055,38.354275,1.9030704498291016,4,3.5,False,0.105,low
4f53a12f-f70c-4cb4-867c-611c4ea9b704,ocean-city-md,-75.076883,38.354417,1.7008862495422363,4,3.5,False,0.105,low
d61a0e8a-6f0b-4f9f-8871-61b037396b5f,ocean-city-md,-75.076684,38.354289,2.1157166957855225,4,3.5,False,0.105,low
53549fdc-4d51-4d7a-a598-b03f42a4e6fd,ocean-city-md,-75.076652,38.354372,2.4214067459106445,5,4.5,False,0.135,low
e25a2995-d1bc-4694-942f-f26bb589381d,ocean-city-md,-75.076808,38.354739,10.9484281539917,4,3.5,False,0.105,low
dc93b63a-ae89-425f-8e6d-f0f4b655855b,ocean-city-md,-75.077197,38.355474,3.761854648590088,5,4.5,False,0.135,low
fae71ace-e16d-4625-9816-34fb20998812,ocean-city-md,-75.077094,38.355315,8.97634506225586,5,4.5,False,0.135,low
b62838dd-6a73-4c4a-99ce-3923fd55ae1e,ocean-city-md,-75.076795,38.35527,12.65076732635498,5,4.5,False,0.135,low
fb463aa1-7d9f-4aa4-be2a-a753e835d148,ocean-city-md,-75.076411,38.355088,2.5365941524505615,5,4.5,False,0.135,low
a5660478-1684-401a-9418-2db00316766e,ocean-city-md,-75.076023,38.35555,,4,3.5,False,0.105,low
7ab91cc1-9acc-4e6d-9693-ea5d7aa355d8,ocean-city-md,-75.076463,38.355639,3.594276189804077,5,4.5,False,0.135,low
55b71d98-adcb-4d8d-a54b-9cacb8b38fcc,ocean-city-md,-75.076611,38.355717,4.79584264755249,5,4.5,False,0.135,low
7bdf9718-7dd8-4907-a5ac-93772eece4e5,ocean-city-md,-75.076517,38.355959,4.045679569244385,3,2.5,False,0.075,low
bfa15ee2-41e2-4f04-ae17-7281f99751fc,ocean-city-md,-75.07633,38.355903,5.241260051727295,3,2.5,False,0.075,low
97caa400-def4-4087-9784-bb3bfc4e387b,ocean-city-md,-75.076029,38.355712,,3,2.5,False,0.075,low
a9f26c50-c10f-4b54-b7f3-b7996ca2fdd1,ocean-city-md,-75.076012,38.356252,5.204667091369629,4,3.5,False,0.105,low
9f7c0593-d0c3-4651-b9a5-97602374554f,ocean-city-md,-75.076198,38.35626,3.725849151611328,3,2.5,False,0.075,low
c35a41ab-9f38-4985-8a8d-ae429f8a6caf,ocean-city-md,-75.076685,38.355984,2.3552732467651367,4,3.5,False,0.105,low
c44a18d7-544c-4819-bfb0-87a5512d4fba,ocean-city-md,-75.076774,38.355759,4.26218318939209,5,4.5,False,0.135,low
f3aa2d87-f735-4aa5-bbff-4fabe6571e09,ocean-city-md,-75.076954,38.35574,4.4286909103393555,5,4.5,False,0.135,low
c8142d4f-a46c-4803-948e-2c461a308987,ocean-city-md,-75.076828,38.35601,3.7365429401397705,4,3.5,False,0.105,low
614399ff-0582-48b4-8a0b-27b5e322dd3e,ocean-city-md,-75.077158,38.356156,4.441972732543945,4,3.5,False,0.105,low
7cb3169d-635e-4b6e-9d36-c5b5397267c0,ocean-city-md,-75.077331,38.356172,3.8338489532470703,3,2.5,False,0.075,low
02d7fd9f-87db-41c1-af11-fb807c0f7042,ocean-city-md,-75.077496,38.356222,4.647541046142578,4,3.5,False,0.105,low
9f63c830-c15d-4a16-9021-3b9f37289f8c,ocean-city-md,-75.077667,38.356244,3.554530143737793,3,2.5,False,0.075,low
413433ad-5ff6-4afb-8fa7-9ffddc85b554,ocean-city-md,-75.077599,38.35599,3.7452852725982666,5,4.5,False,0.135,low
bfe9a4d4-25f7-412e-86a3-79830bcb7ea5,ocean-city-md,-75.077851,38.355671,3.292980670928955,5,4.5,False,0.135,low
6e5fd88c-4e32-452c-be19-f2cd707d4431,ocean-city-md,-75.077431,38.355951,4.096702575683594,3,2.5,False,0.075,low
dd3a888b-a8ba-4202-a76b-3dd39008402b,ocean-city-md,-75.077296,38.35583,4.690908908843994,5,4.5,False,0.135,low
c0955933-e915-4205-a618-8d62721187dc,ocean-city-md,-75.077505,38.355385,7.967788219451904,5,4.5,False,0.135,low
c71f0cb1-7775-4f7c-b97a-a4b20dc032d2,ocean-city-md,-75.077343,38.355406,4.085692405700684,4,3.5,False,0.105,low
9ed960b1-eca9-4ada-b861-2d076f7c5213,ocean-city-md,-75.077467,38.355032,6.840861797332764,5,4.5,False,0.135,low
7aa2db93-2293-4e81-aa64-252d9c701b58,ocean-city-md,-75.07778,38.355114,4.391185283660889,5,4.5,False,0.135,low
8a47e08f-b71c-4c8b-b86e-33d86e45c72a,ocean-city-md,-75.077883,38.354964,4.678962707519531,5,4.5,False,0.135,low
d56765ee-f824-4252-93f1-46aa1e044cf1,ocean-city-md,-75.0777,38.355447,7.743547439575195,4,3.5,False,0.105,low
661be10a-1800-4373-90f2-2c53a89cd14b,ocean-city-md,-75.077914,38.355565,4.710596561431885,6,5.5,False,0.165,low
fc369883-5827-47d1-8e5d-d3e91842002d,ocean-city-md,-75.078061,38.355644,4.563683986663818,5,4.5,False,0.135,low
c9249a84-825f-4b62-8673-e4d56796a91f,ocean-city-md,-75.078225,38.355048,5.375557899475098,5,4.5,False,0.135,low
c1b7baa4-5eae-4492-a674-9aa768bfaa64,ocean-city-md,-75.078324,38.355621,2.1208722591400146,5,4.5,False,0.135,low
d31cbe27-99ba-4f55-aa80-037005e3b0da,ocean-city-md,-75.077928,38.35609,6.604521751403809,3,2.5,False,0.075,low
7e560081-e5a8-46a4-a3e6-aa17bba34655,ocean-city-md,-75.077924,38.356276,4.110507011413574,3,2.5,False,0.075,low
576f89b5-6495-43a9-b31a-ea01862e416c,ocean-city-md,-75.078155,38.356368,4.421350955963135,5,4.5,False,0.135,low
d6c68146-6cb4-46c4-a083-138a4eca71fc,ocean-city-md,-75.078363,38.356363,5.470564842224121,4,3.5,False,0.105,low
82547535-65fd-4dce-a49d-d84a68943d00,ocean-city-md,-75.07825,38.356117,3.9321212768554688,5,4.5,False,0.135,low
ec182f88-910a-4461-b67b-6b87530a39b0,ocean-city-md,-75.078424,38.356196,6.650041103363037,5,4.5,False,0.135,low
b1bf3554-a2ab-4bc9-8666-85d7512c1a63,ocean-city-md,-75.078714,38.355722,6.368453502655029,6,5.5,False,0.165,low
15d7e4df-5d7a-4d33-9b17-9e09291732b3,ocean-city-md,-75.079196,38.355045,1.1244500875473022,0,0.0,False,0.0,none
fdd27907-44a0-4e92-9d5a-50e2441cb825,ocean-city-md,-75.078553,38.355217,5.276334762573242,5,4.5,False,0.135,low
5a0976d6-5a80-48ef-8a4e-0c46e56ea51c,ocean-city-md,-75.078562,38.354827,1.9965139627456665,5,4.5,False,0.135,low
d7547e44-73c2-46cd-b83e-7b8f64c5cde8,ocean-city-md,-75.078671,38.354823,1.8510923385620117,5,4.5,False,0.135,low
62a66912-077e-44b4-9bdd-704cae9a8a67,ocean-city-md,-75.078853,38.354881,1.9838032722473145,4,3.5,False,0.105,low
72f06c5c-0515-4ab5-b148-938f646057d0,ocean-city-md,-75.078759,38.354858,1.9307125806808472,4,3.5,False,0.105,low
c05afe88-47bb-447e-9dfb-06450531ee47,ocean-city-md,-75.078827,38.354711,1.9190475940704346,4,3.5,False,0.105,low
e10b5ce0-4ff1-4821-a602-aff0c26d4dd2,ocean-city-md,-75.078735,38.354676,1.1949563026428223,4,3.5,False,0.105,low
2ccc1267-c529-4ea4-b1ec-5e2c51097403,ocean-city-md,-75.078632,38.354672,1.356048583984375,5,4.5,False,0.135,low
57aa6709-f084-4bf5-9cf9-99062a5dd1e1,ocean-city-md,-75.078688,38.354497,1.9321132898330688,4,3.5,False,0.105,low
b7309f65-8213-46f5-842b-aa1c03d9045f,ocean-city-md,-75.078557,38.354335,0.9759886860847473,4,3.5,False,0.105,low
f1df5edf-10c2-4d31-87a9-ae742b8a4d28,ocean-city-md,-75.078645,38.35436,0.9914039969444275,5,4.5,False,0.135,low
bfc5aac8-19b9-4473-927c-bddd2b69ba29,ocean-city-md,-75.078738,38.354387,1.003822684288025,5,4.5,False,0.135,low
9f28367c-57b7-401d-a3ce-885aae1ca626,ocean-city-md,-75.078837,38.354402,1.0,4,3.5,False,0.105,low
592188a3-88c3-43e9-8666-6d3b978b7f40,ocean-city-md,-75.078794,38.354517,1.0,5,4.5,False,0.135,low
8c154dc0-c826-42bf-b56f-34938b43c9de,ocean-city-md,-75.078883,38.354545,0.997481107711792,5,4.5,False,0.135,low
d2dcb928-cfc6-4c15-b05e-783fc1aa56a9,ocean-city-md,-75.078987,38.354568,0.961403489112854,5,4.5,False,0.135,low
0c08133a-59bd-40fa-b144-7ed22e168cc0,ocean-city-md,-75.078923,38.35443,1.0,4,3.5,False,0.105,low
015a7904-3417-4300-9efe-ad39fe775f2f,ocean-city-md,-75.078896,38.354267,1.0,5,4.5,False,0.135,low
0b8a6e7b-3766-4fb0-8d77-d84ba5229c27,ocean-city-md,-75.078986,38.354283,1.0,5,4.5,False,0.135,low
20e53511-22b1-4e50-88c8-a01d5ac96510,ocean-city-md,-75.079082,38.354311,1.0,5,4.5,False,0.135,low
1c0b47b3-5a57-49fb-a197-1ea99aa9f2e9,ocean-city-md,-75.079171,38.354336,0.5610437989234924,5,4.5,False,0.135,low
e035af98-ee23-4f23-bffc-deb496214452,ocean-city-md,-75.07912,38.354471,0.9917627573013306,5,4.5,False,0.135,low
8c8dbb4a-f72a-426c-888b-db320633216b,ocean-city-md,-75.079027,38.354449,0.891933023929596,5,4.5,False,0.135,low
22056307-abc8-441a-9689-190875d099ce,ocean-city-md,-75.079075,38.354589,1.0128122568130493,4,3.5,False,0.105,low
92634000-9b99-451c-8413-9692c70da9d0,ocean-city-md,-75.079164,38.354622,1.121689796447754,5,4.5,False,0.135,low
0112171f-b05a-4c92-84dd-acf19886dfea,ocean-city-md,-75.079103,38.354776,1.0,5,4.5,False,0.135,low
30abe07d-39f5-4592-be20-b86a19a8e9df,ocean-city-md,-75.078918,38.354737,1.7411504983901978,4,3.5,False,0.105,low
0b510176-4d39-4a4a-9782-65cc665f9158,ocean-city-md,-75.079003,38.354758,1.8746100664138794,5,4.5,False,0.135,low
e253dae3-bda4-40dc-be3f-54160b50805b,ocean-city-md,-75.078943,38.354916,1.9807692766189575,4,3.5,False,0.105,low
983ba07f-8c62-4d5c-ba16-0a81516911e3,ocean-city-md,-75.07904,38.354933,1.8017032146453857,4,3.5,False,0.105,low
9e560b06-e0f7-42c3-9c7f-37a1a04947ca,ocean-city-md,-75.079256,38.354884,1.302296757698059,4,3.5,False,0.105,low
5cddd5f9-365c-4a6b-9748-592b89794805,ocean-city-md,-75.079228,38.354964,1.803850769996643,7,6.5,False,0.195,low
6496ed26-5b03-4481-b7b1-7de7ead63933,ocean-city-md,-75.07928,38.354816,1.1922030448913574,4,3.5,False,0.105,low
6c690f75-8d17-4b57-a1f7-848efb76cf82,ocean-city-md,-75.079339,38.354656,0.9973935484886169,5,4.5,False,0.135,low
d382c456-3652-4887-b14d-0ff9dc07f6f6,ocean-city-md,-75.07931,38.354737,0.9678362607955933,0,0.0,False,0.0,none
e427c0b5-36b3-4215-b395-d1f868e28d91,ocean-city-md,-75.079372,38.354584,0.9980970621109009,5,4.5,False,0.135,low
986b9983-c1e5-4c74-99f4-f272b1d648df,ocean-city-md,-75.079412,38.354456,3.1861631870269775,5,4.5,False,0.135,low
7cb6db9f-6d6e-4aae-96ec-fba39e90be0a,ocean-city-md,-75.079195,38.354513,1.1823021173477173,5,4.5,False,0.135,low
cd52e54b-2cbe-4286-8ca6-e0a4baf1c92e,ocean-city-md,-75.079056,38.353747,8.659463882446289,0,0.0,False,0.0,none
27c598a7-15fc-49ae-a2bd-bad6ea9fd790,ocean-city-md,-75.078798,38.354238,1.0,5,4.5,False,0.135,low
c115e842-0dee-4da9-9c61-0ac63b8d08d7,ocean-city-md,-75.07871,38.354218,1.0,5,4.5,False,0.135,low
289068e4-34d0-42f0-bbba-604d3cc60da3,ocean-city-md,-75.078617,38.354173,1.205169677734375,5,4.5,False,0.135,low
0efcbfde-368f-4b67-a96d-363b3d4548af,ocean-city-md,-75.078125,38.354045,1.9442455768585205,4,3.5,False,0.105,low
7dc0aae2-e67f-410c-a82e-b611a3918976,ocean-city-md,-75.07793,38.35399,1.0,4,3.5,False,0.105,low
64afa648-4966-4c69-aa07-6b8c8187e0a7,ocean-city-md,-75.078021,38.354014,1.9792251586914062,4,3.5,False,0.105,low
55f14b75-9b6e-4f9f-8c37-8dca39fe15f6,ocean-city-md,-75.077954,38.35417,1.0,4,3.5,False,0.105,low
6b1604ad-1188-462d-bfd5-310b07830ce8,ocean-city-md,-75.078065,38.354201,1.5875486135482788,4,3.5,False,0.105,low
a1c417c8-3ecf-43a3-a424-d71698c03f04,ocean-city-md,-75.078156,38.354232,1.0,4,3.5,False,0.105,low
d684e580-0e6a-468e-a8c6-bed8de4b3c64,ocean-city-md,-75.078327,38.354097,1.0,4,3.5,False,0.105,low
f8c83795-c5e9-4f90-85d1-0d2dc28cbe75,ocean-city-md,-75.078225,38.35407,1.0,4,3.5,False,0.105,low
79359a8e-2c49-40db-a970-1f91416596f7,ocean-city-md,-75.078535,38.354145,0.9360613822937012,5,4.5,False,0.135,low
9f2332f8-427a-4dff-8f97-b76f2871e226,ocean-city-md,-75.078422,38.354116,1.0166475772857666,5,4.5,False,0.135,low
fff06131-a9fa-4869-8669-d101de13449e,ocean-city-md,-75.078419,38.354422,1.5970947742462158,4,3.5,False,0.105,low
5f58c22b-89a1-40ba-9aaa-b231b02b64f2,ocean-city-md,-75.078462,38.354306,1.0223071575164795,5,4.5,False,0.135,low
c51d085c-24bb-46f9-b0b4-d5692c82e8d4,ocean-city-md,-75.078363,38.354274,1.0,4,3.5,False,0.105,low
4c319119-9cd5-480f-944c-43214d2a1dd1,ocean-city-md,-75.078258,38.354255,1.0,4,3.5,False,0.105,low
f3d18b4f-bb3d-45f4-af52-c28104de6066,ocean-city-md,-75.078324,38.354389,0.994027316570282,4,3.5,False,0.105,low
f1114e2a-b1d1-4a2b-be1d-2ce5f1bbb527,ocean-city-md,-75.07834,38.354595,1.093442678451538,4,3.5,False,0.105,low
e898032c-72e3-47df-bdf4-d967d9be1a0a,ocean-city-md,-75.078528,38.354452,1.0,5,4.5,False,0.135,low
73971f4e-42a9-4767-bbd2-8f80715b4e96,ocean-city-md,-75.078538,38.354647,1.305155873298645,4,3.5,False,0.105,low
cae445ae-9aa1-4758-a478-4fc91578f77f,ocean-city-md,-75.078438,38.354623,1.047041654586792,4,3.5,False,0.105,low
25f96e0b-b02b-46d3-9b56-9b77bba655be,ocean-city-md,-75.078466,38.354806,1.9984050989151,5,4.5,False,0.135,low
5684aa8b-7384-4a56-a714-eb559dd97d5a,ocean-city-md,-75.078274,38.354752,1.9994819164276123,4,3.5,False,0.105,low
0ea75fb6-459b-464b-83da-0f72e12d6061,ocean-city-md,-75.078374,38.354772,2.0,4,3.5,False,0.105,low
46fb578f-fd26-4884-b165-77c5a546ad3c,ocean-city-md,-75.078077,38.3547,2.0,4,3.5,False,0.105,low
b23fc720-59fa-47e6-bedb-9c291c4c2d81,ocean-city-md,-75.078173,38.35472,1.997633695602417,5,4.5,False,0.135,low
d21c89b0-23c0-47e1-b54a-ab3a8fe2385d,ocean-city-md,-75.077975,38.354671,1.876251459121704,4,3.5,False,0.105,low
753b848a-5b8a-4ccc-aa51-4020082470bf,ocean-city-md,-75.077927,38.354495,1.0,4,3.5,False,0.105,low
3432e443-af10-4be9-a012-caa16044930c,ocean-city-md,-75.078022,38.354514,1.0005533695220947,4,3.5,False,0.105,low
f02a346f-394e-468a-827e-983c4dbcf59a,ocean-city-md,-75.078134,38.35454,0.4822092354297638,4,3.5,False,0.105,low
3544a9c9-7910-4979-9ccc-316ed1ebd64a,ocean-city-md,-75.078222,38.354568,0.8083941340446472,4,3.5,False,0.105,low
6cc4c361-ce3c-4228-8e9f-8b9707abbaaf,ocean-city-md,-75.078117,38.35435,1.4201077222824097,5,4.5,False,0.135,low
cd552be1-949f-4a1c-b203-adb36ab924ce,ocean-city-md,-75.078221,38.354369,0.9985527992248535,4,3.5,False,0.105,low
607adc0f-b394-4fc2-9071-5195cccc01a3,ocean-city-md,-75.078022,38.354314,1.538577914237976,4,3.5,False,0.105,low
3607fd99-11a6-4aad-ba59-f2ba616e7fb9,ocean-city-md,-75.077925,38.354287,1.2128218412399292,4,3.5,False,0.105,low
b3b4f715-ce09-4637-bb21-54068b31ca7f,ocean-city-md,-75.077816,38.35426,1.334227442741394,4,3.5,False,0.105,low
91cf482c-a14e-4e7e-b6de-e6c6249904db,ocean-city-md,-75.077646,38.354416,1.0652834177017212,4,3.5,False,0.105,low
e829c7e6-ebed-4fc8-b67b-e12089f699f6,ocean-city-md,-75.07774,38.354444,1.0,4,3.5,False,0.105,low
5cc752fe-6e7a-4a2e-a26f-dcba5243c6d7,ocean-city-md,-75.077676,38.354588,3.683476448059082,4,3.5,False,0.105,low
8f144ccc-a0f9-49a7-be83-f1fd6ec5b86f,ocean-city-md,-75.077833,38.354464,1.3430813550949097,4,3.5,False,0.105,low
f506f6f4-cbda-4314-b1bd-108d5156c050,ocean-city-md,-75.077865,38.354643,1.0,4,3.5,False,0.105,low
1084d60a-6465-40bb-b163-98781fd8058d,ocean-city-md,-75.077771,38.354629,4.616929054260254,4,3.5,False,0.105,low
c3275497-8832-41f9-8752-9d4b206194b2,ocean-city-md,-75.077287,38.354494,1.0,4,3.5,False,0.105,low
a7f60287-0ef6-413f-b6a6-456cd6f648c4,ocean-city-md,-75.077384,38.354533,1.4734456539154053,5,4.5,False,0.135,low
1d7e97b3-8b61-43a2-8276-e9b6b581974f,ocean-city-md,-75.077475,38.354548,2.6333982944488525,5,4.5,False,0.135,low
c72ac1fc-99a9-4ac1-8169-25e433225875,ocean-city-md,-75.077577,38.354572,3.5278704166412354,4,3.5,False,0.105,low
1fa77235-7985-4265-88b5-f81fc1d041f2,ocean-city-md,-75.077439,38.35437,1.4530503749847412,4,3.5,False,0.105,low
03ebd56d-e6bf-47bd-8679-807a5891564c,ocean-city-md,-75.077542,38.354385,1.8053375482559204,4,3.5,False,0.105,low
b3425d30-5dca-44ad-809a-8d082c2df8bb,ocean-city-md,-75.077348,38.35433,1.943647027015686,4,3.5,False,0.105,low
cf06925e-7330-4cd0-b485-d332692845b6,ocean-city-md,-75.077414,38.354171,1.962867021560669,4,3.5,False,0.105,low
8bc4daef-aa3b-4103-8bd5-8a1f14880870,ocean-city-md,-75.077324,38.354134,1.7190476655960083,3,2.5,False,0.075,low
7d4f3fe0-1874-498e-b08f-5cf4bea04df4,ocean-city-md,-75.077362,38.354019,1.9715003967285156,2,1.5,False,0.045,low
4c7ae44d-07d4-4b93-9e84-f385e3a6ef06,ocean-city-md,-75.077451,38.354056,1.855481743812561,3,2.5,False,0.075,low
e54d8532-bb56-4775-a2e9-ec47a2602f04,ocean-city-md,-75.077555,38.354077,1.096477746963501,3,2.5,False,0.075,low
727c85d3-1bf8-4b83-9c2a-4c64b6b7a7bf,ocean-city-md,-75.077515,38.354191,1.956140398979187,3,2.5,False,0.075,low
36f17228-c402-4cb2-9a1a-146a08e90936,ocean-city-md,-75.077618,38.354221,1.9231317043304443,3,2.5,False,0.075,low
b4e3a49c-2ed5-465f-b18a-50708d30d5e5,ocean-city-md,-75.077665,38.354106,0.8804780840873718,3,2.5,False,0.075,low
179adedb-0fac-418c-bc84-8a55c1dc1223,ocean-city-md,-75.077714,38.354245,1.0,4,3.5,False,0.105,low
a435bc85-582b-4ea2-8e18-6afb011f8e1e,ocean-city-md,-75.077853,38.354148,1.9329159259796143,4,3.5,False,0.105,low
1d0c49ff-3081-421a-a41f-5f305430b2e8,ocean-city-md,-75.077753,38.354128,0.5625,3,2.5,False,0.075,low
4bed5711-b761-4567-a51c-13caa75d51a4,ocean-city-md,-75.077834,38.353972,0.9706498980522156,4,3.5,False,0.105,low
1497d101-18f7-4285-94a4-8d16c722e0cc,ocean-city-md,-75.07773,38.35394,0.6407954096794128,4,3.5,False,0.105,low
d3f9898d-ccf9-4ebd-bc9e-f392f6c49b73,ocean-city-md,-75.077625,38.353919,1.6441718339920044,3,2.5,False,0.075,low
cf927fd0-e51d-42c2-9107-8da32bb8d976,ocean-city-md,-75.077536,38.353889,1.25043785572052,4,3.5,False,0.105,low
ce65100c-c662-407c-97f1-8fd6be34aebf,ocean-city-md,-75.07743,38.353878,1.9286384582519531,4,3.5,False,0.105,low
1a20225e-e9f4-4ef1-96bc-3d36dc238cb9,ocean-city-md,-75.077337,38.353841,1.9899396896362305,3,2.5,False,0.075,low
954bab16-5d8c-4dca-863f-d1fb59f73688,ocean-city-md,-75.077435,38.35348,,0,0.0,False,0.0,none
4e62011b-4575-4018-9055-953f37a4e549,ocean-city-md,-75.077766,38.353502,,3,2.5,False,0.075,low
e65a59d0-6dd6-41b7-8419-6dbfb38186ca,ocean-city-md,-75.077314,38.352779,2.5165529251098633,2,1.5,False,0.045,low
646a46d3-c7e8-4e88-97f3-7aa804452ab1,ocean-city-md,-75.078179,38.353345,6.724337100982666,3,2.5,False,0.075,low
59fd3ab6-c025-4bb1-8bf7-5ef2fdbdc63c,ocean-city-md,-75.079122,38.353027,7.54942512512207,2,1.5,False,0.045,low
c62b6b50-c36a-4112-b17a-1a44c0d46258,ocean-city-md,-75.07954,38.353426,,1,0.5,False,0.015,low
cff178be-99e4-4ae5-bfbe-6b8cc4ef93a8,ocean-city-md,-75.079666,38.353137,4.444245338439941,3,2.5,False,0.075,low
a02e6329-b34c-4926-9c82-4214815711d2,ocean-city-md,-75.07953,38.352808,,3,2.5,False,0.075,low
305971fb-56a4-4ed8-8b36-38040b2d4f2d,ocean-city-md,-75.078879,38.352762,7.8104681968688965,3,2.5,False,0.075,low
c4124de1-1f66-4bd0-83f6-bda47251e5b5,ocean-city-md,-75.079716,38.351496,5.452488899230957,4,3.5,False,0.105,low
89a7b5d5-5938-4835-ae3f-ff7f77db444a,ocean-city-md,-75.079665,38.351319,4.992544174194336,3,2.5,False,0.075,low
b43bad47-efac-4d65-b103-56461d36a848,ocean-city-md,-75.079648,38.351124,5.023869037628174,4,3.5,False,0.105,low
61c6b5e9-c6e1-413a-a23f-8b580e6871eb,ocean-city-md,-75.078768,38.351031,,5,4.5,False,0.135,low
1d5e1a2c-faf9-4591-a244-97474a883d64,ocean-city-md,-75.078048,38.351131,11.150447845458984,3,2.5,False,0.075,low
8d74a81f-65ee-439d-8289-05a9f30bed9b,ocean-city-md,-75.078459,38.351524,,3,2.5,False,0.075,low
85d22988-f9b7-44a7-86be-eb60d4f4ca52,ocean-city-md,-75.078335,38.3517,,3,2.5,False,0.075,low
6211477c-fe44-4507-a2e4-f8cd78dd3b91,ocean-city-md,-75.077739,38.351551,4.660097122192383,2,1.5,False,0.045,low
da5f1402-b9e8-4788-839a-d641cf2e99e1,ocean-city-md,-75.077124,38.351067,5.0198187828063965,2,1.5,False,0.045,low
5faeafea-a441-408e-85c5-5800a877c7d6,ocean-city-md,-75.076058,38.350795,,0,0.0,False,0.0,none
8792d9d5-629d-4ce2-b762-0447afc0fb5d,ocean-city-md,-75.077023,38.353374,8.375407218933105,3,2.5,False,0.075,low
73aa743f-1217-4e71-b72e-777b6de972f6,ocean-city-md,-75.076153,38.353166,4.506852626800537,2,1.5,False,0.045,low
009a6bc3-6853-41e5-be90-8c543e49eb66,ocean-city-md,-75.076531,38.352822,,3,2.5,False,0.075,low
04112595-688d-4613-bb60-f6aeb5929956,ocean-city-md,-75.076439,38.352647,2.869323492050171,3,2.5,False,0.075,low
b8dc07d3-ac8f-4948-bc4f-2515c4969d3b,ocean-city-md,-75.075441,38.352778,,0,0.0,False,0.0,none
bfc1e69f-9eb1-42ad-ba66-c0b564a2951b,ocean-city-md,-75.075195,38.352385,,0,0.0,False,0.0,none
2bb5d3d9-833c-43a7-8af2-bb2c6366da45,ocean-city-md,-75.075199,38.351505,11.210075378417969,0,0.0,False,0.0,none
999ae87f-d93c-465e-a215-3018030ce1f3,ocean-city-md,-75.07563,38.352044,6.655691146850586,1,0.5,False,0.015,low
b4ec1574-944c-424b-8e83-48834ac42eea,ocean-city-md,-75.075823,38.351533,8.199999809265137,1,0.5,False,0.015,low
cbd298dd-fa10-417f-b154-e05ea9649093,ocean-city-md,-75.075697,38.350703,21.186386108398438,0,0.0,False,0.0,none
dd197023-b029-40ea-808e-c31e1e49b759,ocean-city-md,-75.075843,38.350016,9.856609344482422,1,0.5,False,0.015,low
a7ac7b62-a992-4a8f-ac43-6a62c2eeacdb,ocean-city-md,-75.075905,38.349815,8.400026321411133,0,0.0,False,0.0,none
8a87cbad-61a8-4ff1-b44e-784b680bf993,ocean-city-md,-75.076152,38.34915,5.455841064453125,0,0.0,False,0.0,none
ff474d6a-7e51-4c62-af85-1c8d62a94a0e,ocean-city-md,-75.076205,38.349022,4.367395877838135,0,0.0,False,0.0,none
250c923d-ac6c-4d08-a33e-91c5e02d0993,ocean-city-md,-75.076399,38.348593,2.478368043899536,0,0.0,False,0.0,none
c8603c4d-a714-4de8-832a-35d5b5d3967f,ocean-city-md,-75.0763,38.348908,5.185104846954346,0,0.0,False,0.0,none
aa008e52-932b-4023-9419-913984837a62,ocean-city-md,-75.076664,38.347913,11.29505729675293,0,0.0,False,0.0,none
6a21eb4f-7578-4215-a69c-50e5b39da3ec,ocean-city-md,-75.077061,38.348379,,0,0.0,False,0.0,none
d8fd6b16-343f-413c-8f8d-ded872ba7db6,ocean-city-md,-75.076887,38.348733,,0,0.0,False,0.0,none
dec0d8a1-7d74-45b7-878e-c37748453881,ocean-city-md,-75.076946,38.349056,,1,0.5,False,0.015,low
bf515b83-54eb-47a5-9ae9-8d7fa6bf76a0,ocean-city-md,-75.076703,38.349261,3.7461647987365723,0,0.0,False,0.0,none
f97fbf46-e642-4b85-b737-577021f8d194,ocean-city-md,-75.077241,38.349807,3.4248485565185547,2,1.5,False,0.045,low
7b28007b-2057-4f7a-9261-a2d285d9f7e2,ocean-city-md,-75.076548,38.349655,5.056204319000244,1,0.5,False,0.015,low
aa103abd-e5c1-42f7-b724-ef699d4f65e3,ocean-city-md,-75.076079,38.349424,10.541560173034668,1,0.5,False,0.015,low
bbd041c4-31e6-4b37-8b1d-1a6b16778a49,ocean-city-md,-75.076001,38.34955,9.971122741699219,1,0.5,False,0.015,low
7ce6ecb5-19d2-4376-897c-084a5aa8b202,ocean-city-md,-75.076001,38.349694,10.154906272888184,0,0.0,False,0.0,none
3a545858-6f18-4707-a0c9-ac2145851c4f,ocean-city-md,-75.07642,38.350025,11.878172874450684,2,1.5,False,0.045,low
dc989233-2945-4bd8-b9f7-d2df2e09d10d,ocean-city-md,-75.076943,38.350294,6.599999904632568,1,0.5,False,0.015,low
34a15a2c-a14e-49c5-845a-f5b0900bdd4f,ocean-city-md,-75.077359,38.350311,4.7223615646362305,2,1.5,False,0.045,low
4e2b863f-db40-44af-ab90-b4197ef4c66f,ocean-city-md,-75.077516,38.349505,4.1342315673828125,2,1.5,False,0.045,low
92625ed7-6387-47fc-986c-63656524008f,ocean-city-md,-75.077755,38.34947,,3,2.5,False,0.075,low
d735f0a2-0527-4b06-8de1-3729c8b74e49,ocean-city-md,-75.078495,38.349998,4.428802490234375,3,2.5,False,0.075,low
1593a22c-b397-4d43-b911-0c795a6fd236,ocean-city-md,-75.078387,38.350279,,3,2.5,False,0.075,low
bd4597d3-dd51-418f-b9b3-395d72a1e75d,ocean-city-md,-75.078334,38.350407,6.502687454223633,4,3.5,False,0.105,low
1315c0ab-6169-4816-9c80-547f24eda1cc,ocean-city-md,-75.078911,38.350259,6.4218339920043945,4,3.5,False,0.105,low
d61aad2f-d799-47a1-8619-a0036f935737,ocean-city-md,-75.078965,38.350117,6.732069969177246,3,2.5,False,0.075,low
e7e9b8d3-992f-4c2a-ab25-3f4db3812cb5,ocean-city-md,-75.079093,38.350369,6.507437705993652,4,3.5,False,0.105,low
26cee098-5008-4c72-aef0-6536b605e2d6,ocean-city-md,-75.079189,38.350173,6.428407192230225,5,4.5,False,0.135,low
e17d63ce-8a53-4f8b-89ce-ff94e10e14ca,ocean-city-md,-75.079242,38.350057,,4,3.5,False,0.105,low
2f1e0079-55f5-4492-9a9b-70c40a89fa63,ocean-city-md,-75.079268,38.349978,,3,2.5,False,0.075,low
4ffa2bae-8738-4163-9382-17192e76d1bf,ocean-city-md,-75.079319,38.349848,5.414093017578125,4,3.5,False,0.105,low
5a0d1ed7-2275-44e2-9030-2dcc099be154,ocean-city-md,-75.079398,38.349682,4.572755336761475,4,3.5,False,0.105,low
1ed36228-082a-472c-9f9a-b66e92b5f851,ocean-city-md,-75.079684,38.349629,4.019781589508057,4,3.5,False,0.105,low
226369b2-2393-4a09-b95d-ade505a7bd7e,ocean-city-md,-75.079334,38.349491,4.156370639801025,3,2.5,False,0.075,low
670e00f6-425d-434f-a610-4d48c9e06b42,ocean-city-md,-75.078866,38.348944,4.084830284118652,3,2.5,False,0.075,low
83afd552-14c9-42a2-b564-23267dc17bcd,ocean-city-md,-75.079334,38.349007,3.703559398651123,3,2.5,False,0.075,low
e750341f-1005-457a-96bf-bdb036ae1b77,ocean-city-md,-75.079633,38.349154,4.471937656402588,2,1.5,False,0.045,low
f99c63f1-1726-459a-8e79-ea7a7fb36740,ocean-city-md,-75.078217,38.348388,5.4205145835876465,3,2.5,False,0.075,low
28026350-b27f-4969-8f23-c01436ccf675,ocean-city-md,-75.077964,38.348466,,2,1.5,False,0.045,low
3f9031b0-fc0c-4237-b35a-e9ca281e0e78,ocean-city-md,-75.078204,38.348949,,3,2.5,False,0.075,low
b92b2870-fc6b-4008-b6c8-7c28d075dd78,ocean-city-md,-75.077662,38.348838,,0,0.0,False,0.0,none
63306bd1-6e7c-4a9a-b61f-51c5533902ba,ocean-city-md,-75.077865,38.349038,,3,2.5,False,0.075,low
ea52837a-56f3-4038-8f1c-d2fd3a592b12,ocean-city-md,-75.077696,38.349038,,2,1.5,False,0.045,low
dccdb51e-f303-40db-a5fc-e7349290815e,ocean-city-md,-75.077406,38.348102,,1,0.5,False,0.015,low
16c302c7-f29c-4b84-8151-020501d64135,ocean-city-md,-75.07733,38.347723,19.666908264160156,0,0.0,False,0.0,none
e541cc15-7f03-4cf2-81af-4d15e09d0dbb,ocean-city-md,-75.078442,38.347005,4.358431339263916,2,1.5,False,0.045,low
f5d769cd-1303-4c9f-a66e-a464b0ddc922,ocean-city-md,-75.078338,38.347221,7.768560409545898,2,1.5,False,0.045,low
fb2b7879-cc26-421f-9d96-9160fe7cfd39,ocean-city-md,-75.078213,38.347376,6.389369487762451,3,2.5,False,0.075,low
7efd8121-b8bb-4271-b28c-3ad47ef5a487,ocean-city-md,-75.078156,38.347505,6.372524738311768,2,1.5,False,0.045,low
27186036-47cf-4fd0-87c8-0ef498949d6e,ocean-city-md,-75.078166,38.347645,5.884342193603516,2,1.5,False,0.045,low
8864f5ba-45df-42fd-8744-75f8e1102e9b,ocean-city-md,-75.078426,38.347683,5.599249362945557,2,1.5,False,0.045,low
0038654d-91ef-4ac6-bf2a-4a3746f7e4e9,ocean-city-md,-75.078668,38.347687,4.539746284484863,3,2.5,False,0.075,low
27cfa515-f8e2-40dd-a54f-1561f984d86e,ocean-city-md,-75.078691,38.347453,,3,2.5,False,0.075,low
f20515fb-3c11-4962-9e35-bf0e69330980,ocean-city-md,-75.078582,38.347448,3.289130449295044,3,2.5,False,0.075,low
2280f02b-3674-4164-8963-83b94050af27,ocean-city-md,-75.078831,38.347347,2.987914562225342,3,2.5,False,0.075,low
ad27c619-766f-4b7e-8e1c-ee1b1e3b6520,ocean-city-md,-75.078801,38.347493,,3,2.5,False,0.075,low
ad8172e4-4694-41d6-90c3-b817d21d8e46,ocean-city-md,-75.079777,38.347896,5.308414936065674,3,2.5,False,0.075,low
3678c336-be8b-4db2-8ccf-1a1319ea590e,ocean-city-md,-75.079084,38.346819,,4,3.5,False,0.105,low
cf06932f-a5f2-4afe-a10d-8c6fe59d22f5,ocean-city-md,-75.078775,38.346708,5.868082046508789,2,1.5,False,0.045,low
b834b37e-b781-47c0-8cc2-180ce485d15e,ocean-city-md,-75.078643,38.346443,4.221466064453125,2,1.5,False,0.045,low
dcfba267-e40a-4396-ba96-f286a98e2a94,ocean-city-md,-75.079001,38.345801,4.528712272644043,3,2.5,False,0.075,low
a8540437-9808-4312-a158-1ef515fdf7de,ocean-city-md,-75.079149,38.346383,5.430304050445557,3,2.5,False,0.075,low
5a23600b-1c5d-4cb3-9b08-35fd87b77d07,ocean-city-md,-75.079316,38.346427,5.981890678405762,3,2.5,False,0.075,low
f39790fe-14ff-4665-8a9f-9e9822d17809,ocean-city-md,-75.079289,38.346183,2.097182273864746,3,2.5,False,0.075,low
689377e5-3fc8-4ecd-82dd-149436b58de4,ocean-city-md,-75.079352,38.345826,5.322208881378174,4,3.5,False,0.105,low
079e15a6-db4e-4bec-8194-6f88b065a284,ocean-city-md,-75.079421,38.345936,,4,3.5,False,0.105,low
6df6a23b-1ad5-4464-8b99-0953d0276ac8,ocean-city-md,-75.07967,38.345572,4.397907257080078,3,2.5,False,0.075,low
31cdf8aa-ae21-4b1f-81af-17bb8531083f,ocean-city-md,-75.079174,38.345777,5.599795818328857,4,3.5,False,0.105,low
73bb7481-21f6-4864-83d2-056324ce56b6,ocean-city-md,-75.078856,38.345768,4.251217365264893,4,3.5,False,0.105,low
bbbedd2d-a75b-4508-86c2-c3a4549bc668,ocean-city-md,-75.077961,38.345457,,0,0.0,False,0.0,none
50da9297-8bb1-46ae-9759-34e56730e6be,ocean-city-md,-75.077653,38.34614,12.995686531066895,0,0.0,False,0.0,none
2eda1595-dddb-4e54-9751-2393c2fd5fcf,ocean-city-md,-75.077231,38.346964,,0,0.0,False,0.0,none
f230a3f2-a657-4908-9810-c045d877fbe7,ocean-city-md,-75.079812,38.34146,7.290568828582764,1,0.5,False,0.015,low
7b46a73e-09f0-4738-9ee9-0c4a34ae0703,ocean-city-md,-75.07973,38.34166,,1,0.5,False,0.015,low
62515792-f90b-4b51-9d2c-6bf081f8ca9d,ocean-city-md,-75.07953,38.342021,7.682829856872559,0,0.0,False,0.0,none
47c19d5f-6ee1-4acc-8680-3441dfa00a3a,ocean-city-md,-75.078196,38.345056,11.860995292663574,1,0.5,False,0.015,low
bbbf7bfb-ebd0-4c88-8b14-5097a1b73876,ocean-city-md,-75.07831,38.344507,,1,0.5,False,0.015,low
f04f4914-3cce-4f02-9eea-7db4d8e80704,ocean-city-md,-75.078125,38.344396,7.9127888679504395,1,0.5,False,0.015,low
4add5677-8052-4943-bece-b9e9285abb6c,ocean-city-md,-75.078149,38.344618,11.243454933166504,1,0.5,False,0.015,low
5c720d86-9386-40dd-be9b-91f58cf5454d,ocean-city-md,-75.078495,38.344121,9.888055801391602,2,1.5,False,0.045,low
e338a104-b163-4531-aa87-db493e8ff459,ocean-city-md,-75.078782,38.343436,6.875091075897217,0,0.0,False,0.0,none
16d824cc-e7bb-489d-89a9-c48b721b863b,ocean-city-md,-75.078914,38.343159,9.704280853271484,1,0.5,False,0.015,low
34505107-f5c5-48f8-9484-1859e802deb7,ocean-city-md,-75.078841,38.343313,,0,0.0,False,0.0,none
0c8ecf71-38b0-4562-8304-35d3b7997777,ocean-city-md,-75.07915,38.342582,10.133462905883789,3,2.5,False,0.075,low
28a776f1-e100-4682-98de-bcafbd805cdd,ocean-city-md,-75.079075,38.342706,7.199526309967041,4,3.5,False,0.105,low
48b94658-f4b8-4cfd-b1bf-383d313bccb3,ocean-city-md,-75.079101,38.342863,7.390890121459961,2,1.5,False,0.045,low
74281cfa-3d33-4a70-abad-fa6c567748f8,ocean-city-md,-75.079477,38.342909,5.162444114685059,2,1.5,False,0.045,low
891117c9-e9f7-4ee7-b48a-6a8118d15438,ocean-city-md,-75.079347,38.342616,,2,1.5,False,0.045,low
6d6ca41a-ed4e-4266-97a3-72aad274f8fa,ocean-city-md,-75.079233,38.342465,9.220534324645996,2,1.5,False,0.045,low
98a08ae5-9f5c-4f77-a18a-c343f1b74771,ocean-city-md,-75.079348,38.342283,9.132144927978516,0,0.0,False,0.0,none
b248b9d5-f0c3-463c-968f-b4e23f3a9655,ocean-city-md,-75.07966,38.3426,5.245891571044922,2,1.5,False,0.045,low
21d64d12-6878-46aa-93b0-137ecbd75ed0,ocean-city-md,-75.0796,38.342875,4.052560806274414,2,1.5,False,0.045,low
e8776102-1f94-4c37-bb33-4331a4f8cf1d,ocean-city-md,-75.07976,38.342946,3.8990917205810547,2,1.5,False,0.045,low
d05cb0f3-59fb-438f-8fae-e385e881035d,ocean-city-md,-75.079675,38.343067,5.305628299713135,1,0.5,False,0.015,low
529ffca0-8fd9-4f7d-a0a8-4267a30eaa33,ocean-city-md,-75.079782,38.343987,5.275946140289307,3,2.5,False,0.075,low
b42243f7-630a-4330-a06b-b8d8c96281c2,ocean-city-md,-75.079799,38.344142,5.051910400390625,3,2.5,False,0.075,low
b03fb6db-1e45-4492-be86-00a4847b4642,ocean-city-md,-75.078896,38.344386,10.575995445251465,0,0.0,False,0.0,none
b2e59c3f-d639-412d-9c8e-83018b4acaee,ocean-city-md,-75.079355,38.34468,6.661218166351318,3,2.5,False,0.075,low
768d3988-eaf2-4950-bd31-fae3fb4943d8,ocean-city-md,-75.079508,38.344496,5.395547866821289,3,2.5,False,0.075,low
17473c63-c57b-4599-a897-621cf2596e68,ocean-city-md,-75.079669,38.344397,5.312623500823975,3,2.5,False,0.075,low
8cfb0341-d81c-48fa-af19-751d61e2ad1d,ocean-city-md,-75.079744,38.344581,3.9130187034606934,4,3.5,False,0.105,low
d2436260-c906-4125-9a9e-38a81010bf1a,ocean-city-md,-75.07968,38.34471,3.2782108783721924,4,3.5,False,0.105,low
ac73c405-065b-495d-a033-8624725b8bbc,ocean-city-md,-75.080122,38.344566,5.477686405181885,4,3.5,False,0.105,low
49563172-75df-4240-9843-d98c84bd0071,ocean-city-md,-75.080045,38.344037,3.365640163421631,4,3.5,False,0.105,low
c74050b1-b583-4b89-ba58-02532ad6e236,ocean-city-md,-75.079851,38.343861,5.648518085479736,3,2.5,False,0.075,low
fba3acf2-e8d4-4a0b-b995-facb2cddb1e4,ocean-city-md,-75.07992,38.343735,4.512345790863037,3,2.5,False,0.075,low
2d01eb52-7637-4ae7-b160-8b22818eded7,ocean-city-md,-75.080402,38.344046,6.326461315155029,4,3.5,False,0.105,low
35b80e22-bef6-4172-a8b0-dcf99849314e,ocean-city-md,-75.080282,38.344121,,4,3.5,False,0.105,low
af717d36-e99e-4b86-a10f-0e041ee9fe8b,ocean-city-md,-75.080261,38.344307,4.8603105545043945,3,2.5,False,0.075,low
fdb8e571-5f3b-4a69-a39e-03e61a3a4bb7,ocean-city-md,-75.080476,38.343921,5.224813938140869,4,3.5,False,0.105,low
9c5e5c7e-e0a3-49d1-aba4-b244b49cf7ea,ocean-city-md,-75.08066,38.3437,4.034739971160889,4,3.5,False,0.105,low
991e9d24-4519-42d9-a5bb-d3afdefceec9,ocean-city-md,-75.080772,38.344972,2.329439163208008,4,3.5,False,0.105,low
852ffa76-519e-46b2-975c-9881b9b887e7,ocean-city-md,-75.081457,38.344996,,6,5.5,False,0.165,low
ab5d64f2-0d9b-459b-9c1b-9090034ca7ff,ocean-city-md,-75.081822,38.344099,2.45936918258667,3,2.5,False,0.075,low
41fc8c40-7a68-4091-9f83-d0fb0a1f4cce,ocean-city-md,-75.082218,38.344372,4.809944152832031,5,4.5,False,0.135,low
b0e8db3b-005b-4434-9263-e1bbb8981008,ocean-city-md,-75.082048,38.343819,5.322537422180176,4,3.5,False,0.105,low
dd112265-ecc2-422f-85d1-79aefa4f13fc,ocean-city-md,-75.081806,38.343768,4.3841705322265625,4,3.5,False,0.105,low
8f9d4952-3bed-4758-9c6a-a58a182de3e7,ocean-city-md,-75.081246,38.344078,4.750146389007568,4,3.5,False,0.105,low
e4274255-0489-499e-85bf-c689db6821e5,ocean-city-md,-75.081306,38.343592,,5,4.5,False,0.135,low
11016b82-875c-4496-ab62-5095dbca6645,ocean-city-md,-75.081599,38.343257,5.604108810424805,5,4.5,False,0.135,low
a9da6c35-d83a-4576-8307-41caeec9918e,ocean-city-md,-75.081507,38.343375,5.209649562835693,4,3.5,False,0.105,low
a44cea1b-bf68-49c3-bed7-a24256494f0d,ocean-city-md,-75.081937,38.343451,,4,3.5,False,0.105,low
e849051d-a8b1-459c-b116-dc8a029a87ed,ocean-city-md,-75.082238,38.343521,,4,3.5,False,0.105,low
2b849703-12c9-44d2-8543-c856fd400bad,ocean-city-md,-75.082277,38.343353,4.93474817276001,5,4.5,False,0.135,low
8337d97f-9a93-4abd-8d56-9e11457ef302,ocean-city-md,-75.082123,38.343182,5.384709358215332,5,4.5,False,0.135,low
f2bd620c-8ff1-4268-9696-62e0df38bc82,ocean-city-md,-75.082161,38.343029,3.3708655834198,6,5.5,False,0.165,low
b2bdea63-bd5e-4fe8-a3fe-aff1ff3e54ae,ocean-city-md,-75.081781,38.343102,5.349545001983643,5,4.5,False,0.135,low
e3e6d7cb-d80a-4e84-a06a-81986cc68067,ocean-city-md,-75.08181,38.342897,4.980279922485352,3,2.5,False,0.075,low
9e859c27-0b5c-4220-b077-5830fdf50a38,ocean-city-md,-75.081842,38.342755,4.240612030029297,5,4.5,False,0.135,low
a20ca25a-2b59-4f55-93d8-7c83be4fda06,ocean-city-md,-75.082044,38.342815,,5,4.5,False,0.135,low
3b28600a-6211-4b8e-bf8d-af6e353bc645,ocean-city-md,-75.082218,38.342899,,6,5.5,False,0.165,low
72dbce97-d03d-4c39-aa81-03dde35bd882,ocean-city-md,-75.082133,38.342355,4.810447692871094,4,3.5,False,0.105,low
c48a0e2a-5e10-4004-a82e-b0f6f4abc98d,ocean-city-md,-75.081987,38.342487,4.156585216522217,4,3.5,False,0.105,low
ac9760ef-6459-44b7-a6bc-259840be62a8,ocean-city-md,-75.081216,38.342547,4.578303337097168,4,3.5,False,0.105,low
220047a1-c175-4b02-8b6c-926221a2b5a8,ocean-city-md,-75.080771,38.342405,,4,3.5,False,0.105,low
d20187a8-62ac-4365-b88f-5014db07eb4f,ocean-city-md,-75.080901,38.342436,3.504420757293701,4,3.5,False,0.105,low
789d534c-bbb4-41a3-ac3d-3bb3e47ab800,ocean-city-md,-75.080635,38.342342,3.4844887256622314,3,2.5,False,0.075,low
1347edbe-e407-4b26-88a8-767105519437,ocean-city-md,-75.080527,38.342581,2.1147708892822266,3,2.5,False,0.075,low
acaac642-886d-4305-b5e4-d8f6e48da1df,ocean-city-md,-75.080663,38.342771,5.479732036590576,3,2.5,False,0.075,low
1cd17097-2e7c-40ad-af2d-92bde22b7f10,ocean-city-md,-75.080455,38.342708,3.2103404998779297,3,2.5,False,0.075,low
6a03460c-aeae-447e-be80-a26abd579f3f,ocean-city-md,-75.080876,38.34289,3.5183846950531006,4,3.5,False,0.105,low
57ce34b6-fe3c-4efd-8aeb-8a760fb8dee4,ocean-city-md,-75.080794,38.343291,4.63979434967041,3,2.5,False,0.075,low
e0a25b52-805c-419a-961e-2472cb336dc5,ocean-city-md,-75.080808,38.343444,4.525495529174805,4,3.5,False,0.105,low
4dec463f-7ff5-4dcd-9470-1413acc9ec24,ocean-city-md,-75.080468,38.343634,2.867917060852051,4,3.5,False,0.105,low
124ca209-8d77-4e86-baef-8825fd454fec,ocean-city-md,-75.080314,38.34301,5.001407623291016,3,2.5,False,0.075,low
c90f36bf-90a4-4af7-ad15-06cea082bd5a,ocean-city-md,-75.080182,38.343229,5.2374420166015625,1,0.5,False,0.015,low
a4be7d92-468d-4882-8aa5-6579e880bdf6,ocean-city-md,-75.080446,38.343181,4.449944019317627,4,3.5,False,0.105,low
e2203970-f5b1-4128-83b4-ca6f91ad233e,ocean-city-md,-75.080413,38.343316,5.390070915222168,4,3.5,False,0.105,low
8f2e9f0e-a3e3-40a4-94e4-ef5a750f9ef3,ocean-city-md,-75.080278,38.343552,3.3656625747680664,5,4.5,False,0.135,low
43ed20fa-31ac-433b-bfd0-c6ffadb715fc,ocean-city-md,-75.080059,38.343479,4.4345598220825195,4,3.5,False,0.105,low
c5403f04-6aab-40f2-af92-9c19abd45e4d,ocean-city-md,-75.079989,38.343608,4.839780330657959,3,2.5,False,0.075,low
21ee5576-cced-4c07-b216-f23860b58c2a,ocean-city-md,-75.079906,38.342694,6.0802717208862305,2,1.5,False,0.045,low
3b3d2296-de16-41a2-aecd-f54c739d0a76,ocean-city-md,-75.08043,38.342833,4.715748310089111,3,2.5,False,0.075,low
7f7b6680-0619-4639-af51-514887160d6f,ocean-city-md,-75.080124,38.342306,3.9300971031188965,3,2.5,False,0.075,low
ecac2f94-7cb0-45da-8f64-403e413d60de,ocean-city-md,-75.080017,38.342429,6.329094409942627,2,1.5,False,0.045,low
ef6e00db-fcfe-47f8-922b-b6f1f030125e,ocean-city-md,-75.079959,38.342551,6.2547807693481445,2,1.5,False,0.045,low
25adf2d8-f2e4-4f8c-8f41-ab2321887c3b,ocean-city-md,-75.08003,38.341839,6.23512601852417,2,1.5,False,0.045,low
74d1c95d-d802-49f8-8d36-4297d8a67209,ocean-city-md,-75.080171,38.341884,6.576431751251221,2,1.5,False,0.045,low
442c3fe8-3083-451c-bcd4-c1cedeed65ba,ocean-city-md,-75.080287,38.341699,,2,1.5,False,0.045,low
6aae1ff6-29b6-44f0-a44e-6f11f71ca36b,ocean-city-md,-75.080347,38.341947,4.641806125640869,3,2.5,False,0.075,low
13982e17-dbe1-4a45-9c91-c50a857d5778,ocean-city-md,-75.080987,38.342131,4.441598892211914,3,2.5,False,0.075,low
f95bedb9-a61b-493c-a28e-67d8d47d4757,ocean-city-md,-75.080775,38.342058,5.746459484100342,3,2.5,False,0.075,low
086bdcae-7cb2-491a-838e-67e82c99e7e9,ocean-city-md,-75.081009,38.341869,7.772841453552246,4,3.5,False,0.105,low
366a959e-bd14-48d6-afd1-0d71e9e58426,ocean-city-md,-75.080979,38.341701,6.623103618621826,3,2.5,False,0.075,low
44288cdb-b4fe-4b69-8a3d-4c63da7e7d5b,ocean-city-md,-75.081078,38.341566,5.625046730041504,3,2.5,False,0.075,low
5362ef95-92e0-4802-8442-a613a4fbb15f,ocean-city-md,-75.080521,38.341402,,2,1.5,False,0.045,low
35064e20-fd46-4b89-85a4-53127cf513d2,ocean-city-md,-75.080634,38.341441,5.524350643157959,3,2.5,False,0.075,low
dfe7d620-952d-41e8-96f6-cbe8f42d112e,ocean-city-md,-75.080808,38.341038,4.566748142242432,3,2.5,False,0.075,low
56b9d996-52be-4997-8a2c-0845bca6b96f,ocean-city-md,-75.080878,38.340923,4.684059143066406,3,2.5,False,0.075,low
7d1f8375-c1cf-452e-b039-43b7d8354261,ocean-city-md,-75.080706,38.340902,,3,2.5,False,0.075,low
925e5403-338c-4026-82d1-b437073a7e31,ocean-city-md,-75.080732,38.341175,5.850200176239014,2,1.5,False,0.045,low
651e7841-3d51-4944-a179-63ee5847bc7e,ocean-city-md,-75.080565,38.341093,,3,2.5,False,0.075,low
6ef078ce-f6e1-4fa3-be6d-8773d2e62d93,ocean-city-md,-75.08028,38.34101,6.716689109802246,3,2.5,False,0.075,low
94a71b54-9069-47a4-8683-bafb4f890e6d,ocean-city-md,-75.080418,38.341055,6.27119255065918,3,2.5,False,0.075,low
22801899-d263-4038-805b-dfd74653fdba,ocean-city-md,-75.08042,38.341367,,2,1.5,False,0.045,low
4dc4e783-808a-4817-9e6c-e1568b5ec7e1,ocean-city-md,-75.080281,38.341323,,2,1.5,False,0.045,low
f6ae9813-9d9a-4e2e-9668-1b89fe8bd932,ocean-city-md,-75.07998,38.341227,,0,0.0,False,0.0,none
111fc017-562d-4650-8456-683da8614eba,ocean-city-md,-75.079866,38.341341,,1,0.5,False,0.015,low
42a36ba8-f162-49fe-9d2a-2bf78e5ca86e,ocean-city-md,-75.08005,38.34095,6.551193714141846,4,3.5,False,0.105,low
c9aeed01-8f45-4b36-84e5-af4f908e7171,ocean-city-md,-75.080092,38.340802,,1,0.5,False,0.015,low
c0776fab-dd5b-4646-aebb-c1000b67d3ca,ocean-city-md,-75.080191,38.340688,6.467113018035889,1,0.5,False,0.015,low
377cf58d-df28-49b9-9347-ce0c4dd5b634,ocean-city-md,-75.080231,38.340554,,2,1.5,False,0.045,low
ddc46a4b-81cc-4794-800f-74d621018399,ocean-city-md,-75.080559,38.340075,6.2952880859375,2,1.5,False,0.045,low
90684def-97d1-4a69-ab4c-04717eada32c,ocean-city-md,-75.080647,38.339954,,0,0.0,False,0.0,none
c8364b7e-f7b6-421d-9a40-35eba8e3c7bf,ocean-city-md,-75.08047,38.339445,,0,0.0,False,0.0,none
a8e306d0-c319-4ee4-a351-3d06cbaef9ac,ocean-city-md,-75.080657,38.339737,,0,0.0,False,0.0,none
f54b76d6-b292-404e-8dd8-24f5fce7f60d,ocean-city-md,-75.081068,38.33981,,2,1.5,False,0.045,low
744ad51c-685a-490a-be80-f76d6ca23ac9,ocean-city-md,-75.080917,38.340086,,2,1.5,False,0.045,low
fa93d5e2-cfb1-4a7e-b7bc-3ec94e60ed26,ocean-city-md,-75.080478,38.340281,,1,0.5,False,0.015,low
9e1c0990-5cb9-4004-9c29-4778ee739065,ocean-city-md,-75.080457,38.340699,7.398388862609863,2,1.5,False,0.045,low
44fc9f56-781b-4836-aaa2-bbd1846b44f4,ocean-city-md,-75.080756,38.340765,5.318933963775635,3,2.5,False,0.075,low
e66dd578-f6ad-4f6e-86b9-db0ddd57a87f,ocean-city-md,-75.08097,38.340788,,3,2.5,False,0.075,low
2037d93b-a04c-477a-9d35-ccbdce778eb4,ocean-city-md,-75.08151,38.340704,5.160094738006592,3,2.5,False,0.075,low
7e67b59d-2541-41ee-b5b9-165910ff4978,ocean-city-md,-75.081694,38.340762,,4,3.5,False,0.105,low
f12d9670-2112-4ad8-badf-f49744c15ac5,ocean-city-md,-75.081555,38.340588,5.298285007476807,2,1.5,False,0.045,low
9485c180-d31d-4664-9829-908ef6511dff,ocean-city-md,-75.081634,38.340462,7.664802551269531,3,2.5,False,0.075,low
dc0a6839-1dee-4c4b-9a81-a0e643ef1ec7,ocean-city-md,-75.081198,38.340148,6.4350905418396,2,1.5,False,0.045,low
edff4700-80f5-4adc-bb4e-71a456a8b204,ocean-city-md,-75.081378,38.339907,6.663123607635498,2,1.5,False,0.045,low
fff4d849-8118-4fdc-88ea-657de427416c,ocean-city-md,-75.081191,38.339904,,3,2.5,False,0.075,low
a3da1eea-d5a6-4800-bf9d-f163ccddc300,ocean-city-md,-75.081869,38.340076,5.095296382904053,2,1.5,False,0.045,low
fc39b57b-63c3-4012-b30f-ea0bfffbba1e,ocean-city-md,-75.08205,38.33969,4.384165287017822,4,3.5,False,0.105,low
79c73e93-09fb-42c4-b03b-76b55589f643,ocean-city-md,-75.082215,38.339449,,4,3.5,False,0.105,low
15ee7f8d-d076-4d4c-a25d-f2665e3bdd27,ocean-city-md,-75.082343,38.339683,,4,3.5,False,0.105,low
02fc03a1-7e24-4222-be61-6398aca79154,ocean-city-md,-75.082116,38.339852,8.50784683227539,3,2.5,False,0.075,low
